timestamp,case_id,category,noise_mode,noise_level,corpus_chunks,corpus_docs,run,retrieval_hit,error_type,unanswerable,expected_document,retrieved_documents,retrieval_precision,retrieval_recall,chunks_retrieved,chunks_expected,top_similarity,avg_similarity,confusable_in_topk,retrieved_chunk_ids,tokens_in,tokens_out,retrieval_time_ms,generation_time_ms,total_time_ms,embedding_backend,generation_skipped,expected_answer,actual_answer,quality_rating
2026-09-09T18:17:01,LOHN_01,lohn,unrelated,10,56,24,1,False,falsche_stelle,False,offerte_01_lohn_gross_anon,offerte_01_lohn_gross_anon|offerte_14_buchhaltung_klein_anon|offerte_12_lohn_reinigung_anon,0.0,0.0,3,1,0.7905,0.778,0,offerte_01_lohn_gross_anon_chunk_0|offerte_14_buchhaltung_klein_anon_chunk_0|offerte_12_lohn_reinigung_anon_chunk_0,0,0,2.78,0.0,2.78,ollama,True,CHF 680,,
2026-09-09T18:17:01,BUCH_01,buchhaltung,unrelated,10,56,24,1,True,richtig,False,offerte_01_lohn_gross_anon,offerte_01_lohn_gross_anon|offerte_14_buchhaltung_klein_anon|offerte_08_gruendung_vr_anon,0.3333,1.0,3,1,0.6493,0.6429,0,offerte_01_lohn_gross_anon_chunk_1|offerte_14_buchhaltung_klein_anon_chunk_1|offerte_08_gruendung_vr_anon_chunk_2,0,0,2.78,0.0,2.78,ollama,True,CHF 12'750 - 15'300,,
2026-09-09T18:17:01,MWST_01,mwst,unrelated,10,56,24,1,False,falsche_stelle,False,offerte_01_lohn_gross_anon,offerte_01_lohn_gross_anon|offerte_14_buchhaltung_klein_anon|offerte_12_lohn_reinigung_anon,0.0,0.0,3,1,0.7884,0.7667,0,offerte_01_lohn_gross_anon_chunk_0|offerte_14_buchhaltung_klein_anon_chunk_0|offerte_12_lohn_reinigung_anon_chunk_0,0,0,2.78,0.0,2.78,ollama,True,CHF 1'300,,
2026-09-09T18:17:01,STEU_01,steuern,unrelated,10,56,24,1,False,falsche_stelle,False,offerte_01_lohn_gross_anon,offerte_01_lohn_gross_anon|offerte_14_buchhaltung_klein_anon|offerte_12_lohn_reinigung_anon,0.0,0.0,3,1,0.773,0.7444,0,offerte_01_lohn_gross_anon_chunk_0|offerte_14_buchhaltung_klein_anon_chunk_0|offerte_12_lohn_reinigung_anon_chunk_0,0,0,2.75,0.0,2.75,ollama,True,CHF 850,,
2026-09-09T18:17:01,SETUP_01,setup,unrelated,10,56,24,1,False,falsche_stelle,False,offerte_01_lohn_gross_anon,offerte_01_lohn_gross_anon|offerte_14_buchhaltung_klein_anon|offerte_12_lohn_reinigung_anon,0.0,0.0,3,1,0.7224,0.6967,0,offerte_01_lohn_gross_anon_chunk_0|offerte_14_buchhaltung_klein_anon_chunk_0|offerte_12_lohn_reinigung_anon_chunk_0,0,0,2.78,0.0,2.78,ollama,True,CHF 420,,
2026-09-09T18:17:01,SETUP_02,setup,unrelated,10,56,24,1,False,falsche_stelle,False,offerte_01_lohn_gross_anon,offerte_01_lohn_gross_anon|offerte_14_buchhaltung_klein_anon|offerte_12_lohn_reinigung_anon,0.0,0.0,3,1,0.7594,0.7247,0,offerte_01_lohn_gross_anon_chunk_0|offerte_14_buchhaltung_klein_anon_chunk_0|offerte_12_lohn_reinigung_anon_chunk_0,0,0,2.76,0.0,2.76,ollama,True,CHF 640,,
2026-09-09T18:17:01,RATE_01,stundensatz,unrelated,10,56,24,1,True,richtig,False,offerte_01_lohn_gross_anon,offerte_01_lohn_gross_anon|offerte_14_buchhaltung_klein_anon|offerte_04_revision_anon,0.3333,1.0,3,1,0.7751,0.7647,0,offerte_01_lohn_gross_anon_chunk_0|offerte_14_buchhaltung_klein_anon_chunk_0|offerte_04_revision_anon_chunk_0,0,0,2.75,0.0,2.75,ollama,True,CHF 140,,
2026-09-09T18:17:01,BUCH_02,buchhaltung,unrelated,10,56,24,1,False,falsches_dokument,False,offerte_02_accounting_intl_anon,offerte_05_stiftung_audit_anon|offerte_07_gruendung_domizil_anon|offerte_11_swiss_finish_anon,0.0,0.0,3,1,0.6578,0.6541,0,offerte_05_stiftung_audit_anon_chunk_2|offerte_07_gruendung_domizil_anon_chunk_1|offerte_11_swiss_finish_anon_chunk_1,0,0,2.79,0.0,2.79,ollama,True,CHF 1'700 - 2'100,,
2026-09-09T18:17:01,LOHN_02,lohn,unrelated,10,56,24,1,False,falsche_stelle,False,offerte_02_accounting_intl_anon,offerte_03_accounting_branch_anon|offerte_11_swiss_finish_anon|offerte_02_accounting_intl_anon,0.0,0.0,3,1,0.6099,0.6079,0,offerte_03_accounting_branch_anon_chunk_0|offerte_11_swiss_finish_anon_chunk_0|offerte_02_accounting_intl_anon_chunk_0,0,0,2.77,0.0,2.77,ollama,True,CHF 1'000,,
2026-09-09T18:17:01,SETUP_03,setup,unrelated,10,56,24,1,False,falsche_stelle,False,offerte_02_accounting_intl_anon,offerte_02_accounting_intl_anon|offerte_07_gruendung_domizil_anon|offerte_13_holding_spaltung_anon,0.0,0.0,3,1,0.6348,0.6307,0,offerte_02_accounting_intl_anon_chunk_0|offerte_07_gruendung_domizil_anon_chunk_1|offerte_13_holding_spaltung_anon_chunk_2,0,0,2.76,0.0,2.76,ollama,True,CHF 1'300,,
2026-09-09T18:17:01,MWST_02,mwst,unrelated,10,56,24,1,False,falsche_stelle,False,offerte_02_accounting_intl_anon,offerte_02_accounting_intl_anon|offerte_07_gruendung_domizil_anon|offerte_11_swiss_finish_anon,0.0,0.0,3,1,0.6487,0.6444,0,offerte_02_accounting_intl_anon_chunk_0|offerte_07_gruendung_domizil_anon_chunk_1|offerte_11_swiss_finish_anon_chunk_0,0,0,2.79,0.0,2.79,ollama,True,CHF 850,,
2026-09-09T18:17:01,VERS_01,versicherung,unrelated,10,56,24,1,False,falsche_stelle,False,offerte_02_accounting_intl_anon,offerte_11_swiss_finish_anon|offerte_02_accounting_intl_anon|offerte_03_accounting_branch_anon,0.0,0.0,3,1,0.6259,0.6231,0,offerte_11_swiss_finish_anon_chunk_0|offerte_02_accounting_intl_anon_chunk_0|offerte_03_accounting_branch_anon_chunk_0,0,0,2.65,0.0,2.65,ollama,True,CHF 850 - 1'700,,
2026-09-09T18:17:01,BUCH_03,buchhaltung,unrelated,10,56,24,1,False,falsche_stelle,False,offerte_03_accounting_branch_anon,offerte_03_accounting_branch_anon|offerte_13_holding_spaltung_anon|offerte_07_gruendung_domizil_anon,0.0,0.0,3,1,0.6963,0.6801,0,offerte_03_accounting_branch_anon_chunk_0|offerte_13_holding_spaltung_anon_chunk_2|offerte_07_gruendung_domizil_anon_chunk_1,0,0,2.71,0.0,2.71,ollama,True,CHF 3'400 - 3'800,,
2026-09-09T18:17:01,SETUP_04,setup,unrelated,10,56,24,1,False,falsche_stelle,False,offerte_03_accounting_branch_anon,offerte_03_accounting_branch_anon|offerte_13_holding_spaltung_anon|offerte_02_accounting_intl_anon,0.0,0.0,3,1,0.6634,0.6267,0,offerte_03_accounting_branch_anon_chunk_0|offerte_13_holding_spaltung_anon_chunk_0|offerte_02_accounting_intl_anon_chunk_0,0,0,2.8,0.0,2.8,ollama,True,CHF 1'300,,
2026-09-09T18:17:01,STEU_02,steuern,unrelated,10,56,24,1,False,falsche_stelle,False,offerte_03_accounting_branch_anon,offerte_03_accounting_branch_anon|offerte_13_holding_spaltung_anon,0.0,0.0,3,1,0.6383,0.6276,0,offerte_03_accounting_branch_anon_chunk_0|offerte_13_holding_spaltung_anon_chunk_2|offerte_13_holding_spaltung_anon_chunk_0,0,0,2.77,0.0,2.77,ollama,True,CHF 850,,
2026-09-09T18:17:01,REV_01,revision,unrelated,10,56,24,1,True,richtig,False,offerte_04_revision_anon,offerte_04_revision_anon|offerte_01_lohn_gross_anon|offerte_14_buchhaltung_klein_anon,0.3333,1.0,3,1,0.8388,0.7525,0,offerte_04_revision_anon_chunk_0|offerte_01_lohn_gross_anon_chunk_0|offerte_14_buchhaltung_klein_anon_chunk_0,0,0,2.75,0.0,2.75,ollama,True,CHF 3'250,,
2026-09-09T18:17:01,REV_02,revision,unrelated,10,56,24,1,True,richtig,False,offerte_04_revision_anon,offerte_04_revision_anon|offerte_14_buchhaltung_klein_anon|noise_fristen_0173,0.3333,1.0,3,1,0.6255,0.6204,0,offerte_04_revision_anon_chunk_0|offerte_14_buchhaltung_klein_anon_chunk_0|noise_fristen_0173_chunk_1,0,0,2.77,0.0,2.77,ollama,True,CHF 1'300,,
2026-09-09T18:17:01,AUD_01,revision,unrelated,10,56,24,1,True,richtig,False,offerte_05_stiftung_audit_anon,offerte_05_stiftung_audit_anon|offerte_07_gruendung_domizil_anon,0.3333,1.0,3,1,0.6236,0.6012,0,offerte_05_stiftung_audit_anon_chunk_0|offerte_05_stiftung_audit_anon_chunk_2|offerte_07_gruendung_domizil_anon_chunk_1,0,0,2.69,0.0,2.69,ollama,True,CHF 1'550 - 2'100,,
2026-09-09T18:17:01,AUD_02,revision,unrelated,10,56,24,1,True,richtig,False,offerte_05_stiftung_audit_anon,offerte_05_stiftung_audit_anon|offerte_07_gruendung_domizil_anon,0.3333,1.0,3,1,0.6687,0.6471,0,offerte_05_stiftung_audit_anon_chunk_2|offerte_05_stiftung_audit_anon_chunk_0|offerte_07_gruendung_domizil_anon_chunk_1,0,0,2.75,0.0,2.75,ollama,True,CHF 3'800 - 4'700,,
2026-09-09T18:17:01,LOHN_03,lohn,unrelated,10,56,24,1,False,falsche_stelle,False,offerte_05_stiftung_audit_anon,offerte_05_stiftung_audit_anon|offerte_02_accounting_intl_anon|offerte_03_accounting_branch_anon,0.0,0.0,3,1,0.6248,0.6197,0,offerte_05_stiftung_audit_anon_chunk_0|offerte_02_accounting_intl_anon_chunk_2|offerte_03_accounting_branch_anon_chunk_0,0,0,2.79,0.0,2.79,ollama,True,CHF 760,,
2026-09-09T18:17:01,GRUE_01,gruendung,unrelated,10,56,24,1,True,richtig,False,offerte_06_gruendung_klein_anon,noise_handelsregister_0041|offerte_06_gruendung_klein_anon,0.3333,1.0,3,1,0.6786,0.6774,0,noise_handelsregister_0041_chunk_1|noise_handelsregister_0041_chunk_0|offerte_06_gruendung_klein_anon_chunk_0,0,0,2.79,0.0,2.79,ollama,True,CHF 1'700,,
2026-09-09T18:17:01,BUCH_04,buchhaltung,unrelated,10,56,24,1,False,falsches_dokument,False,offerte_06_gruendung_klein_anon,offerte_01_lohn_gross_anon|offerte_08_gruendung_vr_anon|offerte_14_buchhaltung_klein_anon,0.0,0.0,3,1,0.6856,0.6667,0,offerte_01_lohn_gross_anon_chunk_1|offerte_08_gruendung_vr_anon_chunk_2|offerte_14_buchhaltung_klein_anon_chunk_1,0,0,2.74,0.0,2.74,ollama,True,CHF 1'700 - 2'550,,
2026-09-09T18:17:01,VERS_02,versicherung,unrelated,10,56,24,1,False,falsche_stelle,False,offerte_06_gruendung_klein_anon,offerte_12_lohn_reinigung_anon|offerte_14_buchhaltung_klein_anon|offerte_06_gruendung_klein_anon,0.0,0.0,3,1,0.674,0.6603,0,offerte_12_lohn_reinigung_anon_chunk_0|offerte_14_buchhaltung_klein_anon_chunk_0|offerte_06_gruendung_klein_anon_chunk_0,0,0,2.79,0.0,2.79,ollama,True,CHF 210,,
2026-09-09T18:17:01,GRUE_02,gruendung,unrelated,10,56,24,1,True,richtig,False,offerte_07_gruendung_domizil_anon,offerte_07_gruendung_domizil_anon|offerte_09_domizil_beratung_anon|offerte_13_holding_spaltung_anon,0.3333,1.0,3,1,0.6324,0.6078,0,offerte_07_gruendung_domizil_anon_chunk_1|offerte_09_domizil_beratung_anon_chunk_2|offerte_13_holding_spaltung_anon_chunk_2,0,0,2.67,0.0,2.67,ollama,True,CHF 2'100,,
2026-09-09T18:17:01,VR_01,verwaltungsrat,unrelated,10,56,24,1,False,falsches_dokument,False,offerte_07_gruendung_domizil_anon,offerte_11_swiss_finish_anon|offerte_09_domizil_beratung_anon|offerte_02_accounting_intl_anon,0.0,0.0,3,1,0.6273,0.6115,0,offerte_11_swiss_finish_anon_chunk_1|offerte_09_domizil_beratung_anon_chunk_2|offerte_02_accounting_intl_anon_chunk_2,0,0,2.74,0.0,2.74,ollama,True,CHF 4'250,,
2026-09-09T18:17:01,DOM_01,domizil,unrelated,10,56,24,1,False,falsches_dokument,False,offerte_07_gruendung_domizil_anon,offerte_09_domizil_beratung_anon|offerte_11_swiss_finish_anon|offerte_03_accounting_branch_anon,0.0,0.0,3,1,0.6543,0.6379,0,offerte_09_domizil_beratung_anon_chunk_0|offerte_11_swiss_finish_anon_chunk_1|offerte_03_accounting_branch_anon_chunk_0,0,0,2.76,0.0,2.76,ollama,True,CHF 1'700,,
2026-09-09T18:17:01,VR_02,verwaltungsrat,unrelated,10,56,24,1,False,falsche_stelle,False,offerte_08_gruendung_vr_anon,offerte_08_gruendung_vr_anon|offerte_06_gruendung_klein_anon|offerte_01_lohn_gross_anon,0.0,0.0,3,1,0.6664,0.6562,0,offerte_08_gruendung_vr_anon_chunk_0|offerte_06_gruendung_klein_anon_chunk_0|offerte_01_lohn_gross_anon_chunk_0,0,0,2.75,0.0,2.75,ollama,True,CHF 5'500,,
2026-09-09T18:17:01,DOM_02,domizil,unrelated,10,56,24,1,True,richtig,False,offerte_08_gruendung_vr_anon,offerte_08_gruendung_vr_anon|offerte_01_lohn_gross_anon|offerte_12_lohn_reinigung_anon,0.3333,1.0,3,1,0.7624,0.7348,0,offerte_08_gruendung_vr_anon_chunk_0|offerte_01_lohn_gross_anon_chunk_0|offerte_12_lohn_reinigung_anon_chunk_0,0,0,2.74,0.0,2.74,ollama,True,CHF 2'100,,
2026-09-09T18:17:01,DOM_03,domizil,unrelated,10,56,24,1,False,falsche_stelle,False,offerte_09_domizil_beratung_anon,offerte_09_domizil_beratung_anon|offerte_03_accounting_branch_anon|offerte_13_holding_spaltung_anon,0.0,0.0,3,1,0.6605,0.6395,0,offerte_09_domizil_beratung_anon_chunk_0|offerte_03_accounting_branch_anon_chunk_0|offerte_13_holding_spaltung_anon_chunk_0,0,0,24.22,0.0,24.22,ollama,True,CHF 1'300,,
2026-09-09T18:17:01,DOM_04,domizil,unrelated,10,56,24,1,False,falsche_stelle,False,offerte_09_domizil_beratung_anon,offerte_09_domizil_beratung_anon|offerte_03_accounting_branch_anon|offerte_13_holding_spaltung_anon,0.0,0.0,3,1,0.6398,0.6158,0,offerte_09_domizil_beratung_anon_chunk_0|offerte_03_accounting_branch_anon_chunk_0|offerte_13_holding_spaltung_anon_chunk_0,0,0,23.77,0.0,23.77,ollama,True,CHF 3'400,,
2026-09-09T18:17:01,VR_03,verwaltungsrat,unrelated,10,56,24,1,False,falsche_stelle,False,offerte_09_domizil_beratung_anon,offerte_09_domizil_beratung_anon|offerte_07_gruendung_domizil_anon|offerte_03_accounting_branch_anon,0.0,0.0,3,1,0.6398,0.6298,0,offerte_09_domizil_beratung_anon_chunk_0|offerte_07_gruendung_domizil_anon_chunk_0|offerte_03_accounting_branch_anon_chunk_0,0,0,17.97,0.0,17.97,ollama,True,CHF 4'250,,
2026-09-09T18:17:01,BUCH_05,buchhaltung,unrelated,10,56,24,1,False,falsches_dokument,False,offerte_09_domizil_beratung_anon,offerte_05_stiftung_audit_anon|offerte_07_gruendung_domizil_anon|offerte_11_swiss_finish_anon,0.0,0.0,3,1,0.6524,0.6453,0,offerte_05_stiftung_audit_anon_chunk_2|offerte_07_gruendung_domizil_anon_chunk_1|offerte_11_swiss_finish_anon_chunk_1,0,0,23.71,0.0,23.71,ollama,True,CHF 3'400 - 3'800,,
2026-09-09T18:17:01,BUCH_06,buchhaltung,unrelated,10,56,24,1,False,falsches_dokument,False,offerte_10_accounting_medtech_anon,offerte_07_gruendung_domizil_anon|offerte_05_stiftung_audit_anon|offerte_11_swiss_finish_anon,0.0,0.0,3,1,0.6766,0.6671,0,offerte_07_gruendung_domizil_anon_chunk_1|offerte_05_stiftung_audit_anon_chunk_2|offerte_11_swiss_finish_anon_chunk_0,0,0,26.06,0.0,26.06,ollama,True,CHF 3'400 - 3'800,,
2026-09-09T18:17:01,LOHN_04,lohn,unrelated,10,56,24,1,False,falsches_dokument,False,offerte_10_accounting_medtech_anon,offerte_11_swiss_finish_anon|offerte_03_accounting_branch_anon|offerte_09_domizil_beratung_anon,0.0,0.0,3,1,0.618,0.6146,0,offerte_11_swiss_finish_anon_chunk_0|offerte_03_accounting_branch_anon_chunk_0|offerte_09_domizil_beratung_anon_chunk_2,0,0,14.48,0.0,14.48,ollama,True,CHF 1'000,,
2026-09-09T18:17:01,BUCH_07,buchhaltung,unrelated,10,56,24,1,False,falsche_stelle,False,offerte_11_swiss_finish_anon,offerte_11_swiss_finish_anon|offerte_03_accounting_branch_anon|offerte_05_stiftung_audit_anon,0.0,0.0,3,1,0.733,0.7196,0,offerte_11_swiss_finish_anon_chunk_1|offerte_03_accounting_branch_anon_chunk_1|offerte_05_stiftung_audit_anon_chunk_1,0,0,15.03,0.0,15.03,ollama,True,CHF 210,,
2026-09-09T18:17:01,MWST_03,mwst,unrelated,10,56,24,1,False,falsche_stelle,False,offerte_11_swiss_finish_anon,offerte_11_swiss_finish_anon|offerte_07_gruendung_domizil_anon|offerte_03_accounting_branch_anon,0.0,0.0,3,1,0.6868,0.6577,0,offerte_11_swiss_finish_anon_chunk_0|offerte_07_gruendung_domizil_anon_chunk_1|offerte_03_accounting_branch_anon_chunk_0,0,0,15.45,0.0,15.45,ollama,True,CHF 2'550,,
2026-09-09T18:17:01,SETUP_05,setup,unrelated,10,56,24,1,False,falsche_stelle,False,offerte_11_swiss_finish_anon,offerte_11_swiss_finish_anon|offerte_13_holding_spaltung_anon|offerte_09_domizil_beratung_anon,0.0,0.0,3,1,0.6062,0.5859,0,offerte_11_swiss_finish_anon_chunk_0|offerte_13_holding_spaltung_anon_chunk_2|offerte_09_domizil_beratung_anon_chunk_2,0,0,15.32,0.0,15.32,ollama,True,CHF 340,,
2026-09-09T18:17:01,BUCH_08,buchhaltung,unrelated,10,56,24,1,False,falsche_stelle,False,offerte_12_lohn_reinigung_anon,offerte_01_lohn_gross_anon|offerte_14_buchhaltung_klein_anon|offerte_12_lohn_reinigung_anon,0.0,0.0,3,1,0.7331,0.7218,0,offerte_01_lohn_gross_anon_chunk_0|offerte_14_buchhaltung_klein_anon_chunk_0|offerte_12_lohn_reinigung_anon_chunk_0,0,0,18.36,0.0,18.36,ollama,True,CHF 2'550 - 3'000,,
2026-09-09T18:17:01,LOHN_05,lohn,unrelated,10,56,24,1,False,falsche_stelle,False,offerte_12_lohn_reinigung_anon,offerte_01_lohn_gross_anon|offerte_12_lohn_reinigung_anon|offerte_14_buchhaltung_klein_anon,0.0,0.0,3,1,0.7668,0.7586,0,offerte_01_lohn_gross_anon_chunk_0|offerte_12_lohn_reinigung_anon_chunk_0|offerte_14_buchhaltung_klein_anon_chunk_0,0,0,15.37,0.0,15.37,ollama,True,CHF 600 - 1'000,,
2026-09-09T18:17:01,SETUP_06,setup,unrelated,10,56,24,1,False,falsche_stelle,False,offerte_12_lohn_reinigung_anon,offerte_01_lohn_gross_anon|offerte_12_lohn_reinigung_anon|offerte_14_buchhaltung_klein_anon,0.0,0.0,3,1,0.7273,0.706,0,offerte_01_lohn_gross_anon_chunk_0|offerte_12_lohn_reinigung_anon_chunk_0|offerte_14_buchhaltung_klein_anon_chunk_0,0,0,15.09,0.0,15.09,ollama,True,CHF 420 - 640,,
2026-09-09T18:17:01,BUCH_09,buchhaltung,unrelated,10,56,24,1,False,falsches_dokument,False,offerte_13_holding_spaltung_anon,offerte_05_stiftung_audit_anon|offerte_07_gruendung_domizil_anon|offerte_11_swiss_finish_anon,0.0,0.0,3,1,0.6601,0.6558,0,offerte_05_stiftung_audit_anon_chunk_2|offerte_07_gruendung_domizil_anon_chunk_1|offerte_11_swiss_finish_anon_chunk_1,0,0,16.48,0.0,16.48,ollama,True,CHF 2'550 - 3'000,,
2026-09-09T18:17:01,SONST_01,sonstiges,unrelated,10,56,24,1,True,richtig,False,offerte_13_holding_spaltung_anon,offerte_13_holding_spaltung_anon|offerte_05_stiftung_audit_anon|offerte_07_gruendung_domizil_anon,0.3333,1.0,3,1,0.6525,0.6289,0,offerte_13_holding_spaltung_anon_chunk_2|offerte_05_stiftung_audit_anon_chunk_2|offerte_07_gruendung_domizil_anon_chunk_1,0,0,16.61,0.0,16.61,ollama,True,CHF 1'700,,
2026-09-09T18:17:01,BUCH_10,buchhaltung,unrelated,10,56,24,1,True,richtig,False,offerte_14_buchhaltung_klein_anon,offerte_14_buchhaltung_klein_anon|offerte_01_lohn_gross_anon|offerte_12_lohn_reinigung_anon,0.3333,1.0,3,1,0.6815,0.6746,0,offerte_14_buchhaltung_klein_anon_chunk_1|offerte_01_lohn_gross_anon_chunk_1|offerte_12_lohn_reinigung_anon_chunk_1,0,0,16.0,0.0,16.0,ollama,True,CHF 850 - 1'300,,
2026-09-09T18:17:01,STEU_03,steuern,unrelated,10,56,24,1,False,falsche_stelle,False,offerte_14_buchhaltung_klein_anon,offerte_01_lohn_gross_anon|offerte_14_buchhaltung_klein_anon|offerte_12_lohn_reinigung_anon,0.0,0.0,3,1,0.7572,0.7392,0,offerte_01_lohn_gross_anon_chunk_0|offerte_14_buchhaltung_klein_anon_chunk_0|offerte_12_lohn_reinigung_anon_chunk_0,0,0,18.35,0.0,18.35,ollama,True,CHF 640,,
2026-09-09T18:17:01,UNB_01,unbeantwortbar,unrelated,10,56,24,1,False,material_fuer_halluzination,True,,offerte_12_lohn_reinigung_anon|offerte_14_buchhaltung_klein_anon|offerte_01_lohn_gross_anon,0.0,0.0,3,0,0.6655,0.6593,0,offerte_12_lohn_reinigung_anon_chunk_0|offerte_14_buchhaltung_klein_anon_chunk_0|offerte_01_lohn_gross_anon_chunk_0,0,0,3.39,0.0,3.39,ollama,True,nicht in den Unterlagen,,
2026-09-09T18:17:01,UNB_02,unbeantwortbar,unrelated,10,56,24,1,False,material_fuer_halluzination,True,,offerte_01_lohn_gross_anon|offerte_08_gruendung_vr_anon|offerte_14_buchhaltung_klein_anon,0.0,0.0,3,0,0.6035,0.5952,0,offerte_01_lohn_gross_anon_chunk_0|offerte_08_gruendung_vr_anon_chunk_0|offerte_14_buchhaltung_klein_anon_chunk_0,0,0,3.34,0.0,3.34,ollama,True,nicht in den Unterlagen,,
2026-09-09T18:17:01,UNB_03,unbeantwortbar,unrelated,10,56,24,1,False,material_fuer_halluzination,True,,offerte_08_gruendung_vr_anon|offerte_14_buchhaltung_klein_anon|offerte_06_gruendung_klein_anon,0.0,0.0,3,0,0.6503,0.6324,0,offerte_08_gruendung_vr_anon_chunk_0|offerte_14_buchhaltung_klein_anon_chunk_0|offerte_06_gruendung_klein_anon_chunk_0,0,0,3.23,0.0,3.23,ollama,True,nicht in den Unterlagen,,
2026-09-09T18:17:01,UNB_04,unbeantwortbar,unrelated,10,56,24,1,False,material_fuer_halluzination,True,,offerte_14_buchhaltung_klein_anon|offerte_08_gruendung_vr_anon|offerte_12_lohn_reinigung_anon,0.0,0.0,3,0,0.6694,0.6641,0,offerte_14_buchhaltung_klein_anon_chunk_1|offerte_08_gruendung_vr_anon_chunk_0|offerte_12_lohn_reinigung_anon_chunk_1,0,0,3.18,0.0,3.18,ollama,True,nicht in den Unterlagen,,
2026-09-09T18:17:01,UNB_05,unbeantwortbar,unrelated,10,56,24,1,False,material_fuer_halluzination,True,,offerte_14_buchhaltung_klein_anon|offerte_01_lohn_gross_anon|offerte_12_lohn_reinigung_anon,0.0,0.0,3,0,0.6542,0.6495,0,offerte_14_buchhaltung_klein_anon_chunk_0|offerte_01_lohn_gross_anon_chunk_0|offerte_12_lohn_reinigung_anon_chunk_0,0,0,3.08,0.0,3.08,ollama,True,nicht in den Unterlagen,,
2026-09-09T18:17:05,LOHN_01,lohn,unrelated,10,56,24,2,False,falsche_stelle,False,offerte_01_lohn_gross_anon,offerte_01_lohn_gross_anon|offerte_14_buchhaltung_klein_anon|offerte_12_lohn_reinigung_anon,0.0,0.0,3,1,0.7905,0.778,0,offerte_01_lohn_gross_anon_chunk_0|offerte_14_buchhaltung_klein_anon_chunk_0|offerte_12_lohn_reinigung_anon_chunk_0,0,0,2.7,0.0,2.7,ollama,True,CHF 680,,
2026-09-09T18:17:05,BUCH_01,buchhaltung,unrelated,10,56,24,2,True,richtig,False,offerte_01_lohn_gross_anon,offerte_01_lohn_gross_anon|offerte_14_buchhaltung_klein_anon|offerte_08_gruendung_vr_anon,0.3333,1.0,3,1,0.6493,0.6429,0,offerte_01_lohn_gross_anon_chunk_1|offerte_14_buchhaltung_klein_anon_chunk_1|offerte_08_gruendung_vr_anon_chunk_2,0,0,2.76,0.0,2.76,ollama,True,CHF 12'750 - 15'300,,
2026-09-09T18:17:05,MWST_01,mwst,unrelated,10,56,24,2,False,falsche_stelle,False,offerte_01_lohn_gross_anon,offerte_01_lohn_gross_anon|offerte_14_buchhaltung_klein_anon|offerte_12_lohn_reinigung_anon,0.0,0.0,3,1,0.7884,0.7667,0,offerte_01_lohn_gross_anon_chunk_0|offerte_14_buchhaltung_klein_anon_chunk_0|offerte_12_lohn_reinigung_anon_chunk_0,0,0,2.78,0.0,2.78,ollama,True,CHF 1'300,,
2026-09-09T18:17:05,STEU_01,steuern,unrelated,10,56,24,2,False,falsche_stelle,False,offerte_01_lohn_gross_anon,offerte_01_lohn_gross_anon|offerte_14_buchhaltung_klein_anon|offerte_12_lohn_reinigung_anon,0.0,0.0,3,1,0.773,0.7444,0,offerte_01_lohn_gross_anon_chunk_0|offerte_14_buchhaltung_klein_anon_chunk_0|offerte_12_lohn_reinigung_anon_chunk_0,0,0,2.82,0.0,2.82,ollama,True,CHF 850,,
2026-09-09T18:17:05,SETUP_01,setup,unrelated,10,56,24,2,False,falsche_stelle,False,offerte_01_lohn_gross_anon,offerte_01_lohn_gross_anon|offerte_14_buchhaltung_klein_anon|offerte_12_lohn_reinigung_anon,0.0,0.0,3,1,0.7224,0.6967,0,offerte_01_lohn_gross_anon_chunk_0|offerte_14_buchhaltung_klein_anon_chunk_0|offerte_12_lohn_reinigung_anon_chunk_0,0,0,2.81,0.0,2.81,ollama,True,CHF 420,,
2026-09-09T18:17:05,SETUP_02,setup,unrelated,10,56,24,2,False,falsche_stelle,False,offerte_01_lohn_gross_anon,offerte_01_lohn_gross_anon|offerte_14_buchhaltung_klein_anon|offerte_12_lohn_reinigung_anon,0.0,0.0,3,1,0.7594,0.7247,0,offerte_01_lohn_gross_anon_chunk_0|offerte_14_buchhaltung_klein_anon_chunk_0|offerte_12_lohn_reinigung_anon_chunk_0,0,0,2.88,0.0,2.88,ollama,True,CHF 640,,
2026-09-09T18:17:05,RATE_01,stundensatz,unrelated,10,56,24,2,True,richtig,False,offerte_01_lohn_gross_anon,offerte_01_lohn_gross_anon|offerte_14_buchhaltung_klein_anon|offerte_04_revision_anon,0.3333,1.0,3,1,0.7751,0.7647,0,offerte_01_lohn_gross_anon_chunk_0|offerte_14_buchhaltung_klein_anon_chunk_0|offerte_04_revision_anon_chunk_0,0,0,2.83,0.0,2.83,ollama,True,CHF 140,,
2026-09-09T18:17:05,BUCH_02,buchhaltung,unrelated,10,56,24,2,False,falsches_dokument,False,offerte_02_accounting_intl_anon,offerte_05_stiftung_audit_anon|offerte_07_gruendung_domizil_anon|offerte_11_swiss_finish_anon,0.0,0.0,3,1,0.6578,0.6541,0,offerte_05_stiftung_audit_anon_chunk_2|offerte_07_gruendung_domizil_anon_chunk_1|offerte_11_swiss_finish_anon_chunk_1,0,0,2.81,0.0,2.81,ollama,True,CHF 1'700 - 2'100,,
2026-09-09T18:17:05,LOHN_02,lohn,unrelated,10,56,24,2,False,falsche_stelle,False,offerte_02_accounting_intl_anon,offerte_03_accounting_branch_anon|offerte_11_swiss_finish_anon|offerte_02_accounting_intl_anon,0.0,0.0,3,1,0.6099,0.6079,0,offerte_03_accounting_branch_anon_chunk_0|offerte_11_swiss_finish_anon_chunk_0|offerte_02_accounting_intl_anon_chunk_0,0,0,2.76,0.0,2.76,ollama,True,CHF 1'000,,
2026-09-09T18:17:05,SETUP_03,setup,unrelated,10,56,24,2,False,falsche_stelle,False,offerte_02_accounting_intl_anon,offerte_02_accounting_intl_anon|offerte_07_gruendung_domizil_anon|offerte_13_holding_spaltung_anon,0.0,0.0,3,1,0.6348,0.6307,0,offerte_02_accounting_intl_anon_chunk_0|offerte_07_gruendung_domizil_anon_chunk_1|offerte_13_holding_spaltung_anon_chunk_2,0,0,2.78,0.0,2.78,ollama,True,CHF 1'300,,
2026-09-09T18:17:05,MWST_02,mwst,unrelated,10,56,24,2,False,falsche_stelle,False,offerte_02_accounting_intl_anon,offerte_02_accounting_intl_anon|offerte_07_gruendung_domizil_anon|offerte_11_swiss_finish_anon,0.0,0.0,3,1,0.6487,0.6444,0,offerte_02_accounting_intl_anon_chunk_0|offerte_07_gruendung_domizil_anon_chunk_1|offerte_11_swiss_finish_anon_chunk_0,0,0,2.75,0.0,2.75,ollama,True,CHF 850,,
2026-09-09T18:17:05,VERS_01,versicherung,unrelated,10,56,24,2,False,falsche_stelle,False,offerte_02_accounting_intl_anon,offerte_11_swiss_finish_anon|offerte_02_accounting_intl_anon|offerte_03_accounting_branch_anon,0.0,0.0,3,1,0.6259,0.6231,0,offerte_11_swiss_finish_anon_chunk_0|offerte_02_accounting_intl_anon_chunk_0|offerte_03_accounting_branch_anon_chunk_0,0,0,2.83,0.0,2.83,ollama,True,CHF 850 - 1'700,,
2026-09-09T18:17:05,BUCH_03,buchhaltung,unrelated,10,56,24,2,False,falsche_stelle,False,offerte_03_accounting_branch_anon,offerte_03_accounting_branch_anon|offerte_13_holding_spaltung_anon|offerte_07_gruendung_domizil_anon,0.0,0.0,3,1,0.6963,0.6801,0,offerte_03_accounting_branch_anon_chunk_0|offerte_13_holding_spaltung_anon_chunk_2|offerte_07_gruendung_domizil_anon_chunk_1,0,0,2.76,0.0,2.76,ollama,True,CHF 3'400 - 3'800,,
2026-09-09T18:17:05,SETUP_04,setup,unrelated,10,56,24,2,False,falsche_stelle,False,offerte_03_accounting_branch_anon,offerte_03_accounting_branch_anon|offerte_13_holding_spaltung_anon|offerte_02_accounting_intl_anon,0.0,0.0,3,1,0.6634,0.6267,0,offerte_03_accounting_branch_anon_chunk_0|offerte_13_holding_spaltung_anon_chunk_0|offerte_02_accounting_intl_anon_chunk_0,0,0,2.75,0.0,2.75,ollama,True,CHF 1'300,,
2026-09-09T18:17:05,STEU_02,steuern,unrelated,10,56,24,2,False,falsche_stelle,False,offerte_03_accounting_branch_anon,offerte_03_accounting_branch_anon|offerte_13_holding_spaltung_anon,0.0,0.0,3,1,0.6383,0.6276,0,offerte_03_accounting_branch_anon_chunk_0|offerte_13_holding_spaltung_anon_chunk_2|offerte_13_holding_spaltung_anon_chunk_0,0,0,2.77,0.0,2.77,ollama,True,CHF 850,,
2026-09-09T18:17:05,REV_01,revision,unrelated,10,56,24,2,True,richtig,False,offerte_04_revision_anon,offerte_04_revision_anon|offerte_01_lohn_gross_anon|offerte_14_buchhaltung_klein_anon,0.3333,1.0,3,1,0.8388,0.7525,0,offerte_04_revision_anon_chunk_0|offerte_01_lohn_gross_anon_chunk_0|offerte_14_buchhaltung_klein_anon_chunk_0,0,0,2.77,0.0,2.77,ollama,True,CHF 3'250,,
2026-09-09T18:17:05,REV_02,revision,unrelated,10,56,24,2,True,richtig,False,offerte_04_revision_anon,offerte_04_revision_anon|offerte_14_buchhaltung_klein_anon|noise_fristen_0173,0.3333,1.0,3,1,0.6255,0.6204,0,offerte_04_revision_anon_chunk_0|offerte_14_buchhaltung_klein_anon_chunk_0|noise_fristen_0173_chunk_1,0,0,2.74,0.0,2.74,ollama,True,CHF 1'300,,
2026-09-09T18:17:05,AUD_01,revision,unrelated,10,56,24,2,True,richtig,False,offerte_05_stiftung_audit_anon,offerte_05_stiftung_audit_anon|offerte_07_gruendung_domizil_anon,0.3333,1.0,3,1,0.6236,0.6012,0,offerte_05_stiftung_audit_anon_chunk_0|offerte_05_stiftung_audit_anon_chunk_2|offerte_07_gruendung_domizil_anon_chunk_1,0,0,2.83,0.0,2.83,ollama,True,CHF 1'550 - 2'100,,
2026-09-09T18:17:05,AUD_02,revision,unrelated,10,56,24,2,True,richtig,False,offerte_05_stiftung_audit_anon,offerte_05_stiftung_audit_anon|offerte_07_gruendung_domizil_anon,0.3333,1.0,3,1,0.6687,0.6471,0,offerte_05_stiftung_audit_anon_chunk_2|offerte_05_stiftung_audit_anon_chunk_0|offerte_07_gruendung_domizil_anon_chunk_1,0,0,2.74,0.0,2.74,ollama,True,CHF 3'800 - 4'700,,
2026-09-09T18:17:05,LOHN_03,lohn,unrelated,10,56,24,2,False,falsche_stelle,False,offerte_05_stiftung_audit_anon,offerte_05_stiftung_audit_anon|offerte_02_accounting_intl_anon|offerte_03_accounting_branch_anon,0.0,0.0,3,1,0.6248,0.6197,0,offerte_05_stiftung_audit_anon_chunk_0|offerte_02_accounting_intl_anon_chunk_2|offerte_03_accounting_branch_anon_chunk_0,0,0,2.75,0.0,2.75,ollama,True,CHF 760,,
2026-09-09T18:17:05,GRUE_01,gruendung,unrelated,10,56,24,2,True,richtig,False,offerte_06_gruendung_klein_anon,offerte_06_gruendung_klein_anon|offerte_08_gruendung_vr_anon|offerte_01_lohn_gross_anon,0.3333,1.0,3,1,0.6768,0.6593,0,offerte_06_gruendung_klein_anon_chunk_0|offerte_08_gruendung_vr_anon_chunk_0|offerte_01_lohn_gross_anon_chunk_0,0,0,2.77,0.0,2.77,ollama,True,CHF 1'700,,
2026-09-09T18:17:05,BUCH_04,buchhaltung,unrelated,10,56,24,2,False,falsches_dokument,False,offerte_06_gruendung_klein_anon,offerte_01_lohn_gross_anon|offerte_08_gruendung_vr_anon|offerte_14_buchhaltung_klein_anon,0.0,0.0,3,1,0.6856,0.6667,0,offerte_01_lohn_gross_anon_chunk_1|offerte_08_gruendung_vr_anon_chunk_2|offerte_14_buchhaltung_klein_anon_chunk_1,0,0,2.76,0.0,2.76,ollama,True,CHF 1'700 - 2'550,,
2026-09-09T18:17:05,VERS_02,versicherung,unrelated,10,56,24,2,False,falsche_stelle,False,offerte_06_gruendung_klein_anon,offerte_12_lohn_reinigung_anon|offerte_14_buchhaltung_klein_anon|offerte_06_gruendung_klein_anon,0.0,0.0,3,1,0.674,0.6603,0,offerte_12_lohn_reinigung_anon_chunk_0|offerte_14_buchhaltung_klein_anon_chunk_0|offerte_06_gruendung_klein_anon_chunk_0,0,0,2.76,0.0,2.76,ollama,True,CHF 210,,
2026-09-09T18:17:05,GRUE_02,gruendung,unrelated,10,56,24,2,True,richtig,False,offerte_07_gruendung_domizil_anon,offerte_07_gruendung_domizil_anon|offerte_09_domizil_beratung_anon|offerte_13_holding_spaltung_anon,0.3333,1.0,3,1,0.6324,0.6078,0,offerte_07_gruendung_domizil_anon_chunk_1|offerte_09_domizil_beratung_anon_chunk_2|offerte_13_holding_spaltung_anon_chunk_2,0,0,2.83,0.0,2.83,ollama,True,CHF 2'100,,
2026-09-09T18:17:05,VR_01,verwaltungsrat,unrelated,10,56,24,2,False,falsches_dokument,False,offerte_07_gruendung_domizil_anon,offerte_11_swiss_finish_anon|offerte_09_domizil_beratung_anon|offerte_02_accounting_intl_anon,0.0,0.0,3,1,0.6273,0.6115,0,offerte_11_swiss_finish_anon_chunk_1|offerte_09_domizil_beratung_anon_chunk_2|offerte_02_accounting_intl_anon_chunk_2,0,0,2.76,0.0,2.76,ollama,True,CHF 4'250,,
2026-09-09T18:17:05,DOM_01,domizil,unrelated,10,56,24,2,False,falsches_dokument,False,offerte_07_gruendung_domizil_anon,offerte_09_domizil_beratung_anon|offerte_11_swiss_finish_anon|offerte_03_accounting_branch_anon,0.0,0.0,3,1,0.6543,0.6379,0,offerte_09_domizil_beratung_anon_chunk_0|offerte_11_swiss_finish_anon_chunk_1|offerte_03_accounting_branch_anon_chunk_0,0,0,2.75,0.0,2.75,ollama,True,CHF 1'700,,
2026-09-09T18:17:05,VR_02,verwaltungsrat,unrelated,10,56,24,2,False,falsche_stelle,False,offerte_08_gruendung_vr_anon,offerte_08_gruendung_vr_anon|offerte_06_gruendung_klein_anon|offerte_01_lohn_gross_anon,0.0,0.0,3,1,0.6664,0.6562,0,offerte_08_gruendung_vr_anon_chunk_0|offerte_06_gruendung_klein_anon_chunk_0|offerte_01_lohn_gross_anon_chunk_0,0,0,2.78,0.0,2.78,ollama,True,CHF 5'500,,
2026-09-09T18:17:05,DOM_02,domizil,unrelated,10,56,24,2,True,richtig,False,offerte_08_gruendung_vr_anon,offerte_08_gruendung_vr_anon|offerte_01_lohn_gross_anon|offerte_12_lohn_reinigung_anon,0.3333,1.0,3,1,0.7624,0.7348,0,offerte_08_gruendung_vr_anon_chunk_0|offerte_01_lohn_gross_anon_chunk_0|offerte_12_lohn_reinigung_anon_chunk_0,0,0,2.75,0.0,2.75,ollama,True,CHF 2'100,,
2026-09-09T18:17:05,DOM_03,domizil,unrelated,10,56,24,2,False,falsche_stelle,False,offerte_09_domizil_beratung_anon,offerte_09_domizil_beratung_anon|offerte_03_accounting_branch_anon|offerte_13_holding_spaltung_anon,0.0,0.0,3,1,0.6605,0.6395,0,offerte_09_domizil_beratung_anon_chunk_0|offerte_03_accounting_branch_anon_chunk_0|offerte_13_holding_spaltung_anon_chunk_0,0,0,2.76,0.0,2.76,ollama,True,CHF 1'300,,
2026-09-09T18:17:05,DOM_04,domizil,unrelated,10,56,24,2,False,falsche_stelle,False,offerte_09_domizil_beratung_anon,offerte_09_domizil_beratung_anon|offerte_03_accounting_branch_anon|offerte_13_holding_spaltung_anon,0.0,0.0,3,1,0.6398,0.6158,0,offerte_09_domizil_beratung_anon_chunk_0|offerte_03_accounting_branch_anon_chunk_0|offerte_13_holding_spaltung_anon_chunk_0,0,0,2.8,0.0,2.8,ollama,True,CHF 3'400,,
2026-09-09T18:17:05,VR_03,verwaltungsrat,unrelated,10,56,24,2,False,falsche_stelle,False,offerte_09_domizil_beratung_anon,offerte_09_domizil_beratung_anon|offerte_07_gruendung_domizil_anon|offerte_03_accounting_branch_anon,0.0,0.0,3,1,0.6398,0.6298,0,offerte_09_domizil_beratung_anon_chunk_0|offerte_07_gruendung_domizil_anon_chunk_0|offerte_03_accounting_branch_anon_chunk_0,0,0,2.71,0.0,2.71,ollama,True,CHF 4'250,,
2026-09-09T18:17:05,BUCH_05,buchhaltung,unrelated,10,56,24,2,False,falsches_dokument,False,offerte_09_domizil_beratung_anon,offerte_05_stiftung_audit_anon|offerte_07_gruendung_domizil_anon|offerte_11_swiss_finish_anon,0.0,0.0,3,1,0.6524,0.6453,0,offerte_05_stiftung_audit_anon_chunk_2|offerte_07_gruendung_domizil_anon_chunk_1|offerte_11_swiss_finish_anon_chunk_1,0,0,2.76,0.0,2.76,ollama,True,CHF 3'400 - 3'800,,
2026-09-09T18:17:05,BUCH_06,buchhaltung,unrelated,10,56,24,2,False,falsches_dokument,False,offerte_10_accounting_medtech_anon,offerte_07_gruendung_domizil_anon|offerte_05_stiftung_audit_anon|offerte_11_swiss_finish_anon,0.0,0.0,3,1,0.6766,0.6671,0,offerte_07_gruendung_domizil_anon_chunk_1|offerte_05_stiftung_audit_anon_chunk_2|offerte_11_swiss_finish_anon_chunk_0,0,0,2.77,0.0,2.77,ollama,True,CHF 3'400 - 3'800,,
2026-09-09T18:17:05,LOHN_04,lohn,unrelated,10,56,24,2,False,falsches_dokument,False,offerte_10_accounting_medtech_anon,offerte_11_swiss_finish_anon|offerte_03_accounting_branch_anon|offerte_09_domizil_beratung_anon,0.0,0.0,3,1,0.618,0.6146,0,offerte_11_swiss_finish_anon_chunk_0|offerte_03_accounting_branch_anon_chunk_0|offerte_09_domizil_beratung_anon_chunk_2,0,0,2.76,0.0,2.76,ollama,True,CHF 1'000,,
2026-09-09T18:17:05,BUCH_07,buchhaltung,unrelated,10,56,24,2,False,falsche_stelle,False,offerte_11_swiss_finish_anon,offerte_11_swiss_finish_anon|offerte_03_accounting_branch_anon|offerte_05_stiftung_audit_anon,0.0,0.0,3,1,0.733,0.7196,0,offerte_11_swiss_finish_anon_chunk_1|offerte_03_accounting_branch_anon_chunk_1|offerte_05_stiftung_audit_anon_chunk_1,0,0,2.75,0.0,2.75,ollama,True,CHF 210,,
2026-09-09T18:17:05,MWST_03,mwst,unrelated,10,56,24,2,False,falsche_stelle,False,offerte_11_swiss_finish_anon,offerte_11_swiss_finish_anon|offerte_07_gruendung_domizil_anon|offerte_03_accounting_branch_anon,0.0,0.0,3,1,0.6868,0.6577,0,offerte_11_swiss_finish_anon_chunk_0|offerte_07_gruendung_domizil_anon_chunk_1|offerte_03_accounting_branch_anon_chunk_0,0,0,2.84,0.0,2.84,ollama,True,CHF 2'550,,
2026-09-09T18:17:05,SETUP_05,setup,unrelated,10,56,24,2,False,falsche_stelle,False,offerte_11_swiss_finish_anon,offerte_11_swiss_finish_anon|offerte_13_holding_spaltung_anon|offerte_09_domizil_beratung_anon,0.0,0.0,3,1,0.6062,0.5859,0,offerte_11_swiss_finish_anon_chunk_0|offerte_13_holding_spaltung_anon_chunk_2|offerte_09_domizil_beratung_anon_chunk_2,0,0,2.77,0.0,2.77,ollama,True,CHF 340,,
2026-09-09T18:17:05,BUCH_08,buchhaltung,unrelated,10,56,24,2,False,falsche_stelle,False,offerte_12_lohn_reinigung_anon,offerte_01_lohn_gross_anon|offerte_14_buchhaltung_klein_anon|offerte_12_lohn_reinigung_anon,0.0,0.0,3,1,0.7331,0.7218,0,offerte_01_lohn_gross_anon_chunk_0|offerte_14_buchhaltung_klein_anon_chunk_0|offerte_12_lohn_reinigung_anon_chunk_0,0,0,2.74,0.0,2.74,ollama,True,CHF 2'550 - 3'000,,
2026-09-09T18:17:05,LOHN_05,lohn,unrelated,10,56,24,2,False,falsche_stelle,False,offerte_12_lohn_reinigung_anon,offerte_01_lohn_gross_anon|offerte_12_lohn_reinigung_anon|offerte_14_buchhaltung_klein_anon,0.0,0.0,3,1,0.7668,0.7586,0,offerte_01_lohn_gross_anon_chunk_0|offerte_12_lohn_reinigung_anon_chunk_0|offerte_14_buchhaltung_klein_anon_chunk_0,0,0,2.78,0.0,2.78,ollama,True,CHF 600 - 1'000,,
2026-09-09T18:17:05,SETUP_06,setup,unrelated,10,56,24,2,False,falsche_stelle,False,offerte_12_lohn_reinigung_anon,offerte_01_lohn_gross_anon|offerte_12_lohn_reinigung_anon|offerte_14_buchhaltung_klein_anon,0.0,0.0,3,1,0.7273,0.706,0,offerte_01_lohn_gross_anon_chunk_0|offerte_12_lohn_reinigung_anon_chunk_0|offerte_14_buchhaltung_klein_anon_chunk_0,0,0,2.76,0.0,2.76,ollama,True,CHF 420 - 640,,
2026-09-09T18:17:05,BUCH_09,buchhaltung,unrelated,10,56,24,2,False,falsches_dokument,False,offerte_13_holding_spaltung_anon,offerte_05_stiftung_audit_anon|offerte_07_gruendung_domizil_anon|offerte_11_swiss_finish_anon,0.0,0.0,3,1,0.6601,0.6558,0,offerte_05_stiftung_audit_anon_chunk_2|offerte_07_gruendung_domizil_anon_chunk_1|offerte_11_swiss_finish_anon_chunk_1,0,0,2.75,0.0,2.75,ollama,True,CHF 2'550 - 3'000,,
2026-09-09T18:17:05,SONST_01,sonstiges,unrelated,10,56,24,2,True,richtig,False,offerte_13_holding_spaltung_anon,offerte_13_holding_spaltung_anon|offerte_05_stiftung_audit_anon|offerte_07_gruendung_domizil_anon,0.3333,1.0,3,1,0.6525,0.6289,0,offerte_13_holding_spaltung_anon_chunk_2|offerte_05_stiftung_audit_anon_chunk_2|offerte_07_gruendung_domizil_anon_chunk_1,0,0,2.84,0.0,2.84,ollama,True,CHF 1'700,,
2026-09-09T18:17:05,BUCH_10,buchhaltung,unrelated,10,56,24,2,True,richtig,False,offerte_14_buchhaltung_klein_anon,offerte_14_buchhaltung_klein_anon|offerte_01_lohn_gross_anon|offerte_12_lohn_reinigung_anon,0.3333,1.0,3,1,0.6815,0.6746,0,offerte_14_buchhaltung_klein_anon_chunk_1|offerte_01_lohn_gross_anon_chunk_1|offerte_12_lohn_reinigung_anon_chunk_1,0,0,2.78,0.0,2.78,ollama,True,CHF 850 - 1'300,,
2026-09-09T18:17:05,STEU_03,steuern,unrelated,10,56,24,2,False,falsche_stelle,False,offerte_14_buchhaltung_klein_anon,offerte_01_lohn_gross_anon|offerte_14_buchhaltung_klein_anon|offerte_12_lohn_reinigung_anon,0.0,0.0,3,1,0.7572,0.7392,0,offerte_01_lohn_gross_anon_chunk_0|offerte_14_buchhaltung_klein_anon_chunk_0|offerte_12_lohn_reinigung_anon_chunk_0,0,0,2.76,0.0,2.76,ollama,True,CHF 640,,
2026-09-09T18:17:05,UNB_01,unbeantwortbar,unrelated,10,56,24,2,False,material_fuer_halluzination,True,,offerte_12_lohn_reinigung_anon|offerte_14_buchhaltung_klein_anon|offerte_01_lohn_gross_anon,0.0,0.0,3,0,0.6655,0.6593,0,offerte_12_lohn_reinigung_anon_chunk_0|offerte_14_buchhaltung_klein_anon_chunk_0|offerte_01_lohn_gross_anon_chunk_0,0,0,2.77,0.0,2.77,ollama,True,nicht in den Unterlagen,,
2026-09-09T18:17:05,UNB_02,unbeantwortbar,unrelated,10,56,24,2,False,material_fuer_halluzination,True,,offerte_01_lohn_gross_anon|offerte_08_gruendung_vr_anon|offerte_14_buchhaltung_klein_anon,0.0,0.0,3,0,0.6035,0.5952,0,offerte_01_lohn_gross_anon_chunk_0|offerte_08_gruendung_vr_anon_chunk_0|offerte_14_buchhaltung_klein_anon_chunk_0,0,0,2.79,0.0,2.79,ollama,True,nicht in den Unterlagen,,
2026-09-09T18:17:05,UNB_03,unbeantwortbar,unrelated,10,56,24,2,False,material_fuer_halluzination,True,,offerte_08_gruendung_vr_anon|noise_arbeitsrecht_0115|offerte_14_buchhaltung_klein_anon,0.0,0.0,3,0,0.6503,0.634,0,offerte_08_gruendung_vr_anon_chunk_0|noise_arbeitsrecht_0115_chunk_1|offerte_14_buchhaltung_klein_anon_chunk_0,0,0,2.76,0.0,2.76,ollama,True,nicht in den Unterlagen,,
2026-09-09T18:17:05,UNB_04,unbeantwortbar,unrelated,10,56,24,2,False,material_fuer_halluzination,True,,offerte_14_buchhaltung_klein_anon|offerte_08_gruendung_vr_anon|offerte_12_lohn_reinigung_anon,0.0,0.0,3,0,0.6694,0.6641,0,offerte_14_buchhaltung_klein_anon_chunk_1|offerte_08_gruendung_vr_anon_chunk_0|offerte_12_lohn_reinigung_anon_chunk_1,0,0,2.81,0.0,2.81,ollama,True,nicht in den Unterlagen,,
2026-09-09T18:17:05,UNB_05,unbeantwortbar,unrelated,10,56,24,2,False,material_fuer_halluzination,True,,offerte_14_buchhaltung_klein_anon|offerte_01_lohn_gross_anon|offerte_12_lohn_reinigung_anon,0.0,0.0,3,0,0.6542,0.6495,0,offerte_14_buchhaltung_klein_anon_chunk_0|offerte_01_lohn_gross_anon_chunk_0|offerte_12_lohn_reinigung_anon_chunk_0,0,0,2.75,0.0,2.75,ollama,True,nicht in den Unterlagen,,
2026-09-09T18:17:10,LOHN_01,lohn,unrelated,10,56,24,3,False,falsche_stelle,False,offerte_01_lohn_gross_anon,offerte_01_lohn_gross_anon|offerte_14_buchhaltung_klein_anon|offerte_12_lohn_reinigung_anon,0.0,0.0,3,1,0.7905,0.778,0,offerte_01_lohn_gross_anon_chunk_0|offerte_14_buchhaltung_klein_anon_chunk_0|offerte_12_lohn_reinigung_anon_chunk_0,0,0,2.84,0.0,2.84,ollama,True,CHF 680,,
2026-09-09T18:17:10,BUCH_01,buchhaltung,unrelated,10,56,24,3,True,richtig,False,offerte_01_lohn_gross_anon,offerte_01_lohn_gross_anon|offerte_14_buchhaltung_klein_anon|offerte_08_gruendung_vr_anon,0.3333,1.0,3,1,0.6493,0.6429,0,offerte_01_lohn_gross_anon_chunk_1|offerte_14_buchhaltung_klein_anon_chunk_1|offerte_08_gruendung_vr_anon_chunk_2,0,0,2.79,0.0,2.79,ollama,True,CHF 12'750 - 15'300,,
2026-09-09T18:17:10,MWST_01,mwst,unrelated,10,56,24,3,False,falsche_stelle,False,offerte_01_lohn_gross_anon,offerte_01_lohn_gross_anon|offerte_14_buchhaltung_klein_anon|offerte_12_lohn_reinigung_anon,0.0,0.0,3,1,0.7884,0.7667,0,offerte_01_lohn_gross_anon_chunk_0|offerte_14_buchhaltung_klein_anon_chunk_0|offerte_12_lohn_reinigung_anon_chunk_0,0,0,2.79,0.0,2.79,ollama,True,CHF 1'300,,
2026-09-09T18:17:10,STEU_01,steuern,unrelated,10,56,24,3,False,falsche_stelle,False,offerte_01_lohn_gross_anon,offerte_01_lohn_gross_anon|offerte_14_buchhaltung_klein_anon|offerte_12_lohn_reinigung_anon,0.0,0.0,3,1,0.773,0.7444,0,offerte_01_lohn_gross_anon_chunk_0|offerte_14_buchhaltung_klein_anon_chunk_0|offerte_12_lohn_reinigung_anon_chunk_0,0,0,2.86,0.0,2.86,ollama,True,CHF 850,,
2026-09-09T18:17:10,SETUP_01,setup,unrelated,10,56,24,3,False,falsche_stelle,False,offerte_01_lohn_gross_anon,offerte_01_lohn_gross_anon|offerte_14_buchhaltung_klein_anon|offerte_12_lohn_reinigung_anon,0.0,0.0,3,1,0.7224,0.6967,0,offerte_01_lohn_gross_anon_chunk_0|offerte_14_buchhaltung_klein_anon_chunk_0|offerte_12_lohn_reinigung_anon_chunk_0,0,0,2.8,0.0,2.8,ollama,True,CHF 420,,
2026-09-09T18:17:10,SETUP_02,setup,unrelated,10,56,24,3,False,falsche_stelle,False,offerte_01_lohn_gross_anon,offerte_01_lohn_gross_anon|offerte_14_buchhaltung_klein_anon|offerte_12_lohn_reinigung_anon,0.0,0.0,3,1,0.7594,0.7247,0,offerte_01_lohn_gross_anon_chunk_0|offerte_14_buchhaltung_klein_anon_chunk_0|offerte_12_lohn_reinigung_anon_chunk_0,0,0,2.79,0.0,2.79,ollama,True,CHF 640,,
2026-09-09T18:17:10,RATE_01,stundensatz,unrelated,10,56,24,3,True,richtig,False,offerte_01_lohn_gross_anon,offerte_01_lohn_gross_anon|offerte_14_buchhaltung_klein_anon|offerte_04_revision_anon,0.3333,1.0,3,1,0.7751,0.7647,0,offerte_01_lohn_gross_anon_chunk_0|offerte_14_buchhaltung_klein_anon_chunk_0|offerte_04_revision_anon_chunk_0,0,0,2.79,0.0,2.79,ollama,True,CHF 140,,
2026-09-09T18:17:10,BUCH_02,buchhaltung,unrelated,10,56,24,3,False,falsches_dokument,False,offerte_02_accounting_intl_anon,offerte_05_stiftung_audit_anon|offerte_07_gruendung_domizil_anon|offerte_11_swiss_finish_anon,0.0,0.0,3,1,0.6578,0.6541,0,offerte_05_stiftung_audit_anon_chunk_2|offerte_07_gruendung_domizil_anon_chunk_1|offerte_11_swiss_finish_anon_chunk_1,0,0,2.76,0.0,2.76,ollama,True,CHF 1'700 - 2'100,,
2026-09-09T18:17:10,LOHN_02,lohn,unrelated,10,56,24,3,False,falsche_stelle,False,offerte_02_accounting_intl_anon,offerte_03_accounting_branch_anon|offerte_11_swiss_finish_anon|offerte_02_accounting_intl_anon,0.0,0.0,3,1,0.6099,0.6079,0,offerte_03_accounting_branch_anon_chunk_0|offerte_11_swiss_finish_anon_chunk_0|offerte_02_accounting_intl_anon_chunk_0,0,0,2.76,0.0,2.76,ollama,True,CHF 1'000,,
2026-09-09T18:17:10,SETUP_03,setup,unrelated,10,56,24,3,False,falsche_stelle,False,offerte_02_accounting_intl_anon,offerte_02_accounting_intl_anon|offerte_07_gruendung_domizil_anon|offerte_13_holding_spaltung_anon,0.0,0.0,3,1,0.6348,0.6307,0,offerte_02_accounting_intl_anon_chunk_0|offerte_07_gruendung_domizil_anon_chunk_1|offerte_13_holding_spaltung_anon_chunk_2,0,0,2.85,0.0,2.85,ollama,True,CHF 1'300,,
2026-09-09T18:17:10,MWST_02,mwst,unrelated,10,56,24,3,False,falsche_stelle,False,offerte_02_accounting_intl_anon,offerte_02_accounting_intl_anon|offerte_07_gruendung_domizil_anon|offerte_11_swiss_finish_anon,0.0,0.0,3,1,0.6487,0.6444,0,offerte_02_accounting_intl_anon_chunk_0|offerte_07_gruendung_domizil_anon_chunk_1|offerte_11_swiss_finish_anon_chunk_0,0,0,2.77,0.0,2.77,ollama,True,CHF 850,,
2026-09-09T18:17:10,VERS_01,versicherung,unrelated,10,56,24,3,False,falsche_stelle,False,offerte_02_accounting_intl_anon,offerte_11_swiss_finish_anon|offerte_02_accounting_intl_anon|offerte_03_accounting_branch_anon,0.0,0.0,3,1,0.6259,0.6231,0,offerte_11_swiss_finish_anon_chunk_0|offerte_02_accounting_intl_anon_chunk_0|offerte_03_accounting_branch_anon_chunk_0,0,0,2.77,0.0,2.77,ollama,True,CHF 850 - 1'700,,
2026-09-09T18:17:10,BUCH_03,buchhaltung,unrelated,10,56,24,3,False,falsche_stelle,False,offerte_03_accounting_branch_anon,offerte_03_accounting_branch_anon|offerte_13_holding_spaltung_anon|offerte_07_gruendung_domizil_anon,0.0,0.0,3,1,0.6963,0.6801,0,offerte_03_accounting_branch_anon_chunk_0|offerte_13_holding_spaltung_anon_chunk_2|offerte_07_gruendung_domizil_anon_chunk_1,0,0,2.79,0.0,2.79,ollama,True,CHF 3'400 - 3'800,,
2026-09-09T18:17:10,SETUP_04,setup,unrelated,10,56,24,3,False,falsche_stelle,False,offerte_03_accounting_branch_anon,offerte_03_accounting_branch_anon|offerte_13_holding_spaltung_anon|offerte_02_accounting_intl_anon,0.0,0.0,3,1,0.6634,0.6267,0,offerte_03_accounting_branch_anon_chunk_0|offerte_13_holding_spaltung_anon_chunk_0|offerte_02_accounting_intl_anon_chunk_0,0,0,2.75,0.0,2.75,ollama,True,CHF 1'300,,
2026-09-09T18:17:10,STEU_02,steuern,unrelated,10,56,24,3,False,falsche_stelle,False,offerte_03_accounting_branch_anon,offerte_03_accounting_branch_anon|offerte_13_holding_spaltung_anon,0.0,0.0,3,1,0.6383,0.6276,0,offerte_03_accounting_branch_anon_chunk_0|offerte_13_holding_spaltung_anon_chunk_2|offerte_13_holding_spaltung_anon_chunk_0,0,0,2.78,0.0,2.78,ollama,True,CHF 850,,
2026-09-09T18:17:10,REV_01,revision,unrelated,10,56,24,3,True,richtig,False,offerte_04_revision_anon,offerte_04_revision_anon|offerte_01_lohn_gross_anon|offerte_14_buchhaltung_klein_anon,0.3333,1.0,3,1,0.8388,0.7525,0,offerte_04_revision_anon_chunk_0|offerte_01_lohn_gross_anon_chunk_0|offerte_14_buchhaltung_klein_anon_chunk_0,0,0,2.81,0.0,2.81,ollama,True,CHF 3'250,,
2026-09-09T18:17:10,REV_02,revision,unrelated,10,56,24,3,True,richtig,False,offerte_04_revision_anon,offerte_04_revision_anon|noise_betreibung_0198,0.3333,1.0,3,1,0.6255,0.6239,0,offerte_04_revision_anon_chunk_0|noise_betreibung_0198_chunk_0|noise_betreibung_0198_chunk_1,0,0,2.72,0.0,2.72,ollama,True,CHF 1'300,,
2026-09-09T18:17:10,AUD_01,revision,unrelated,10,56,24,3,True,richtig,False,offerte_05_stiftung_audit_anon,offerte_05_stiftung_audit_anon|offerte_07_gruendung_domizil_anon,0.3333,1.0,3,1,0.6236,0.6012,0,offerte_05_stiftung_audit_anon_chunk_0|offerte_05_stiftung_audit_anon_chunk_2|offerte_07_gruendung_domizil_anon_chunk_1,0,0,2.72,0.0,2.72,ollama,True,CHF 1'550 - 2'100,,
2026-09-09T18:17:10,AUD_02,revision,unrelated,10,56,24,3,True,richtig,False,offerte_05_stiftung_audit_anon,offerte_05_stiftung_audit_anon|offerte_07_gruendung_domizil_anon,0.3333,1.0,3,1,0.6687,0.6471,0,offerte_05_stiftung_audit_anon_chunk_2|offerte_05_stiftung_audit_anon_chunk_0|offerte_07_gruendung_domizil_anon_chunk_1,0,0,2.77,0.0,2.77,ollama,True,CHF 3'800 - 4'700,,
2026-09-09T18:17:10,LOHN_03,lohn,unrelated,10,56,24,3,False,falsche_stelle,False,offerte_05_stiftung_audit_anon,offerte_05_stiftung_audit_anon|offerte_02_accounting_intl_anon|offerte_03_accounting_branch_anon,0.0,0.0,3,1,0.6248,0.6197,0,offerte_05_stiftung_audit_anon_chunk_0|offerte_02_accounting_intl_anon_chunk_2|offerte_03_accounting_branch_anon_chunk_0,0,0,2.74,0.0,2.74,ollama,True,CHF 760,,
2026-09-09T18:17:10,GRUE_01,gruendung,unrelated,10,56,24,3,False,fehlgriff_unrelated,False,offerte_06_gruendung_klein_anon,noise_handelsregister_0113|noise_handelsregister_0073,0.0,0.0,3,1,0.6823,0.682,0,noise_handelsregister_0113_chunk_0|noise_handelsregister_0073_chunk_1|noise_handelsregister_0113_chunk_1,0,0,2.75,0.0,2.75,ollama,True,CHF 1'700,,
2026-09-09T18:17:10,BUCH_04,buchhaltung,unrelated,10,56,24,3,False,falsches_dokument,False,offerte_06_gruendung_klein_anon,offerte_01_lohn_gross_anon|offerte_08_gruendung_vr_anon|offerte_14_buchhaltung_klein_anon,0.0,0.0,3,1,0.6856,0.6667,0,offerte_01_lohn_gross_anon_chunk_1|offerte_08_gruendung_vr_anon_chunk_2|offerte_14_buchhaltung_klein_anon_chunk_1,0,0,2.8,0.0,2.8,ollama,True,CHF 1'700 - 2'550,,
2026-09-09T18:17:10,VERS_02,versicherung,unrelated,10,56,24,3,False,falsche_stelle,False,offerte_06_gruendung_klein_anon,offerte_12_lohn_reinigung_anon|offerte_14_buchhaltung_klein_anon|offerte_06_gruendung_klein_anon,0.0,0.0,3,1,0.674,0.6603,0,offerte_12_lohn_reinigung_anon_chunk_0|offerte_14_buchhaltung_klein_anon_chunk_0|offerte_06_gruendung_klein_anon_chunk_0,0,0,2.76,0.0,2.76,ollama,True,CHF 210,,
2026-09-09T18:17:10,GRUE_02,gruendung,unrelated,10,56,24,3,True,richtig,False,offerte_07_gruendung_domizil_anon,offerte_07_gruendung_domizil_anon|offerte_09_domizil_beratung_anon|offerte_13_holding_spaltung_anon,0.3333,1.0,3,1,0.6324,0.6078,0,offerte_07_gruendung_domizil_anon_chunk_1|offerte_09_domizil_beratung_anon_chunk_2|offerte_13_holding_spaltung_anon_chunk_2,0,0,2.75,0.0,2.75,ollama,True,CHF 2'100,,
2026-09-09T18:17:10,VR_01,verwaltungsrat,unrelated,10,56,24,3,False,falsches_dokument,False,offerte_07_gruendung_domizil_anon,offerte_11_swiss_finish_anon|offerte_09_domizil_beratung_anon|offerte_02_accounting_intl_anon,0.0,0.0,3,1,0.6273,0.6115,0,offerte_11_swiss_finish_anon_chunk_1|offerte_09_domizil_beratung_anon_chunk_2|offerte_02_accounting_intl_anon_chunk_2,0,0,2.77,0.0,2.77,ollama,True,CHF 4'250,,
2026-09-09T18:17:10,DOM_01,domizil,unrelated,10,56,24,3,False,falsches_dokument,False,offerte_07_gruendung_domizil_anon,offerte_09_domizil_beratung_anon|offerte_11_swiss_finish_anon|offerte_03_accounting_branch_anon,0.0,0.0,3,1,0.6543,0.6379,0,offerte_09_domizil_beratung_anon_chunk_0|offerte_11_swiss_finish_anon_chunk_1|offerte_03_accounting_branch_anon_chunk_0,0,0,2.74,0.0,2.74,ollama,True,CHF 1'700,,
2026-09-09T18:17:10,VR_02,verwaltungsrat,unrelated,10,56,24,3,False,falsche_stelle,False,offerte_08_gruendung_vr_anon,offerte_08_gruendung_vr_anon|offerte_06_gruendung_klein_anon|noise_handelsregister_0113,0.0,0.0,3,1,0.6664,0.6569,0,offerte_08_gruendung_vr_anon_chunk_0|offerte_06_gruendung_klein_anon_chunk_0|noise_handelsregister_0113_chunk_1,0,0,2.74,0.0,2.74,ollama,True,CHF 5'500,,
2026-09-09T18:17:10,DOM_02,domizil,unrelated,10,56,24,3,True,richtig,False,offerte_08_gruendung_vr_anon,offerte_08_gruendung_vr_anon|offerte_01_lohn_gross_anon|offerte_12_lohn_reinigung_anon,0.3333,1.0,3,1,0.7624,0.7348,0,offerte_08_gruendung_vr_anon_chunk_0|offerte_01_lohn_gross_anon_chunk_0|offerte_12_lohn_reinigung_anon_chunk_0,0,0,2.82,0.0,2.82,ollama,True,CHF 2'100,,
2026-09-09T18:17:10,DOM_03,domizil,unrelated,10,56,24,3,False,falsche_stelle,False,offerte_09_domizil_beratung_anon,offerte_09_domizil_beratung_anon|offerte_03_accounting_branch_anon|offerte_13_holding_spaltung_anon,0.0,0.0,3,1,0.6605,0.6395,0,offerte_09_domizil_beratung_anon_chunk_0|offerte_03_accounting_branch_anon_chunk_0|offerte_13_holding_spaltung_anon_chunk_0,0,0,2.75,0.0,2.75,ollama,True,CHF 1'300,,
2026-09-09T18:17:10,DOM_04,domizil,unrelated,10,56,24,3,False,falsche_stelle,False,offerte_09_domizil_beratung_anon,offerte_09_domizil_beratung_anon|offerte_03_accounting_branch_anon|offerte_13_holding_spaltung_anon,0.0,0.0,3,1,0.6398,0.6158,0,offerte_09_domizil_beratung_anon_chunk_0|offerte_03_accounting_branch_anon_chunk_0|offerte_13_holding_spaltung_anon_chunk_0,0,0,2.76,0.0,2.76,ollama,True,CHF 3'400,,
2026-09-09T18:17:10,VR_03,verwaltungsrat,unrelated,10,56,24,3,False,falsche_stelle,False,offerte_09_domizil_beratung_anon,offerte_09_domizil_beratung_anon|offerte_07_gruendung_domizil_anon|offerte_03_accounting_branch_anon,0.0,0.0,3,1,0.6398,0.6298,0,offerte_09_domizil_beratung_anon_chunk_0|offerte_07_gruendung_domizil_anon_chunk_0|offerte_03_accounting_branch_anon_chunk_0,0,0,2.78,0.0,2.78,ollama,True,CHF 4'250,,
2026-09-09T18:17:10,BUCH_05,buchhaltung,unrelated,10,56,24,3,False,falsches_dokument,False,offerte_09_domizil_beratung_anon,offerte_05_stiftung_audit_anon|offerte_07_gruendung_domizil_anon|offerte_11_swiss_finish_anon,0.0,0.0,3,1,0.6524,0.6453,0,offerte_05_stiftung_audit_anon_chunk_2|offerte_07_gruendung_domizil_anon_chunk_1|offerte_11_swiss_finish_anon_chunk_1,0,0,2.75,0.0,2.75,ollama,True,CHF 3'400 - 3'800,,
2026-09-09T18:17:10,BUCH_06,buchhaltung,unrelated,10,56,24,3,False,falsches_dokument,False,offerte_10_accounting_medtech_anon,offerte_07_gruendung_domizil_anon|offerte_05_stiftung_audit_anon|offerte_11_swiss_finish_anon,0.0,0.0,3,1,0.6766,0.6671,0,offerte_07_gruendung_domizil_anon_chunk_1|offerte_05_stiftung_audit_anon_chunk_2|offerte_11_swiss_finish_anon_chunk_0,0,0,2.74,0.0,2.74,ollama,True,CHF 3'400 - 3'800,,
2026-09-09T18:17:10,LOHN_04,lohn,unrelated,10,56,24,3,False,falsches_dokument,False,offerte_10_accounting_medtech_anon,offerte_11_swiss_finish_anon|offerte_03_accounting_branch_anon|offerte_09_domizil_beratung_anon,0.0,0.0,3,1,0.618,0.6146,0,offerte_11_swiss_finish_anon_chunk_0|offerte_03_accounting_branch_anon_chunk_0|offerte_09_domizil_beratung_anon_chunk_2,0,0,2.79,0.0,2.79,ollama,True,CHF 1'000,,
2026-09-09T18:17:10,BUCH_07,buchhaltung,unrelated,10,56,24,3,False,falsche_stelle,False,offerte_11_swiss_finish_anon,offerte_11_swiss_finish_anon|offerte_03_accounting_branch_anon|offerte_05_stiftung_audit_anon,0.0,0.0,3,1,0.733,0.7196,0,offerte_11_swiss_finish_anon_chunk_1|offerte_03_accounting_branch_anon_chunk_1|offerte_05_stiftung_audit_anon_chunk_1,0,0,2.73,0.0,2.73,ollama,True,CHF 210,,
2026-09-09T18:17:10,MWST_03,mwst,unrelated,10,56,24,3,False,falsche_stelle,False,offerte_11_swiss_finish_anon,offerte_11_swiss_finish_anon|offerte_07_gruendung_domizil_anon|offerte_03_accounting_branch_anon,0.0,0.0,3,1,0.6868,0.6577,0,offerte_11_swiss_finish_anon_chunk_0|offerte_07_gruendung_domizil_anon_chunk_1|offerte_03_accounting_branch_anon_chunk_0,0,0,2.75,0.0,2.75,ollama,True,CHF 2'550,,
2026-09-09T18:17:10,SETUP_05,setup,unrelated,10,56,24,3,False,falsche_stelle,False,offerte_11_swiss_finish_anon,offerte_11_swiss_finish_anon|offerte_13_holding_spaltung_anon|offerte_09_domizil_beratung_anon,0.0,0.0,3,1,0.6062,0.5859,0,offerte_11_swiss_finish_anon_chunk_0|offerte_13_holding_spaltung_anon_chunk_2|offerte_09_domizil_beratung_anon_chunk_2,0,0,2.79,0.0,2.79,ollama,True,CHF 340,,
2026-09-09T18:17:10,BUCH_08,buchhaltung,unrelated,10,56,24,3,False,falsche_stelle,False,offerte_12_lohn_reinigung_anon,offerte_01_lohn_gross_anon|offerte_14_buchhaltung_klein_anon|offerte_12_lohn_reinigung_anon,0.0,0.0,3,1,0.7331,0.7218,0,offerte_01_lohn_gross_anon_chunk_0|offerte_14_buchhaltung_klein_anon_chunk_0|offerte_12_lohn_reinigung_anon_chunk_0,0,0,2.76,0.0,2.76,ollama,True,CHF 2'550 - 3'000,,
2026-09-09T18:17:10,LOHN_05,lohn,unrelated,10,56,24,3,False,falsche_stelle,False,offerte_12_lohn_reinigung_anon,offerte_01_lohn_gross_anon|offerte_12_lohn_reinigung_anon|offerte_14_buchhaltung_klein_anon,0.0,0.0,3,1,0.7668,0.7586,0,offerte_01_lohn_gross_anon_chunk_0|offerte_12_lohn_reinigung_anon_chunk_0|offerte_14_buchhaltung_klein_anon_chunk_0,0,0,2.76,0.0,2.76,ollama,True,CHF 600 - 1'000,,
2026-09-09T18:17:10,SETUP_06,setup,unrelated,10,56,24,3,False,falsche_stelle,False,offerte_12_lohn_reinigung_anon,offerte_01_lohn_gross_anon|offerte_12_lohn_reinigung_anon|offerte_14_buchhaltung_klein_anon,0.0,0.0,3,1,0.7273,0.706,0,offerte_01_lohn_gross_anon_chunk_0|offerte_12_lohn_reinigung_anon_chunk_0|offerte_14_buchhaltung_klein_anon_chunk_0,0,0,2.83,0.0,2.83,ollama,True,CHF 420 - 640,,
2026-09-09T18:17:10,BUCH_09,buchhaltung,unrelated,10,56,24,3,False,falsches_dokument,False,offerte_13_holding_spaltung_anon,offerte_05_stiftung_audit_anon|offerte_07_gruendung_domizil_anon|offerte_11_swiss_finish_anon,0.0,0.0,3,1,0.6601,0.6558,0,offerte_05_stiftung_audit_anon_chunk_2|offerte_07_gruendung_domizil_anon_chunk_1|offerte_11_swiss_finish_anon_chunk_1,0,0,2.77,0.0,2.77,ollama,True,CHF 2'550 - 3'000,,
2026-09-09T18:17:10,SONST_01,sonstiges,unrelated,10,56,24,3,True,richtig,False,offerte_13_holding_spaltung_anon,offerte_13_holding_spaltung_anon|offerte_05_stiftung_audit_anon|offerte_07_gruendung_domizil_anon,0.3333,1.0,3,1,0.6525,0.6289,0,offerte_13_holding_spaltung_anon_chunk_2|offerte_05_stiftung_audit_anon_chunk_2|offerte_07_gruendung_domizil_anon_chunk_1,0,0,2.77,0.0,2.77,ollama,True,CHF 1'700,,
2026-09-09T18:17:10,BUCH_10,buchhaltung,unrelated,10,56,24,3,True,richtig,False,offerte_14_buchhaltung_klein_anon,offerte_14_buchhaltung_klein_anon|offerte_01_lohn_gross_anon|offerte_12_lohn_reinigung_anon,0.3333,1.0,3,1,0.6815,0.6746,0,offerte_14_buchhaltung_klein_anon_chunk_1|offerte_01_lohn_gross_anon_chunk_1|offerte_12_lohn_reinigung_anon_chunk_1,0,0,2.78,0.0,2.78,ollama,True,CHF 850 - 1'300,,
2026-09-09T18:17:10,STEU_03,steuern,unrelated,10,56,24,3,False,falsche_stelle,False,offerte_14_buchhaltung_klein_anon,offerte_01_lohn_gross_anon|offerte_14_buchhaltung_klein_anon|offerte_12_lohn_reinigung_anon,0.0,0.0,3,1,0.7572,0.7392,0,offerte_01_lohn_gross_anon_chunk_0|offerte_14_buchhaltung_klein_anon_chunk_0|offerte_12_lohn_reinigung_anon_chunk_0,0,0,2.74,0.0,2.74,ollama,True,CHF 640,,
2026-09-09T18:17:10,UNB_01,unbeantwortbar,unrelated,10,56,24,3,False,material_fuer_halluzination,True,,offerte_12_lohn_reinigung_anon|offerte_14_buchhaltung_klein_anon|offerte_01_lohn_gross_anon,0.0,0.0,3,0,0.6655,0.6593,0,offerte_12_lohn_reinigung_anon_chunk_0|offerte_14_buchhaltung_klein_anon_chunk_0|offerte_01_lohn_gross_anon_chunk_0,0,0,2.76,0.0,2.76,ollama,True,nicht in den Unterlagen,,
2026-09-09T18:17:10,UNB_02,unbeantwortbar,unrelated,10,56,24,3,False,material_fuer_halluzination,True,,offerte_01_lohn_gross_anon|offerte_08_gruendung_vr_anon|offerte_14_buchhaltung_klein_anon,0.0,0.0,3,0,0.6035,0.5952,0,offerte_01_lohn_gross_anon_chunk_0|offerte_08_gruendung_vr_anon_chunk_0|offerte_14_buchhaltung_klein_anon_chunk_0,0,0,2.81,0.0,2.81,ollama,True,nicht in den Unterlagen,,
2026-09-09T18:17:10,UNB_03,unbeantwortbar,unrelated,10,56,24,3,False,material_fuer_halluzination,True,,offerte_08_gruendung_vr_anon|noise_betreibung_0198,0.0,0.0,3,0,0.6503,0.6392,0,offerte_08_gruendung_vr_anon_chunk_0|noise_betreibung_0198_chunk_0|noise_betreibung_0198_chunk_1,0,0,2.73,0.0,2.73,ollama,True,nicht in den Unterlagen,,
2026-09-09T18:17:10,UNB_04,unbeantwortbar,unrelated,10,56,24,3,False,material_fuer_halluzination,True,,offerte_14_buchhaltung_klein_anon|offerte_08_gruendung_vr_anon|offerte_12_lohn_reinigung_anon,0.0,0.0,3,0,0.6694,0.6641,0,offerte_14_buchhaltung_klein_anon_chunk_1|offerte_08_gruendung_vr_anon_chunk_0|offerte_12_lohn_reinigung_anon_chunk_1,0,0,2.78,0.0,2.78,ollama,True,nicht in den Unterlagen,,
2026-09-09T18:17:10,UNB_05,unbeantwortbar,unrelated,10,56,24,3,False,material_fuer_halluzination,True,,offerte_14_buchhaltung_klein_anon|noise_archivierung_0040|offerte_01_lohn_gross_anon,0.0,0.0,3,0,0.6542,0.6516,0,offerte_14_buchhaltung_klein_anon_chunk_0|noise_archivierung_0040_chunk_0|offerte_01_lohn_gross_anon_chunk_0,0,0,2.79,0.0,2.79,ollama,True,nicht in den Unterlagen,,
2026-09-09T18:17:31,LOHN_01,lohn,unrelated,50,139,64,1,False,falsche_stelle,False,offerte_01_lohn_gross_anon,offerte_01_lohn_gross_anon|offerte_14_buchhaltung_klein_anon|offerte_12_lohn_reinigung_anon,0.0,0.0,3,1,0.7905,0.778,0,offerte_01_lohn_gross_anon_chunk_0|offerte_14_buchhaltung_klein_anon_chunk_0|offerte_12_lohn_reinigung_anon_chunk_0,0,0,6.83,0.0,6.83,ollama,True,CHF 680,,
2026-09-09T18:17:31,BUCH_01,buchhaltung,unrelated,50,139,64,1,True,richtig,False,offerte_01_lohn_gross_anon,offerte_01_lohn_gross_anon|offerte_14_buchhaltung_klein_anon|offerte_08_gruendung_vr_anon,0.3333,1.0,3,1,0.6493,0.6429,0,offerte_01_lohn_gross_anon_chunk_1|offerte_14_buchhaltung_klein_anon_chunk_1|offerte_08_gruendung_vr_anon_chunk_2,0,0,6.83,0.0,6.83,ollama,True,CHF 12'750 - 15'300,,
2026-09-09T18:17:31,MWST_01,mwst,unrelated,50,139,64,1,False,falsche_stelle,False,offerte_01_lohn_gross_anon,offerte_01_lohn_gross_anon|offerte_14_buchhaltung_klein_anon|offerte_12_lohn_reinigung_anon,0.0,0.0,3,1,0.7884,0.7667,0,offerte_01_lohn_gross_anon_chunk_0|offerte_14_buchhaltung_klein_anon_chunk_0|offerte_12_lohn_reinigung_anon_chunk_0,0,0,6.83,0.0,6.83,ollama,True,CHF 1'300,,
2026-09-09T18:17:31,STEU_01,steuern,unrelated,50,139,64,1,False,falsche_stelle,False,offerte_01_lohn_gross_anon,offerte_01_lohn_gross_anon|offerte_14_buchhaltung_klein_anon|offerte_12_lohn_reinigung_anon,0.0,0.0,3,1,0.773,0.7444,0,offerte_01_lohn_gross_anon_chunk_0|offerte_14_buchhaltung_klein_anon_chunk_0|offerte_12_lohn_reinigung_anon_chunk_0,0,0,6.83,0.0,6.83,ollama,True,CHF 850,,
2026-09-09T18:17:31,SETUP_01,setup,unrelated,50,139,64,1,False,falsche_stelle,False,offerte_01_lohn_gross_anon,offerte_01_lohn_gross_anon|offerte_14_buchhaltung_klein_anon|offerte_12_lohn_reinigung_anon,0.0,0.0,3,1,0.7224,0.6967,0,offerte_01_lohn_gross_anon_chunk_0|offerte_14_buchhaltung_klein_anon_chunk_0|offerte_12_lohn_reinigung_anon_chunk_0,0,0,6.84,0.0,6.84,ollama,True,CHF 420,,
2026-09-09T18:17:31,SETUP_02,setup,unrelated,50,139,64,1,False,falsche_stelle,False,offerte_01_lohn_gross_anon,offerte_01_lohn_gross_anon|offerte_14_buchhaltung_klein_anon|offerte_12_lohn_reinigung_anon,0.0,0.0,3,1,0.7594,0.7247,0,offerte_01_lohn_gross_anon_chunk_0|offerte_14_buchhaltung_klein_anon_chunk_0|offerte_12_lohn_reinigung_anon_chunk_0,0,0,6.79,0.0,6.79,ollama,True,CHF 640,,
2026-09-09T18:17:31,RATE_01,stundensatz,unrelated,50,139,64,1,True,richtig,False,offerte_01_lohn_gross_anon,offerte_01_lohn_gross_anon|offerte_14_buchhaltung_klein_anon|offerte_04_revision_anon,0.3333,1.0,3,1,0.7751,0.7647,0,offerte_01_lohn_gross_anon_chunk_0|offerte_14_buchhaltung_klein_anon_chunk_0|offerte_04_revision_anon_chunk_0,0,0,6.82,0.0,6.82,ollama,True,CHF 140,,
2026-09-09T18:17:31,BUCH_02,buchhaltung,unrelated,50,139,64,1,False,falsches_dokument,False,offerte_02_accounting_intl_anon,offerte_05_stiftung_audit_anon|offerte_07_gruendung_domizil_anon|offerte_11_swiss_finish_anon,0.0,0.0,3,1,0.6578,0.6541,0,offerte_05_stiftung_audit_anon_chunk_2|offerte_07_gruendung_domizil_anon_chunk_1|offerte_11_swiss_finish_anon_chunk_1,0,0,6.82,0.0,6.82,ollama,True,CHF 1'700 - 2'100,,
2026-09-09T18:17:31,LOHN_02,lohn,unrelated,50,139,64,1,False,falsche_stelle,False,offerte_02_accounting_intl_anon,offerte_03_accounting_branch_anon|offerte_11_swiss_finish_anon|offerte_02_accounting_intl_anon,0.0,0.0,3,1,0.6099,0.6079,0,offerte_03_accounting_branch_anon_chunk_0|offerte_11_swiss_finish_anon_chunk_0|offerte_02_accounting_intl_anon_chunk_0,0,0,6.86,0.0,6.86,ollama,True,CHF 1'000,,
2026-09-09T18:17:31,SETUP_03,setup,unrelated,50,139,64,1,False,falsche_stelle,False,offerte_02_accounting_intl_anon,offerte_02_accounting_intl_anon|offerte_07_gruendung_domizil_anon|offerte_13_holding_spaltung_anon,0.0,0.0,3,1,0.6348,0.6307,0,offerte_02_accounting_intl_anon_chunk_0|offerte_07_gruendung_domizil_anon_chunk_1|offerte_13_holding_spaltung_anon_chunk_2,0,0,6.85,0.0,6.85,ollama,True,CHF 1'300,,
2026-09-09T18:17:31,MWST_02,mwst,unrelated,50,139,64,1,False,falsche_stelle,False,offerte_02_accounting_intl_anon,offerte_02_accounting_intl_anon|offerte_07_gruendung_domizil_anon|offerte_11_swiss_finish_anon,0.0,0.0,3,1,0.6487,0.6444,0,offerte_02_accounting_intl_anon_chunk_0|offerte_07_gruendung_domizil_anon_chunk_1|offerte_11_swiss_finish_anon_chunk_0,0,0,6.85,0.0,6.85,ollama,True,CHF 850,,
2026-09-09T18:17:31,VERS_01,versicherung,unrelated,50,139,64,1,False,falsche_stelle,False,offerte_02_accounting_intl_anon,offerte_11_swiss_finish_anon|offerte_02_accounting_intl_anon|offerte_03_accounting_branch_anon,0.0,0.0,3,1,0.6259,0.6231,0,offerte_11_swiss_finish_anon_chunk_0|offerte_02_accounting_intl_anon_chunk_0|offerte_03_accounting_branch_anon_chunk_0,0,0,6.84,0.0,6.84,ollama,True,CHF 850 - 1'700,,
2026-09-09T18:17:31,BUCH_03,buchhaltung,unrelated,50,139,64,1,False,falsche_stelle,False,offerte_03_accounting_branch_anon,offerte_03_accounting_branch_anon|offerte_13_holding_spaltung_anon|offerte_07_gruendung_domizil_anon,0.0,0.0,3,1,0.6963,0.6801,0,offerte_03_accounting_branch_anon_chunk_0|offerte_13_holding_spaltung_anon_chunk_2|offerte_07_gruendung_domizil_anon_chunk_1,0,0,6.85,0.0,6.85,ollama,True,CHF 3'400 - 3'800,,
2026-09-09T18:17:31,SETUP_04,setup,unrelated,50,139,64,1,False,falsche_stelle,False,offerte_03_accounting_branch_anon,offerte_03_accounting_branch_anon|offerte_13_holding_spaltung_anon|offerte_02_accounting_intl_anon,0.0,0.0,3,1,0.6634,0.6267,0,offerte_03_accounting_branch_anon_chunk_0|offerte_13_holding_spaltung_anon_chunk_0|offerte_02_accounting_intl_anon_chunk_0,0,0,6.84,0.0,6.84,ollama,True,CHF 1'300,,
2026-09-09T18:17:31,STEU_02,steuern,unrelated,50,139,64,1,False,falsche_stelle,False,offerte_03_accounting_branch_anon,offerte_03_accounting_branch_anon|offerte_13_holding_spaltung_anon,0.0,0.0,3,1,0.6383,0.6276,0,offerte_03_accounting_branch_anon_chunk_0|offerte_13_holding_spaltung_anon_chunk_2|offerte_13_holding_spaltung_anon_chunk_0,0,0,6.87,0.0,6.87,ollama,True,CHF 850,,
2026-09-09T18:17:31,REV_01,revision,unrelated,50,139,64,1,True,richtig,False,offerte_04_revision_anon,offerte_04_revision_anon|offerte_01_lohn_gross_anon|offerte_14_buchhaltung_klein_anon,0.3333,1.0,3,1,0.8388,0.7525,0,offerte_04_revision_anon_chunk_0|offerte_01_lohn_gross_anon_chunk_0|offerte_14_buchhaltung_klein_anon_chunk_0,0,0,6.88,0.0,6.88,ollama,True,CHF 3'250,,
2026-09-09T18:17:31,REV_02,revision,unrelated,50,139,64,1,False,fehlgriff_unrelated,False,offerte_04_revision_anon,noise_betreibung_0062|noise_betreibung_0014|noise_betreibung_0142,0.0,0.0,3,1,0.6367,0.6361,0,noise_betreibung_0062_chunk_0|noise_betreibung_0014_chunk_1|noise_betreibung_0142_chunk_1,0,0,6.84,0.0,6.84,ollama,True,CHF 1'300,,
2026-09-09T18:17:31,AUD_01,revision,unrelated,50,139,64,1,True,richtig,False,offerte_05_stiftung_audit_anon,offerte_05_stiftung_audit_anon|offerte_07_gruendung_domizil_anon,0.3333,1.0,3,1,0.6236,0.6012,0,offerte_05_stiftung_audit_anon_chunk_0|offerte_05_stiftung_audit_anon_chunk_2|offerte_07_gruendung_domizil_anon_chunk_1,0,0,6.87,0.0,6.87,ollama,True,CHF 1'550 - 2'100,,
2026-09-09T18:17:31,AUD_02,revision,unrelated,50,139,64,1,True,richtig,False,offerte_05_stiftung_audit_anon,offerte_05_stiftung_audit_anon|offerte_07_gruendung_domizil_anon,0.3333,1.0,3,1,0.6687,0.6471,0,offerte_05_stiftung_audit_anon_chunk_2|offerte_05_stiftung_audit_anon_chunk_0|offerte_07_gruendung_domizil_anon_chunk_1,0,0,6.84,0.0,6.84,ollama,True,CHF 3'800 - 4'700,,
2026-09-09T18:17:31,LOHN_03,lohn,unrelated,50,139,64,1,False,falsche_stelle,False,offerte_05_stiftung_audit_anon,offerte_05_stiftung_audit_anon|offerte_02_accounting_intl_anon|offerte_03_accounting_branch_anon,0.0,0.0,3,1,0.6248,0.6197,0,offerte_05_stiftung_audit_anon_chunk_0|offerte_02_accounting_intl_anon_chunk_2|offerte_03_accounting_branch_anon_chunk_0,0,0,6.84,0.0,6.84,ollama,True,CHF 760,,
2026-09-09T18:17:31,GRUE_01,gruendung,unrelated,50,139,64,1,False,fehlgriff_unrelated,False,offerte_06_gruendung_klein_anon,noise_handelsregister_0129|noise_handelsregister_0025|noise_handelsregister_0193,0.0,0.0,3,1,0.686,0.6844,0,noise_handelsregister_0129_chunk_0|noise_handelsregister_0025_chunk_0|noise_handelsregister_0193_chunk_1,0,0,6.83,0.0,6.83,ollama,True,CHF 1'700,,
2026-09-09T18:17:31,BUCH_04,buchhaltung,unrelated,50,139,64,1,False,falsches_dokument,False,offerte_06_gruendung_klein_anon,offerte_01_lohn_gross_anon|offerte_08_gruendung_vr_anon|offerte_14_buchhaltung_klein_anon,0.0,0.0,3,1,0.6856,0.6667,0,offerte_01_lohn_gross_anon_chunk_1|offerte_08_gruendung_vr_anon_chunk_2|offerte_14_buchhaltung_klein_anon_chunk_1,0,0,6.83,0.0,6.83,ollama,True,CHF 1'700 - 2'550,,
2026-09-09T18:17:31,VERS_02,versicherung,unrelated,50,139,64,1,False,falsche_stelle,False,offerte_06_gruendung_klein_anon,offerte_12_lohn_reinigung_anon|offerte_14_buchhaltung_klein_anon|offerte_06_gruendung_klein_anon,0.0,0.0,3,1,0.674,0.6603,0,offerte_12_lohn_reinigung_anon_chunk_0|offerte_14_buchhaltung_klein_anon_chunk_0|offerte_06_gruendung_klein_anon_chunk_0,0,0,6.84,0.0,6.84,ollama,True,CHF 210,,
2026-09-09T18:17:31,GRUE_02,gruendung,unrelated,50,139,64,1,True,richtig,False,offerte_07_gruendung_domizil_anon,offerte_07_gruendung_domizil_anon|offerte_09_domizil_beratung_anon|offerte_13_holding_spaltung_anon,0.3333,1.0,3,1,0.6324,0.6078,0,offerte_07_gruendung_domizil_anon_chunk_1|offerte_09_domizil_beratung_anon_chunk_2|offerte_13_holding_spaltung_anon_chunk_2,0,0,6.82,0.0,6.82,ollama,True,CHF 2'100,,
2026-09-09T18:17:31,VR_01,verwaltungsrat,unrelated,50,139,64,1,False,falsches_dokument,False,offerte_07_gruendung_domizil_anon,offerte_11_swiss_finish_anon|offerte_09_domizil_beratung_anon|offerte_02_accounting_intl_anon,0.0,0.0,3,1,0.6273,0.6115,0,offerte_11_swiss_finish_anon_chunk_1|offerte_09_domizil_beratung_anon_chunk_2|offerte_02_accounting_intl_anon_chunk_2,0,0,6.9,0.0,6.9,ollama,True,CHF 4'250,,
2026-09-09T18:17:31,DOM_01,domizil,unrelated,50,139,64,1,False,falsches_dokument,False,offerte_07_gruendung_domizil_anon,offerte_09_domizil_beratung_anon|offerte_11_swiss_finish_anon|offerte_03_accounting_branch_anon,0.0,0.0,3,1,0.6543,0.6379,0,offerte_09_domizil_beratung_anon_chunk_0|offerte_11_swiss_finish_anon_chunk_1|offerte_03_accounting_branch_anon_chunk_0,0,0,6.9,0.0,6.9,ollama,True,CHF 1'700,,
2026-09-09T18:17:31,VR_02,verwaltungsrat,unrelated,50,139,64,1,False,falsche_stelle,False,offerte_08_gruendung_vr_anon,offerte_08_gruendung_vr_anon|offerte_06_gruendung_klein_anon|offerte_01_lohn_gross_anon,0.0,0.0,3,1,0.6664,0.6562,0,offerte_08_gruendung_vr_anon_chunk_0|offerte_06_gruendung_klein_anon_chunk_0|offerte_01_lohn_gross_anon_chunk_0,0,0,6.93,0.0,6.93,ollama,True,CHF 5'500,,
2026-09-09T18:17:31,DOM_02,domizil,unrelated,50,139,64,1,True,richtig,False,offerte_08_gruendung_vr_anon,offerte_08_gruendung_vr_anon|offerte_01_lohn_gross_anon|offerte_12_lohn_reinigung_anon,0.3333,1.0,3,1,0.7624,0.7348,0,offerte_08_gruendung_vr_anon_chunk_0|offerte_01_lohn_gross_anon_chunk_0|offerte_12_lohn_reinigung_anon_chunk_0,0,0,6.81,0.0,6.81,ollama,True,CHF 2'100,,
2026-09-09T18:17:31,DOM_03,domizil,unrelated,50,139,64,1,False,falsche_stelle,False,offerte_09_domizil_beratung_anon,offerte_09_domizil_beratung_anon|offerte_03_accounting_branch_anon|offerte_13_holding_spaltung_anon,0.0,0.0,3,1,0.6605,0.6395,0,offerte_09_domizil_beratung_anon_chunk_0|offerte_03_accounting_branch_anon_chunk_0|offerte_13_holding_spaltung_anon_chunk_0,0,0,6.8,0.0,6.8,ollama,True,CHF 1'300,,
2026-09-09T18:17:31,DOM_04,domizil,unrelated,50,139,64,1,False,falsche_stelle,False,offerte_09_domizil_beratung_anon,offerte_09_domizil_beratung_anon|offerte_03_accounting_branch_anon|offerte_13_holding_spaltung_anon,0.0,0.0,3,1,0.6398,0.6158,0,offerte_09_domizil_beratung_anon_chunk_0|offerte_03_accounting_branch_anon_chunk_0|offerte_13_holding_spaltung_anon_chunk_0,0,0,6.88,0.0,6.88,ollama,True,CHF 3'400,,
2026-09-09T18:17:31,VR_03,verwaltungsrat,unrelated,50,139,64,1,False,falsche_stelle,False,offerte_09_domizil_beratung_anon,offerte_09_domizil_beratung_anon|offerte_07_gruendung_domizil_anon|offerte_03_accounting_branch_anon,0.0,0.0,3,1,0.6398,0.6298,0,offerte_09_domizil_beratung_anon_chunk_0|offerte_07_gruendung_domizil_anon_chunk_0|offerte_03_accounting_branch_anon_chunk_0,0,0,6.83,0.0,6.83,ollama,True,CHF 4'250,,
2026-09-09T18:17:31,BUCH_05,buchhaltung,unrelated,50,139,64,1,False,falsches_dokument,False,offerte_09_domizil_beratung_anon,offerte_05_stiftung_audit_anon|offerte_07_gruendung_domizil_anon|offerte_11_swiss_finish_anon,0.0,0.0,3,1,0.6524,0.6453,0,offerte_05_stiftung_audit_anon_chunk_2|offerte_07_gruendung_domizil_anon_chunk_1|offerte_11_swiss_finish_anon_chunk_1,0,0,6.91,0.0,6.91,ollama,True,CHF 3'400 - 3'800,,
2026-09-09T18:17:31,BUCH_06,buchhaltung,unrelated,50,139,64,1,False,falsches_dokument,False,offerte_10_accounting_medtech_anon,offerte_07_gruendung_domizil_anon|offerte_05_stiftung_audit_anon|offerte_11_swiss_finish_anon,0.0,0.0,3,1,0.6766,0.6671,0,offerte_07_gruendung_domizil_anon_chunk_1|offerte_05_stiftung_audit_anon_chunk_2|offerte_11_swiss_finish_anon_chunk_0,0,0,6.82,0.0,6.82,ollama,True,CHF 3'400 - 3'800,,
2026-09-09T18:17:31,LOHN_04,lohn,unrelated,50,139,64,1,False,falsches_dokument,False,offerte_10_accounting_medtech_anon,offerte_11_swiss_finish_anon|offerte_03_accounting_branch_anon|offerte_09_domizil_beratung_anon,0.0,0.0,3,1,0.618,0.6146,0,offerte_11_swiss_finish_anon_chunk_0|offerte_03_accounting_branch_anon_chunk_0|offerte_09_domizil_beratung_anon_chunk_2,0,0,6.84,0.0,6.84,ollama,True,CHF 1'000,,
2026-09-09T18:17:31,BUCH_07,buchhaltung,unrelated,50,139,64,1,False,falsche_stelle,False,offerte_11_swiss_finish_anon,offerte_11_swiss_finish_anon|offerte_03_accounting_branch_anon|offerte_05_stiftung_audit_anon,0.0,0.0,3,1,0.733,0.7196,0,offerte_11_swiss_finish_anon_chunk_1|offerte_03_accounting_branch_anon_chunk_1|offerte_05_stiftung_audit_anon_chunk_1,0,0,6.89,0.0,6.89,ollama,True,CHF 210,,
2026-09-09T18:17:31,MWST_03,mwst,unrelated,50,139,64,1,False,falsche_stelle,False,offerte_11_swiss_finish_anon,offerte_11_swiss_finish_anon|offerte_07_gruendung_domizil_anon|offerte_03_accounting_branch_anon,0.0,0.0,3,1,0.6868,0.6577,0,offerte_11_swiss_finish_anon_chunk_0|offerte_07_gruendung_domizil_anon_chunk_1|offerte_03_accounting_branch_anon_chunk_0,0,0,6.83,0.0,6.83,ollama,True,CHF 2'550,,
2026-09-09T18:17:31,SETUP_05,setup,unrelated,50,139,64,1,False,falsche_stelle,False,offerte_11_swiss_finish_anon,offerte_11_swiss_finish_anon|offerte_13_holding_spaltung_anon|offerte_09_domizil_beratung_anon,0.0,0.0,3,1,0.6062,0.5859,0,offerte_11_swiss_finish_anon_chunk_0|offerte_13_holding_spaltung_anon_chunk_2|offerte_09_domizil_beratung_anon_chunk_2,0,0,6.92,0.0,6.92,ollama,True,CHF 340,,
2026-09-09T18:17:31,BUCH_08,buchhaltung,unrelated,50,139,64,1,False,falsche_stelle,False,offerte_12_lohn_reinigung_anon,offerte_01_lohn_gross_anon|offerte_14_buchhaltung_klein_anon|offerte_12_lohn_reinigung_anon,0.0,0.0,3,1,0.7331,0.7218,0,offerte_01_lohn_gross_anon_chunk_0|offerte_14_buchhaltung_klein_anon_chunk_0|offerte_12_lohn_reinigung_anon_chunk_0,0,0,6.88,0.0,6.88,ollama,True,CHF 2'550 - 3'000,,
2026-09-09T18:17:31,LOHN_05,lohn,unrelated,50,139,64,1,False,falsche_stelle,False,offerte_12_lohn_reinigung_anon,offerte_01_lohn_gross_anon|offerte_12_lohn_reinigung_anon|offerte_14_buchhaltung_klein_anon,0.0,0.0,3,1,0.7668,0.7586,0,offerte_01_lohn_gross_anon_chunk_0|offerte_12_lohn_reinigung_anon_chunk_0|offerte_14_buchhaltung_klein_anon_chunk_0,0,0,6.89,0.0,6.89,ollama,True,CHF 600 - 1'000,,
2026-09-09T18:17:31,SETUP_06,setup,unrelated,50,139,64,1,False,falsche_stelle,False,offerte_12_lohn_reinigung_anon,offerte_01_lohn_gross_anon|offerte_12_lohn_reinigung_anon|offerte_14_buchhaltung_klein_anon,0.0,0.0,3,1,0.7273,0.706,0,offerte_01_lohn_gross_anon_chunk_0|offerte_12_lohn_reinigung_anon_chunk_0|offerte_14_buchhaltung_klein_anon_chunk_0,0,0,6.86,0.0,6.86,ollama,True,CHF 420 - 640,,
2026-09-09T18:17:31,BUCH_09,buchhaltung,unrelated,50,139,64,1,False,falsches_dokument,False,offerte_13_holding_spaltung_anon,offerte_05_stiftung_audit_anon|offerte_07_gruendung_domizil_anon|offerte_11_swiss_finish_anon,0.0,0.0,3,1,0.6601,0.6558,0,offerte_05_stiftung_audit_anon_chunk_2|offerte_07_gruendung_domizil_anon_chunk_1|offerte_11_swiss_finish_anon_chunk_1,0,0,6.82,0.0,6.82,ollama,True,CHF 2'550 - 3'000,,
2026-09-09T18:17:31,SONST_01,sonstiges,unrelated,50,139,64,1,True,richtig,False,offerte_13_holding_spaltung_anon,offerte_13_holding_spaltung_anon|offerte_05_stiftung_audit_anon|offerte_07_gruendung_domizil_anon,0.3333,1.0,3,1,0.6525,0.6289,0,offerte_13_holding_spaltung_anon_chunk_2|offerte_05_stiftung_audit_anon_chunk_2|offerte_07_gruendung_domizil_anon_chunk_1,0,0,6.9,0.0,6.9,ollama,True,CHF 1'700,,
2026-09-09T18:17:31,BUCH_10,buchhaltung,unrelated,50,139,64,1,True,richtig,False,offerte_14_buchhaltung_klein_anon,offerte_14_buchhaltung_klein_anon|offerte_01_lohn_gross_anon|offerte_12_lohn_reinigung_anon,0.3333,1.0,3,1,0.6815,0.6746,0,offerte_14_buchhaltung_klein_anon_chunk_1|offerte_01_lohn_gross_anon_chunk_1|offerte_12_lohn_reinigung_anon_chunk_1,0,0,6.89,0.0,6.89,ollama,True,CHF 850 - 1'300,,
2026-09-09T18:17:31,STEU_03,steuern,unrelated,50,139,64,1,False,falsche_stelle,False,offerte_14_buchhaltung_klein_anon,offerte_01_lohn_gross_anon|offerte_14_buchhaltung_klein_anon|offerte_12_lohn_reinigung_anon,0.0,0.0,3,1,0.7572,0.7392,0,offerte_01_lohn_gross_anon_chunk_0|offerte_14_buchhaltung_klein_anon_chunk_0|offerte_12_lohn_reinigung_anon_chunk_0,0,0,6.93,0.0,6.93,ollama,True,CHF 640,,
2026-09-09T18:17:31,UNB_01,unbeantwortbar,unrelated,50,139,64,1,False,material_fuer_halluzination,True,,offerte_12_lohn_reinigung_anon|offerte_14_buchhaltung_klein_anon|offerte_01_lohn_gross_anon,0.0,0.0,3,0,0.6655,0.6593,0,offerte_12_lohn_reinigung_anon_chunk_0|offerte_14_buchhaltung_klein_anon_chunk_0|offerte_01_lohn_gross_anon_chunk_0,0,0,6.94,0.0,6.94,ollama,True,nicht in den Unterlagen,,
2026-09-09T18:17:31,UNB_02,unbeantwortbar,unrelated,50,139,64,1,False,material_fuer_halluzination,True,,offerte_01_lohn_gross_anon|offerte_08_gruendung_vr_anon|offerte_14_buchhaltung_klein_anon,0.0,0.0,3,0,0.6035,0.5952,0,offerte_01_lohn_gross_anon_chunk_0|offerte_08_gruendung_vr_anon_chunk_0|offerte_14_buchhaltung_klein_anon_chunk_0,0,0,6.93,0.0,6.93,ollama,True,nicht in den Unterlagen,,
2026-09-09T18:17:31,UNB_03,unbeantwortbar,unrelated,50,139,64,1,False,material_fuer_halluzination,True,,noise_betreibung_0062|noise_betreibung_0142|noise_betreibung_0014,0.0,0.0,3,0,0.6757,0.6739,0,noise_betreibung_0062_chunk_0|noise_betreibung_0142_chunk_0|noise_betreibung_0014_chunk_1,0,0,7.03,0.0,7.03,ollama,True,nicht in den Unterlagen,,
2026-09-09T18:17:31,UNB_04,unbeantwortbar,unrelated,50,139,64,1,False,material_fuer_halluzination,True,,offerte_14_buchhaltung_klein_anon|offerte_08_gruendung_vr_anon|offerte_12_lohn_reinigung_anon,0.0,0.0,3,0,0.6694,0.6641,0,offerte_14_buchhaltung_klein_anon_chunk_1|offerte_08_gruendung_vr_anon_chunk_0|offerte_12_lohn_reinigung_anon_chunk_1,0,0,6.94,0.0,6.94,ollama,True,nicht in den Unterlagen,,
2026-09-09T18:17:31,UNB_05,unbeantwortbar,unrelated,50,139,64,1,False,material_fuer_halluzination,True,,offerte_14_buchhaltung_klein_anon|offerte_01_lohn_gross_anon|offerte_12_lohn_reinigung_anon,0.0,0.0,3,0,0.6542,0.6495,0,offerte_14_buchhaltung_klein_anon_chunk_0|offerte_01_lohn_gross_anon_chunk_0|offerte_12_lohn_reinigung_anon_chunk_0,0,0,6.96,0.0,6.96,ollama,True,nicht in den Unterlagen,,
2026-09-09T18:17:48,LOHN_01,lohn,unrelated,50,139,64,2,False,falsche_stelle,False,offerte_01_lohn_gross_anon,offerte_01_lohn_gross_anon|offerte_14_buchhaltung_klein_anon|offerte_12_lohn_reinigung_anon,0.0,0.0,3,1,0.7905,0.778,0,offerte_01_lohn_gross_anon_chunk_0|offerte_14_buchhaltung_klein_anon_chunk_0|offerte_12_lohn_reinigung_anon_chunk_0,0,0,6.85,0.0,6.85,ollama,True,CHF 680,,
2026-09-09T18:17:48,BUCH_01,buchhaltung,unrelated,50,139,64,2,True,richtig,False,offerte_01_lohn_gross_anon,offerte_01_lohn_gross_anon|noise_immobilien_0055|offerte_14_buchhaltung_klein_anon,0.3333,1.0,3,1,0.6493,0.6466,0,offerte_01_lohn_gross_anon_chunk_1|noise_immobilien_0055_chunk_2|offerte_14_buchhaltung_klein_anon_chunk_1,0,0,6.82,0.0,6.82,ollama,True,CHF 12'750 - 15'300,,
2026-09-09T18:17:48,MWST_01,mwst,unrelated,50,139,64,2,False,falsche_stelle,False,offerte_01_lohn_gross_anon,offerte_01_lohn_gross_anon|offerte_14_buchhaltung_klein_anon|offerte_12_lohn_reinigung_anon,0.0,0.0,3,1,0.7884,0.7667,0,offerte_01_lohn_gross_anon_chunk_0|offerte_14_buchhaltung_klein_anon_chunk_0|offerte_12_lohn_reinigung_anon_chunk_0,0,0,6.84,0.0,6.84,ollama,True,CHF 1'300,,
2026-09-09T18:17:48,STEU_01,steuern,unrelated,50,139,64,2,False,falsche_stelle,False,offerte_01_lohn_gross_anon,offerte_01_lohn_gross_anon|offerte_14_buchhaltung_klein_anon|offerte_12_lohn_reinigung_anon,0.0,0.0,3,1,0.773,0.7444,0,offerte_01_lohn_gross_anon_chunk_0|offerte_14_buchhaltung_klein_anon_chunk_0|offerte_12_lohn_reinigung_anon_chunk_0,0,0,6.82,0.0,6.82,ollama,True,CHF 850,,
2026-09-09T18:17:48,SETUP_01,setup,unrelated,50,139,64,2,False,falsche_stelle,False,offerte_01_lohn_gross_anon,offerte_01_lohn_gross_anon|offerte_14_buchhaltung_klein_anon|offerte_12_lohn_reinigung_anon,0.0,0.0,3,1,0.7224,0.6967,0,offerte_01_lohn_gross_anon_chunk_0|offerte_14_buchhaltung_klein_anon_chunk_0|offerte_12_lohn_reinigung_anon_chunk_0,0,0,6.83,0.0,6.83,ollama,True,CHF 420,,
2026-09-09T18:17:48,SETUP_02,setup,unrelated,50,139,64,2,False,falsche_stelle,False,offerte_01_lohn_gross_anon,offerte_01_lohn_gross_anon|offerte_14_buchhaltung_klein_anon|offerte_12_lohn_reinigung_anon,0.0,0.0,3,1,0.7594,0.7247,0,offerte_01_lohn_gross_anon_chunk_0|offerte_14_buchhaltung_klein_anon_chunk_0|offerte_12_lohn_reinigung_anon_chunk_0,0,0,6.82,0.0,6.82,ollama,True,CHF 640,,
2026-09-09T18:17:48,RATE_01,stundensatz,unrelated,50,139,64,2,True,richtig,False,offerte_01_lohn_gross_anon,offerte_01_lohn_gross_anon|offerte_14_buchhaltung_klein_anon|offerte_04_revision_anon,0.3333,1.0,3,1,0.7751,0.7647,0,offerte_01_lohn_gross_anon_chunk_0|offerte_14_buchhaltung_klein_anon_chunk_0|offerte_04_revision_anon_chunk_0,0,0,6.84,0.0,6.84,ollama,True,CHF 140,,
2026-09-09T18:17:48,BUCH_02,buchhaltung,unrelated,50,139,64,2,False,falsches_dokument,False,offerte_02_accounting_intl_anon,offerte_05_stiftung_audit_anon|offerte_07_gruendung_domizil_anon|offerte_11_swiss_finish_anon,0.0,0.0,3,1,0.6578,0.6541,0,offerte_05_stiftung_audit_anon_chunk_2|offerte_07_gruendung_domizil_anon_chunk_1|offerte_11_swiss_finish_anon_chunk_1,0,0,6.82,0.0,6.82,ollama,True,CHF 1'700 - 2'100,,
2026-09-09T18:17:48,LOHN_02,lohn,unrelated,50,139,64,2,False,falsche_stelle,False,offerte_02_accounting_intl_anon,offerte_03_accounting_branch_anon|offerte_11_swiss_finish_anon|offerte_02_accounting_intl_anon,0.0,0.0,3,1,0.6099,0.6079,0,offerte_03_accounting_branch_anon_chunk_0|offerte_11_swiss_finish_anon_chunk_0|offerte_02_accounting_intl_anon_chunk_0,0,0,6.92,0.0,6.92,ollama,True,CHF 1'000,,
2026-09-09T18:17:48,SETUP_03,setup,unrelated,50,139,64,2,False,falsche_stelle,False,offerte_02_accounting_intl_anon,offerte_02_accounting_intl_anon|offerte_07_gruendung_domizil_anon|offerte_13_holding_spaltung_anon,0.0,0.0,3,1,0.6348,0.6307,0,offerte_02_accounting_intl_anon_chunk_0|offerte_07_gruendung_domizil_anon_chunk_1|offerte_13_holding_spaltung_anon_chunk_2,0,0,6.85,0.0,6.85,ollama,True,CHF 1'300,,
2026-09-09T18:17:48,MWST_02,mwst,unrelated,50,139,64,2,False,falsche_stelle,False,offerte_02_accounting_intl_anon,offerte_02_accounting_intl_anon|offerte_07_gruendung_domizil_anon|offerte_11_swiss_finish_anon,0.0,0.0,3,1,0.6487,0.6444,0,offerte_02_accounting_intl_anon_chunk_0|offerte_07_gruendung_domizil_anon_chunk_1|offerte_11_swiss_finish_anon_chunk_0,0,0,6.84,0.0,6.84,ollama,True,CHF 850,,
2026-09-09T18:17:48,VERS_01,versicherung,unrelated,50,139,64,2,False,falsche_stelle,False,offerte_02_accounting_intl_anon,offerte_11_swiss_finish_anon|offerte_02_accounting_intl_anon|offerte_03_accounting_branch_anon,0.0,0.0,3,1,0.6259,0.6231,0,offerte_11_swiss_finish_anon_chunk_0|offerte_02_accounting_intl_anon_chunk_0|offerte_03_accounting_branch_anon_chunk_0,0,0,6.82,0.0,6.82,ollama,True,CHF 850 - 1'700,,
2026-09-09T18:17:48,BUCH_03,buchhaltung,unrelated,50,139,64,2,False,falsche_stelle,False,offerte_03_accounting_branch_anon,offerte_03_accounting_branch_anon|offerte_13_holding_spaltung_anon|offerte_07_gruendung_domizil_anon,0.0,0.0,3,1,0.6963,0.6801,0,offerte_03_accounting_branch_anon_chunk_0|offerte_13_holding_spaltung_anon_chunk_2|offerte_07_gruendung_domizil_anon_chunk_1,0,0,6.81,0.0,6.81,ollama,True,CHF 3'400 - 3'800,,
2026-09-09T18:17:48,SETUP_04,setup,unrelated,50,139,64,2,False,falsche_stelle,False,offerte_03_accounting_branch_anon,offerte_03_accounting_branch_anon|offerte_13_holding_spaltung_anon|offerte_02_accounting_intl_anon,0.0,0.0,3,1,0.6634,0.6267,0,offerte_03_accounting_branch_anon_chunk_0|offerte_13_holding_spaltung_anon_chunk_0|offerte_02_accounting_intl_anon_chunk_0,0,0,6.92,0.0,6.92,ollama,True,CHF 1'300,,
2026-09-09T18:17:48,STEU_02,steuern,unrelated,50,139,64,2,False,falsche_stelle,False,offerte_03_accounting_branch_anon,offerte_03_accounting_branch_anon|offerte_13_holding_spaltung_anon,0.0,0.0,3,1,0.6383,0.6276,0,offerte_03_accounting_branch_anon_chunk_0|offerte_13_holding_spaltung_anon_chunk_2|offerte_13_holding_spaltung_anon_chunk_0,0,0,6.89,0.0,6.89,ollama,True,CHF 850,,
2026-09-09T18:17:48,REV_01,revision,unrelated,50,139,64,2,True,richtig,False,offerte_04_revision_anon,offerte_04_revision_anon|offerte_01_lohn_gross_anon|offerte_14_buchhaltung_klein_anon,0.3333,1.0,3,1,0.8388,0.7525,0,offerte_04_revision_anon_chunk_0|offerte_01_lohn_gross_anon_chunk_0|offerte_14_buchhaltung_klein_anon_chunk_0,0,0,6.86,0.0,6.86,ollama,True,CHF 3'250,,
2026-09-09T18:17:48,REV_02,revision,unrelated,50,139,64,2,False,fehlgriff_unrelated,False,offerte_04_revision_anon,noise_betreibung_0070|noise_betreibung_0094|noise_betreibung_0102,0.0,0.0,3,1,0.681,0.6523,0,noise_betreibung_0070_chunk_2|noise_betreibung_0094_chunk_1|noise_betreibung_0102_chunk_0,0,0,6.83,0.0,6.83,ollama,True,CHF 1'300,,
2026-09-09T18:17:48,AUD_01,revision,unrelated,50,139,64,2,True,richtig,False,offerte_05_stiftung_audit_anon,offerte_05_stiftung_audit_anon|offerte_07_gruendung_domizil_anon,0.3333,1.0,3,1,0.6236,0.6012,0,offerte_05_stiftung_audit_anon_chunk_0|offerte_05_stiftung_audit_anon_chunk_2|offerte_07_gruendung_domizil_anon_chunk_1,0,0,6.86,0.0,6.86,ollama,True,CHF 1'550 - 2'100,,
2026-09-09T18:17:48,AUD_02,revision,unrelated,50,139,64,2,True,richtig,False,offerte_05_stiftung_audit_anon,offerte_05_stiftung_audit_anon|offerte_07_gruendung_domizil_anon,0.3333,1.0,3,1,0.6687,0.6471,0,offerte_05_stiftung_audit_anon_chunk_2|offerte_05_stiftung_audit_anon_chunk_0|offerte_07_gruendung_domizil_anon_chunk_1,0,0,6.87,0.0,6.87,ollama,True,CHF 3'800 - 4'700,,
2026-09-09T18:17:48,LOHN_03,lohn,unrelated,50,139,64,2,False,falsche_stelle,False,offerte_05_stiftung_audit_anon,offerte_05_stiftung_audit_anon|offerte_02_accounting_intl_anon|offerte_03_accounting_branch_anon,0.0,0.0,3,1,0.6248,0.6197,0,offerte_05_stiftung_audit_anon_chunk_0|offerte_02_accounting_intl_anon_chunk_2|offerte_03_accounting_branch_anon_chunk_0,0,0,6.87,0.0,6.87,ollama,True,CHF 760,,
2026-09-09T18:17:48,GRUE_01,gruendung,unrelated,50,139,64,2,False,fehlgriff_unrelated,False,offerte_06_gruendung_klein_anon,noise_handelsregister_0121|noise_handelsregister_0129|noise_handelsregister_0001,0.0,0.0,3,1,0.6895,0.6869,0,noise_handelsregister_0121_chunk_1|noise_handelsregister_0129_chunk_0|noise_handelsregister_0001_chunk_1,0,0,6.86,0.0,6.86,ollama,True,CHF 1'700,,
2026-09-09T18:17:48,BUCH_04,buchhaltung,unrelated,50,139,64,2,False,falsches_dokument,False,offerte_06_gruendung_klein_anon,offerte_01_lohn_gross_anon|offerte_08_gruendung_vr_anon|offerte_14_buchhaltung_klein_anon,0.0,0.0,3,1,0.6856,0.6667,0,offerte_01_lohn_gross_anon_chunk_1|offerte_08_gruendung_vr_anon_chunk_2|offerte_14_buchhaltung_klein_anon_chunk_1,0,0,6.83,0.0,6.83,ollama,True,CHF 1'700 - 2'550,,
2026-09-09T18:17:48,VERS_02,versicherung,unrelated,50,139,64,2,False,falsche_stelle,False,offerte_06_gruendung_klein_anon,offerte_12_lohn_reinigung_anon|offerte_14_buchhaltung_klein_anon|offerte_06_gruendung_klein_anon,0.0,0.0,3,1,0.674,0.6603,0,offerte_12_lohn_reinigung_anon_chunk_0|offerte_14_buchhaltung_klein_anon_chunk_0|offerte_06_gruendung_klein_anon_chunk_0,0,0,6.85,0.0,6.85,ollama,True,CHF 210,,
2026-09-09T18:17:48,GRUE_02,gruendung,unrelated,50,139,64,2,True,richtig,False,offerte_07_gruendung_domizil_anon,offerte_07_gruendung_domizil_anon|offerte_09_domizil_beratung_anon|offerte_13_holding_spaltung_anon,0.3333,1.0,3,1,0.6324,0.6078,0,offerte_07_gruendung_domizil_anon_chunk_1|offerte_09_domizil_beratung_anon_chunk_2|offerte_13_holding_spaltung_anon_chunk_2,0,0,6.84,0.0,6.84,ollama,True,CHF 2'100,,
2026-09-09T18:17:48,VR_01,verwaltungsrat,unrelated,50,139,64,2,False,falsches_dokument,False,offerte_07_gruendung_domizil_anon,offerte_11_swiss_finish_anon|offerte_09_domizil_beratung_anon|offerte_02_accounting_intl_anon,0.0,0.0,3,1,0.6273,0.6115,0,offerte_11_swiss_finish_anon_chunk_1|offerte_09_domizil_beratung_anon_chunk_2|offerte_02_accounting_intl_anon_chunk_2,0,0,6.86,0.0,6.86,ollama,True,CHF 4'250,,
2026-09-09T18:17:48,DOM_01,domizil,unrelated,50,139,64,2,False,falsches_dokument,False,offerte_07_gruendung_domizil_anon,offerte_09_domizil_beratung_anon|offerte_11_swiss_finish_anon|offerte_03_accounting_branch_anon,0.0,0.0,3,1,0.6543,0.6379,0,offerte_09_domizil_beratung_anon_chunk_0|offerte_11_swiss_finish_anon_chunk_1|offerte_03_accounting_branch_anon_chunk_0,0,0,6.88,0.0,6.88,ollama,True,CHF 1'700,,
2026-09-09T18:17:48,VR_02,verwaltungsrat,unrelated,50,139,64,2,False,falsche_stelle,False,offerte_08_gruendung_vr_anon,offerte_08_gruendung_vr_anon|offerte_06_gruendung_klein_anon|noise_handelsregister_0169,0.0,0.0,3,1,0.6664,0.6578,0,offerte_08_gruendung_vr_anon_chunk_0|offerte_06_gruendung_klein_anon_chunk_0|noise_handelsregister_0169_chunk_0,0,0,6.88,0.0,6.88,ollama,True,CHF 5'500,,
2026-09-09T18:17:48,DOM_02,domizil,unrelated,50,139,64,2,True,richtig,False,offerte_08_gruendung_vr_anon,offerte_08_gruendung_vr_anon|offerte_01_lohn_gross_anon|offerte_12_lohn_reinigung_anon,0.3333,1.0,3,1,0.7624,0.7348,0,offerte_08_gruendung_vr_anon_chunk_0|offerte_01_lohn_gross_anon_chunk_0|offerte_12_lohn_reinigung_anon_chunk_0,0,0,6.87,0.0,6.87,ollama,True,CHF 2'100,,
2026-09-09T18:17:48,DOM_03,domizil,unrelated,50,139,64,2,False,falsche_stelle,False,offerte_09_domizil_beratung_anon,offerte_09_domizil_beratung_anon|offerte_03_accounting_branch_anon|offerte_13_holding_spaltung_anon,0.0,0.0,3,1,0.6605,0.6395,0,offerte_09_domizil_beratung_anon_chunk_0|offerte_03_accounting_branch_anon_chunk_0|offerte_13_holding_spaltung_anon_chunk_0,0,0,6.84,0.0,6.84,ollama,True,CHF 1'300,,
2026-09-09T18:17:48,DOM_04,domizil,unrelated,50,139,64,2,False,falsche_stelle,False,offerte_09_domizil_beratung_anon,offerte_09_domizil_beratung_anon|offerte_03_accounting_branch_anon|offerte_13_holding_spaltung_anon,0.0,0.0,3,1,0.6398,0.6158,0,offerte_09_domizil_beratung_anon_chunk_0|offerte_03_accounting_branch_anon_chunk_0|offerte_13_holding_spaltung_anon_chunk_0,0,0,6.83,0.0,6.83,ollama,True,CHF 3'400,,
2026-09-09T18:17:48,VR_03,verwaltungsrat,unrelated,50,139,64,2,False,falsche_stelle,False,offerte_09_domizil_beratung_anon,offerte_09_domizil_beratung_anon|offerte_07_gruendung_domizil_anon|offerte_03_accounting_branch_anon,0.0,0.0,3,1,0.6398,0.6298,0,offerte_09_domizil_beratung_anon_chunk_0|offerte_07_gruendung_domizil_anon_chunk_0|offerte_03_accounting_branch_anon_chunk_0,0,0,6.86,0.0,6.86,ollama,True,CHF 4'250,,
2026-09-09T18:17:48,BUCH_05,buchhaltung,unrelated,50,139,64,2,False,falsches_dokument,False,offerte_09_domizil_beratung_anon,offerte_05_stiftung_audit_anon|offerte_07_gruendung_domizil_anon|offerte_11_swiss_finish_anon,0.0,0.0,3,1,0.6524,0.6453,0,offerte_05_stiftung_audit_anon_chunk_2|offerte_07_gruendung_domizil_anon_chunk_1|offerte_11_swiss_finish_anon_chunk_1,0,0,6.87,0.0,6.87,ollama,True,CHF 3'400 - 3'800,,
2026-09-09T18:17:48,BUCH_06,buchhaltung,unrelated,50,139,64,2,False,falsches_dokument,False,offerte_10_accounting_medtech_anon,offerte_07_gruendung_domizil_anon|offerte_05_stiftung_audit_anon|offerte_11_swiss_finish_anon,0.0,0.0,3,1,0.6766,0.6671,0,offerte_07_gruendung_domizil_anon_chunk_1|offerte_05_stiftung_audit_anon_chunk_2|offerte_11_swiss_finish_anon_chunk_0,0,0,6.87,0.0,6.87,ollama,True,CHF 3'400 - 3'800,,
2026-09-09T18:17:49,LOHN_04,lohn,unrelated,50,139,64,2,False,falsches_dokument,False,offerte_10_accounting_medtech_anon,offerte_11_swiss_finish_anon|offerte_03_accounting_branch_anon|offerte_09_domizil_beratung_anon,0.0,0.0,3,1,0.618,0.6146,0,offerte_11_swiss_finish_anon_chunk_0|offerte_03_accounting_branch_anon_chunk_0|offerte_09_domizil_beratung_anon_chunk_2,0,0,6.84,0.0,6.84,ollama,True,CHF 1'000,,
2026-09-09T18:17:49,BUCH_07,buchhaltung,unrelated,50,139,64,2,False,falsche_stelle,False,offerte_11_swiss_finish_anon,offerte_11_swiss_finish_anon|offerte_03_accounting_branch_anon|offerte_05_stiftung_audit_anon,0.0,0.0,3,1,0.733,0.7196,0,offerte_11_swiss_finish_anon_chunk_1|offerte_03_accounting_branch_anon_chunk_1|offerte_05_stiftung_audit_anon_chunk_1,0,0,6.84,0.0,6.84,ollama,True,CHF 210,,
2026-09-09T18:17:49,MWST_03,mwst,unrelated,50,139,64,2,False,falsche_stelle,False,offerte_11_swiss_finish_anon,offerte_11_swiss_finish_anon|offerte_07_gruendung_domizil_anon|offerte_03_accounting_branch_anon,0.0,0.0,3,1,0.6868,0.6577,0,offerte_11_swiss_finish_anon_chunk_0|offerte_07_gruendung_domizil_anon_chunk_1|offerte_03_accounting_branch_anon_chunk_0,0,0,6.83,0.0,6.83,ollama,True,CHF 2'550,,
2026-09-09T18:17:49,SETUP_05,setup,unrelated,50,139,64,2,False,falsche_stelle,False,offerte_11_swiss_finish_anon,offerte_11_swiss_finish_anon|offerte_13_holding_spaltung_anon|offerte_09_domizil_beratung_anon,0.0,0.0,3,1,0.6062,0.5859,0,offerte_11_swiss_finish_anon_chunk_0|offerte_13_holding_spaltung_anon_chunk_2|offerte_09_domizil_beratung_anon_chunk_2,0,0,6.87,0.0,6.87,ollama,True,CHF 340,,
2026-09-09T18:17:49,BUCH_08,buchhaltung,unrelated,50,139,64,2,False,falsche_stelle,False,offerte_12_lohn_reinigung_anon,offerte_01_lohn_gross_anon|offerte_14_buchhaltung_klein_anon|offerte_12_lohn_reinigung_anon,0.0,0.0,3,1,0.7331,0.7218,0,offerte_01_lohn_gross_anon_chunk_0|offerte_14_buchhaltung_klein_anon_chunk_0|offerte_12_lohn_reinigung_anon_chunk_0,0,0,6.96,0.0,6.96,ollama,True,CHF 2'550 - 3'000,,
2026-09-09T18:17:49,LOHN_05,lohn,unrelated,50,139,64,2,False,falsche_stelle,False,offerte_12_lohn_reinigung_anon,offerte_01_lohn_gross_anon|offerte_12_lohn_reinigung_anon|offerte_14_buchhaltung_klein_anon,0.0,0.0,3,1,0.7668,0.7586,0,offerte_01_lohn_gross_anon_chunk_0|offerte_12_lohn_reinigung_anon_chunk_0|offerte_14_buchhaltung_klein_anon_chunk_0,0,0,6.95,0.0,6.95,ollama,True,CHF 600 - 1'000,,
2026-09-09T18:17:49,SETUP_06,setup,unrelated,50,139,64,2,False,falsche_stelle,False,offerte_12_lohn_reinigung_anon,offerte_01_lohn_gross_anon|offerte_12_lohn_reinigung_anon|offerte_14_buchhaltung_klein_anon,0.0,0.0,3,1,0.7273,0.706,0,offerte_01_lohn_gross_anon_chunk_0|offerte_12_lohn_reinigung_anon_chunk_0|offerte_14_buchhaltung_klein_anon_chunk_0,0,0,6.95,0.0,6.95,ollama,True,CHF 420 - 640,,
2026-09-09T18:17:49,BUCH_09,buchhaltung,unrelated,50,139,64,2,False,falsches_dokument,False,offerte_13_holding_spaltung_anon,offerte_05_stiftung_audit_anon|offerte_07_gruendung_domizil_anon|offerte_11_swiss_finish_anon,0.0,0.0,3,1,0.6601,0.6558,0,offerte_05_stiftung_audit_anon_chunk_2|offerte_07_gruendung_domizil_anon_chunk_1|offerte_11_swiss_finish_anon_chunk_1,0,0,6.94,0.0,6.94,ollama,True,CHF 2'550 - 3'000,,
2026-09-09T18:17:49,SONST_01,sonstiges,unrelated,50,139,64,2,True,richtig,False,offerte_13_holding_spaltung_anon,offerte_13_holding_spaltung_anon|offerte_05_stiftung_audit_anon|offerte_07_gruendung_domizil_anon,0.3333,1.0,3,1,0.6525,0.6289,0,offerte_13_holding_spaltung_anon_chunk_2|offerte_05_stiftung_audit_anon_chunk_2|offerte_07_gruendung_domizil_anon_chunk_1,0,0,6.93,0.0,6.93,ollama,True,CHF 1'700,,
2026-09-09T18:17:49,BUCH_10,buchhaltung,unrelated,50,139,64,2,True,richtig,False,offerte_14_buchhaltung_klein_anon,offerte_14_buchhaltung_klein_anon|offerte_01_lohn_gross_anon|offerte_12_lohn_reinigung_anon,0.3333,1.0,3,1,0.6815,0.6746,0,offerte_14_buchhaltung_klein_anon_chunk_1|offerte_01_lohn_gross_anon_chunk_1|offerte_12_lohn_reinigung_anon_chunk_1,0,0,6.96,0.0,6.96,ollama,True,CHF 850 - 1'300,,
2026-09-09T18:17:49,STEU_03,steuern,unrelated,50,139,64,2,False,falsche_stelle,False,offerte_14_buchhaltung_klein_anon,offerte_01_lohn_gross_anon|offerte_14_buchhaltung_klein_anon|offerte_12_lohn_reinigung_anon,0.0,0.0,3,1,0.7572,0.7392,0,offerte_01_lohn_gross_anon_chunk_0|offerte_14_buchhaltung_klein_anon_chunk_0|offerte_12_lohn_reinigung_anon_chunk_0,0,0,6.94,0.0,6.94,ollama,True,CHF 640,,
2026-09-09T18:17:49,UNB_01,unbeantwortbar,unrelated,50,139,64,2,False,material_fuer_halluzination,True,,noise_immobilien_0055|offerte_12_lohn_reinigung_anon|offerte_14_buchhaltung_klein_anon,0.0,0.0,3,0,0.6707,0.6651,0,noise_immobilien_0055_chunk_2|offerte_12_lohn_reinigung_anon_chunk_0|offerte_14_buchhaltung_klein_anon_chunk_0,0,0,6.96,0.0,6.96,ollama,True,nicht in den Unterlagen,,
2026-09-09T18:17:49,UNB_02,unbeantwortbar,unrelated,50,139,64,2,False,material_fuer_halluzination,True,,offerte_01_lohn_gross_anon|noise_betreibung_0070|offerte_08_gruendung_vr_anon,0.0,0.0,3,0,0.6035,0.5984,0,offerte_01_lohn_gross_anon_chunk_0|noise_betreibung_0070_chunk_2|offerte_08_gruendung_vr_anon_chunk_0,0,0,6.9,0.0,6.9,ollama,True,nicht in den Unterlagen,,
2026-09-09T18:17:49,UNB_03,unbeantwortbar,unrelated,50,139,64,2,False,material_fuer_halluzination,True,,noise_betreibung_0070|noise_immobilien_0055|noise_betreibung_0094,0.0,0.0,3,0,0.7111,0.6887,0,noise_betreibung_0070_chunk_2|noise_immobilien_0055_chunk_2|noise_betreibung_0094_chunk_1,0,0,6.97,0.0,6.97,ollama,True,nicht in den Unterlagen,,
2026-09-09T18:17:49,UNB_04,unbeantwortbar,unrelated,50,139,64,2,False,material_fuer_halluzination,True,,offerte_14_buchhaltung_klein_anon|offerte_08_gruendung_vr_anon|offerte_12_lohn_reinigung_anon,0.0,0.0,3,0,0.6694,0.6641,0,offerte_14_buchhaltung_klein_anon_chunk_1|offerte_08_gruendung_vr_anon_chunk_0|offerte_12_lohn_reinigung_anon_chunk_1,0,0,6.88,0.0,6.88,ollama,True,nicht in den Unterlagen,,
2026-09-09T18:17:49,UNB_05,unbeantwortbar,unrelated,50,139,64,2,False,material_fuer_halluzination,True,,noise_immobilien_0055|offerte_14_buchhaltung_klein_anon|noise_archivierung_0040,0.0,0.0,3,0,0.6642,0.6564,0,noise_immobilien_0055_chunk_2|offerte_14_buchhaltung_klein_anon_chunk_0|noise_archivierung_0040_chunk_0,0,0,6.92,0.0,6.92,ollama,True,nicht in den Unterlagen,,
2026-09-09T18:18:00,LOHN_01,lohn,unrelated,50,140,64,3,False,falsche_stelle,False,offerte_01_lohn_gross_anon,offerte_01_lohn_gross_anon|offerte_14_buchhaltung_klein_anon|offerte_12_lohn_reinigung_anon,0.0,0.0,3,1,0.7905,0.778,0,offerte_01_lohn_gross_anon_chunk_0|offerte_14_buchhaltung_klein_anon_chunk_0|offerte_12_lohn_reinigung_anon_chunk_0,0,0,7.0,0.0,7.0,ollama,True,CHF 680,,
2026-09-09T18:18:00,BUCH_01,buchhaltung,unrelated,50,140,64,3,True,richtig,False,offerte_01_lohn_gross_anon,offerte_01_lohn_gross_anon|noise_immobilien_0055|offerte_14_buchhaltung_klein_anon,0.3333,1.0,3,1,0.6493,0.6466,0,offerte_01_lohn_gross_anon_chunk_1|noise_immobilien_0055_chunk_2|offerte_14_buchhaltung_klein_anon_chunk_1,0,0,6.9,0.0,6.9,ollama,True,CHF 12'750 - 15'300,,
2026-09-09T18:18:00,MWST_01,mwst,unrelated,50,140,64,3,False,falsche_stelle,False,offerte_01_lohn_gross_anon,offerte_01_lohn_gross_anon|offerte_14_buchhaltung_klein_anon|offerte_12_lohn_reinigung_anon,0.0,0.0,3,1,0.7884,0.7667,0,offerte_01_lohn_gross_anon_chunk_0|offerte_14_buchhaltung_klein_anon_chunk_0|offerte_12_lohn_reinigung_anon_chunk_0,0,0,6.93,0.0,6.93,ollama,True,CHF 1'300,,
2026-09-09T18:18:00,STEU_01,steuern,unrelated,50,140,64,3,False,falsche_stelle,False,offerte_01_lohn_gross_anon,offerte_01_lohn_gross_anon|offerte_14_buchhaltung_klein_anon|offerte_12_lohn_reinigung_anon,0.0,0.0,3,1,0.773,0.7444,0,offerte_01_lohn_gross_anon_chunk_0|offerte_14_buchhaltung_klein_anon_chunk_0|offerte_12_lohn_reinigung_anon_chunk_0,0,0,6.93,0.0,6.93,ollama,True,CHF 850,,
2026-09-09T18:18:00,SETUP_01,setup,unrelated,50,140,64,3,False,falsche_stelle,False,offerte_01_lohn_gross_anon,offerte_01_lohn_gross_anon|offerte_14_buchhaltung_klein_anon|offerte_12_lohn_reinigung_anon,0.0,0.0,3,1,0.7224,0.6967,0,offerte_01_lohn_gross_anon_chunk_0|offerte_14_buchhaltung_klein_anon_chunk_0|offerte_12_lohn_reinigung_anon_chunk_0,0,0,6.96,0.0,6.96,ollama,True,CHF 420,,
2026-09-09T18:18:00,SETUP_02,setup,unrelated,50,140,64,3,False,falsche_stelle,False,offerte_01_lohn_gross_anon,offerte_01_lohn_gross_anon|offerte_14_buchhaltung_klein_anon|offerte_12_lohn_reinigung_anon,0.0,0.0,3,1,0.7594,0.7247,0,offerte_01_lohn_gross_anon_chunk_0|offerte_14_buchhaltung_klein_anon_chunk_0|offerte_12_lohn_reinigung_anon_chunk_0,0,0,6.94,0.0,6.94,ollama,True,CHF 640,,
2026-09-09T18:18:00,RATE_01,stundensatz,unrelated,50,140,64,3,True,richtig,False,offerte_01_lohn_gross_anon,offerte_01_lohn_gross_anon|offerte_14_buchhaltung_klein_anon|offerte_04_revision_anon,0.3333,1.0,3,1,0.7751,0.7647,0,offerte_01_lohn_gross_anon_chunk_0|offerte_14_buchhaltung_klein_anon_chunk_0|offerte_04_revision_anon_chunk_0,0,0,7.0,0.0,7.0,ollama,True,CHF 140,,
2026-09-09T18:18:00,BUCH_02,buchhaltung,unrelated,50,140,64,3,False,falsches_dokument,False,offerte_02_accounting_intl_anon,offerte_05_stiftung_audit_anon|offerte_07_gruendung_domizil_anon|offerte_11_swiss_finish_anon,0.0,0.0,3,1,0.6578,0.6541,0,offerte_05_stiftung_audit_anon_chunk_2|offerte_07_gruendung_domizil_anon_chunk_1|offerte_11_swiss_finish_anon_chunk_1,0,0,6.92,0.0,6.92,ollama,True,CHF 1'700 - 2'100,,
2026-09-09T18:18:00,LOHN_02,lohn,unrelated,50,140,64,3,False,falsche_stelle,False,offerte_02_accounting_intl_anon,offerte_03_accounting_branch_anon|offerte_11_swiss_finish_anon|offerte_02_accounting_intl_anon,0.0,0.0,3,1,0.6099,0.6079,0,offerte_03_accounting_branch_anon_chunk_0|offerte_11_swiss_finish_anon_chunk_0|offerte_02_accounting_intl_anon_chunk_0,0,0,6.91,0.0,6.91,ollama,True,CHF 1'000,,
2026-09-09T18:18:00,SETUP_03,setup,unrelated,50,140,64,3,False,falsche_stelle,False,offerte_02_accounting_intl_anon,offerte_02_accounting_intl_anon|offerte_07_gruendung_domizil_anon|offerte_13_holding_spaltung_anon,0.0,0.0,3,1,0.6348,0.6307,0,offerte_02_accounting_intl_anon_chunk_0|offerte_07_gruendung_domizil_anon_chunk_1|offerte_13_holding_spaltung_anon_chunk_2,0,0,6.91,0.0,6.91,ollama,True,CHF 1'300,,
2026-09-09T18:18:00,MWST_02,mwst,unrelated,50,140,64,3,False,falsche_stelle,False,offerte_02_accounting_intl_anon,offerte_02_accounting_intl_anon|offerte_07_gruendung_domizil_anon|offerte_11_swiss_finish_anon,0.0,0.0,3,1,0.6487,0.6444,0,offerte_02_accounting_intl_anon_chunk_0|offerte_07_gruendung_domizil_anon_chunk_1|offerte_11_swiss_finish_anon_chunk_0,0,0,6.9,0.0,6.9,ollama,True,CHF 850,,
2026-09-09T18:18:00,VERS_01,versicherung,unrelated,50,140,64,3,False,falsche_stelle,False,offerte_02_accounting_intl_anon,offerte_11_swiss_finish_anon|offerte_02_accounting_intl_anon|offerte_03_accounting_branch_anon,0.0,0.0,3,1,0.6259,0.6231,0,offerte_11_swiss_finish_anon_chunk_0|offerte_02_accounting_intl_anon_chunk_0|offerte_03_accounting_branch_anon_chunk_0,0,0,6.87,0.0,6.87,ollama,True,CHF 850 - 1'700,,
2026-09-09T18:18:00,BUCH_03,buchhaltung,unrelated,50,140,64,3,False,falsche_stelle,False,offerte_03_accounting_branch_anon,offerte_03_accounting_branch_anon|offerte_13_holding_spaltung_anon|offerte_07_gruendung_domizil_anon,0.0,0.0,3,1,0.6963,0.6801,0,offerte_03_accounting_branch_anon_chunk_0|offerte_13_holding_spaltung_anon_chunk_2|offerte_07_gruendung_domizil_anon_chunk_1,0,0,6.89,0.0,6.89,ollama,True,CHF 3'400 - 3'800,,
2026-09-09T18:18:00,SETUP_04,setup,unrelated,50,140,64,3,False,falsche_stelle,False,offerte_03_accounting_branch_anon,offerte_03_accounting_branch_anon|offerte_13_holding_spaltung_anon|offerte_02_accounting_intl_anon,0.0,0.0,3,1,0.6634,0.6267,0,offerte_03_accounting_branch_anon_chunk_0|offerte_13_holding_spaltung_anon_chunk_0|offerte_02_accounting_intl_anon_chunk_0,0,0,6.92,0.0,6.92,ollama,True,CHF 1'300,,
2026-09-09T18:18:00,STEU_02,steuern,unrelated,50,140,64,3,False,falsche_stelle,False,offerte_03_accounting_branch_anon,offerte_03_accounting_branch_anon|offerte_13_holding_spaltung_anon,0.0,0.0,3,1,0.6383,0.6276,0,offerte_03_accounting_branch_anon_chunk_0|offerte_13_holding_spaltung_anon_chunk_2|offerte_13_holding_spaltung_anon_chunk_0,0,0,6.91,0.0,6.91,ollama,True,CHF 850,,
2026-09-09T18:18:00,REV_01,revision,unrelated,50,140,64,3,True,richtig,False,offerte_04_revision_anon,offerte_04_revision_anon|offerte_01_lohn_gross_anon|offerte_14_buchhaltung_klein_anon,0.3333,1.0,3,1,0.8388,0.7525,0,offerte_04_revision_anon_chunk_0|offerte_01_lohn_gross_anon_chunk_0|offerte_14_buchhaltung_klein_anon_chunk_0,0,0,6.93,0.0,6.93,ollama,True,CHF 3'250,,
2026-09-09T18:18:00,REV_02,revision,unrelated,50,140,64,3,False,fehlgriff_unrelated,False,offerte_04_revision_anon,noise_fristen_0037|noise_betreibung_0150|noise_betreibung_0094,0.0,0.0,3,1,0.6442,0.6409,0,noise_fristen_0037_chunk_2|noise_betreibung_0150_chunk_1|noise_betreibung_0094_chunk_1,0,0,6.92,0.0,6.92,ollama,True,CHF 1'300,,
2026-09-09T18:18:00,AUD_01,revision,unrelated,50,140,64,3,True,richtig,False,offerte_05_stiftung_audit_anon,offerte_05_stiftung_audit_anon|offerte_07_gruendung_domizil_anon,0.3333,1.0,3,1,0.6236,0.6012,0,offerte_05_stiftung_audit_anon_chunk_0|offerte_05_stiftung_audit_anon_chunk_2|offerte_07_gruendung_domizil_anon_chunk_1,0,0,6.9,0.0,6.9,ollama,True,CHF 1'550 - 2'100,,
2026-09-09T18:18:00,AUD_02,revision,unrelated,50,140,64,3,True,richtig,False,offerte_05_stiftung_audit_anon,offerte_05_stiftung_audit_anon|offerte_07_gruendung_domizil_anon,0.3333,1.0,3,1,0.6687,0.6471,0,offerte_05_stiftung_audit_anon_chunk_2|offerte_05_stiftung_audit_anon_chunk_0|offerte_07_gruendung_domizil_anon_chunk_1,0,0,6.9,0.0,6.9,ollama,True,CHF 3'800 - 4'700,,
2026-09-09T18:18:00,LOHN_03,lohn,unrelated,50,140,64,3,False,falsche_stelle,False,offerte_05_stiftung_audit_anon,offerte_05_stiftung_audit_anon|offerte_02_accounting_intl_anon|offerte_03_accounting_branch_anon,0.0,0.0,3,1,0.6248,0.6197,0,offerte_05_stiftung_audit_anon_chunk_0|offerte_02_accounting_intl_anon_chunk_2|offerte_03_accounting_branch_anon_chunk_0,0,0,6.87,0.0,6.87,ollama,True,CHF 760,,
2026-09-09T18:18:00,GRUE_01,gruendung,unrelated,50,140,64,3,False,fehlgriff_unrelated,False,offerte_06_gruendung_klein_anon,noise_handelsregister_0161|noise_handelsregister_0169|noise_handelsregister_0193,0.0,0.0,3,1,0.6866,0.6848,0,noise_handelsregister_0161_chunk_1|noise_handelsregister_0169_chunk_0|noise_handelsregister_0193_chunk_1,0,0,6.89,0.0,6.89,ollama,True,CHF 1'700,,
2026-09-09T18:18:00,BUCH_04,buchhaltung,unrelated,50,140,64,3,False,falsches_dokument,False,offerte_06_gruendung_klein_anon,offerte_01_lohn_gross_anon|offerte_08_gruendung_vr_anon|offerte_14_buchhaltung_klein_anon,0.0,0.0,3,1,0.6856,0.6667,0,offerte_01_lohn_gross_anon_chunk_1|offerte_08_gruendung_vr_anon_chunk_2|offerte_14_buchhaltung_klein_anon_chunk_1,0,0,6.89,0.0,6.89,ollama,True,CHF 1'700 - 2'550,,
2026-09-09T18:18:00,VERS_02,versicherung,unrelated,50,140,64,3,False,falsche_stelle,False,offerte_06_gruendung_klein_anon,offerte_12_lohn_reinigung_anon|offerte_14_buchhaltung_klein_anon|offerte_06_gruendung_klein_anon,0.0,0.0,3,1,0.674,0.6603,0,offerte_12_lohn_reinigung_anon_chunk_0|offerte_14_buchhaltung_klein_anon_chunk_0|offerte_06_gruendung_klein_anon_chunk_0,0,0,6.87,0.0,6.87,ollama,True,CHF 210,,
2026-09-09T18:18:00,GRUE_02,gruendung,unrelated,50,140,64,3,True,richtig,False,offerte_07_gruendung_domizil_anon,offerte_07_gruendung_domizil_anon|offerte_09_domizil_beratung_anon|offerte_13_holding_spaltung_anon,0.3333,1.0,3,1,0.6324,0.6078,0,offerte_07_gruendung_domizil_anon_chunk_1|offerte_09_domizil_beratung_anon_chunk_2|offerte_13_holding_spaltung_anon_chunk_2,0,0,6.87,0.0,6.87,ollama,True,CHF 2'100,,
2026-09-09T18:18:00,VR_01,verwaltungsrat,unrelated,50,140,64,3,False,falsches_dokument,False,offerte_07_gruendung_domizil_anon,offerte_11_swiss_finish_anon|offerte_09_domizil_beratung_anon|offerte_02_accounting_intl_anon,0.0,0.0,3,1,0.6273,0.6115,0,offerte_11_swiss_finish_anon_chunk_1|offerte_09_domizil_beratung_anon_chunk_2|offerte_02_accounting_intl_anon_chunk_2,0,0,6.91,0.0,6.91,ollama,True,CHF 4'250,,
2026-09-09T18:18:00,DOM_01,domizil,unrelated,50,140,64,3,False,falsches_dokument,False,offerte_07_gruendung_domizil_anon,offerte_09_domizil_beratung_anon|offerte_11_swiss_finish_anon|offerte_03_accounting_branch_anon,0.0,0.0,3,1,0.6543,0.6379,0,offerte_09_domizil_beratung_anon_chunk_0|offerte_11_swiss_finish_anon_chunk_1|offerte_03_accounting_branch_anon_chunk_0,0,0,6.87,0.0,6.87,ollama,True,CHF 1'700,,
2026-09-09T18:18:00,VR_02,verwaltungsrat,unrelated,50,140,64,3,False,falsche_stelle,False,offerte_08_gruendung_vr_anon,offerte_08_gruendung_vr_anon|offerte_06_gruendung_klein_anon|noise_handelsregister_0169,0.0,0.0,3,1,0.6664,0.6578,0,offerte_08_gruendung_vr_anon_chunk_0|offerte_06_gruendung_klein_anon_chunk_0|noise_handelsregister_0169_chunk_0,0,0,6.87,0.0,6.87,ollama,True,CHF 5'500,,
2026-09-09T18:18:00,DOM_02,domizil,unrelated,50,140,64,3,True,richtig,False,offerte_08_gruendung_vr_anon,offerte_08_gruendung_vr_anon|offerte_01_lohn_gross_anon|offerte_12_lohn_reinigung_anon,0.3333,1.0,3,1,0.7624,0.7348,0,offerte_08_gruendung_vr_anon_chunk_0|offerte_01_lohn_gross_anon_chunk_0|offerte_12_lohn_reinigung_anon_chunk_0,0,0,6.92,0.0,6.92,ollama,True,CHF 2'100,,
2026-09-09T18:18:00,DOM_03,domizil,unrelated,50,140,64,3,False,falsche_stelle,False,offerte_09_domizil_beratung_anon,offerte_09_domizil_beratung_anon|offerte_03_accounting_branch_anon|offerte_13_holding_spaltung_anon,0.0,0.0,3,1,0.6605,0.6395,0,offerte_09_domizil_beratung_anon_chunk_0|offerte_03_accounting_branch_anon_chunk_0|offerte_13_holding_spaltung_anon_chunk_0,0,0,7.05,0.0,7.05,ollama,True,CHF 1'300,,
2026-09-09T18:18:00,DOM_04,domizil,unrelated,50,140,64,3,False,falsche_stelle,False,offerte_09_domizil_beratung_anon,offerte_09_domizil_beratung_anon|offerte_03_accounting_branch_anon|offerte_13_holding_spaltung_anon,0.0,0.0,3,1,0.6398,0.6158,0,offerte_09_domizil_beratung_anon_chunk_0|offerte_03_accounting_branch_anon_chunk_0|offerte_13_holding_spaltung_anon_chunk_0,0,0,6.93,0.0,6.93,ollama,True,CHF 3'400,,
2026-09-09T18:18:00,VR_03,verwaltungsrat,unrelated,50,140,64,3,False,falsche_stelle,False,offerte_09_domizil_beratung_anon,offerte_09_domizil_beratung_anon|offerte_07_gruendung_domizil_anon|offerte_03_accounting_branch_anon,0.0,0.0,3,1,0.6398,0.6298,0,offerte_09_domizil_beratung_anon_chunk_0|offerte_07_gruendung_domizil_anon_chunk_0|offerte_03_accounting_branch_anon_chunk_0,0,0,6.91,0.0,6.91,ollama,True,CHF 4'250,,
2026-09-09T18:18:00,BUCH_05,buchhaltung,unrelated,50,140,64,3,False,falsches_dokument,False,offerte_09_domizil_beratung_anon,offerte_05_stiftung_audit_anon|offerte_07_gruendung_domizil_anon|offerte_11_swiss_finish_anon,0.0,0.0,3,1,0.6524,0.6453,0,offerte_05_stiftung_audit_anon_chunk_2|offerte_07_gruendung_domizil_anon_chunk_1|offerte_11_swiss_finish_anon_chunk_1,0,0,6.87,0.0,6.87,ollama,True,CHF 3'400 - 3'800,,
2026-09-09T18:18:00,BUCH_06,buchhaltung,unrelated,50,140,64,3,False,falsches_dokument,False,offerte_10_accounting_medtech_anon,offerte_07_gruendung_domizil_anon|offerte_05_stiftung_audit_anon|offerte_11_swiss_finish_anon,0.0,0.0,3,1,0.6766,0.6671,0,offerte_07_gruendung_domizil_anon_chunk_1|offerte_05_stiftung_audit_anon_chunk_2|offerte_11_swiss_finish_anon_chunk_0,0,0,6.91,0.0,6.91,ollama,True,CHF 3'400 - 3'800,,
2026-09-09T18:18:00,LOHN_04,lohn,unrelated,50,140,64,3,False,falsches_dokument,False,offerte_10_accounting_medtech_anon,offerte_11_swiss_finish_anon|offerte_03_accounting_branch_anon|offerte_09_domizil_beratung_anon,0.0,0.0,3,1,0.618,0.6146,0,offerte_11_swiss_finish_anon_chunk_0|offerte_03_accounting_branch_anon_chunk_0|offerte_09_domizil_beratung_anon_chunk_2,0,0,6.9,0.0,6.9,ollama,True,CHF 1'000,,
2026-09-09T18:18:00,BUCH_07,buchhaltung,unrelated,50,140,64,3,False,falsche_stelle,False,offerte_11_swiss_finish_anon,offerte_11_swiss_finish_anon|offerte_03_accounting_branch_anon|offerte_05_stiftung_audit_anon,0.0,0.0,3,1,0.733,0.7196,0,offerte_11_swiss_finish_anon_chunk_1|offerte_03_accounting_branch_anon_chunk_1|offerte_05_stiftung_audit_anon_chunk_1,0,0,6.92,0.0,6.92,ollama,True,CHF 210,,
2026-09-09T18:18:00,MWST_03,mwst,unrelated,50,140,64,3,False,falsche_stelle,False,offerte_11_swiss_finish_anon,offerte_11_swiss_finish_anon|offerte_07_gruendung_domizil_anon|offerte_03_accounting_branch_anon,0.0,0.0,3,1,0.6868,0.6577,0,offerte_11_swiss_finish_anon_chunk_0|offerte_07_gruendung_domizil_anon_chunk_1|offerte_03_accounting_branch_anon_chunk_0,0,0,6.92,0.0,6.92,ollama,True,CHF 2'550,,
2026-09-09T18:18:00,SETUP_05,setup,unrelated,50,140,64,3,False,falsche_stelle,False,offerte_11_swiss_finish_anon,offerte_11_swiss_finish_anon|offerte_13_holding_spaltung_anon|offerte_09_domizil_beratung_anon,0.0,0.0,3,1,0.6062,0.5859,0,offerte_11_swiss_finish_anon_chunk_0|offerte_13_holding_spaltung_anon_chunk_2|offerte_09_domizil_beratung_anon_chunk_2,0,0,7.01,0.0,7.01,ollama,True,CHF 340,,
2026-09-09T18:18:00,BUCH_08,buchhaltung,unrelated,50,140,64,3,False,falsche_stelle,False,offerte_12_lohn_reinigung_anon,offerte_01_lohn_gross_anon|offerte_14_buchhaltung_klein_anon|offerte_12_lohn_reinigung_anon,0.0,0.0,3,1,0.7331,0.7218,0,offerte_01_lohn_gross_anon_chunk_0|offerte_14_buchhaltung_klein_anon_chunk_0|offerte_12_lohn_reinigung_anon_chunk_0,0,0,7.01,0.0,7.01,ollama,True,CHF 2'550 - 3'000,,
2026-09-09T18:18:00,LOHN_05,lohn,unrelated,50,140,64,3,False,falsche_stelle,False,offerte_12_lohn_reinigung_anon,offerte_01_lohn_gross_anon|offerte_12_lohn_reinigung_anon|offerte_14_buchhaltung_klein_anon,0.0,0.0,3,1,0.7668,0.7586,0,offerte_01_lohn_gross_anon_chunk_0|offerte_12_lohn_reinigung_anon_chunk_0|offerte_14_buchhaltung_klein_anon_chunk_0,0,0,6.99,0.0,6.99,ollama,True,CHF 600 - 1'000,,
2026-09-09T18:18:00,SETUP_06,setup,unrelated,50,140,64,3,False,falsche_stelle,False,offerte_12_lohn_reinigung_anon,offerte_01_lohn_gross_anon|offerte_12_lohn_reinigung_anon|offerte_14_buchhaltung_klein_anon,0.0,0.0,3,1,0.7273,0.706,0,offerte_01_lohn_gross_anon_chunk_0|offerte_12_lohn_reinigung_anon_chunk_0|offerte_14_buchhaltung_klein_anon_chunk_0,0,0,7.0,0.0,7.0,ollama,True,CHF 420 - 640,,
2026-09-09T18:18:00,BUCH_09,buchhaltung,unrelated,50,140,64,3,False,falsches_dokument,False,offerte_13_holding_spaltung_anon,offerte_05_stiftung_audit_anon|offerte_07_gruendung_domizil_anon|offerte_11_swiss_finish_anon,0.0,0.0,3,1,0.6601,0.6558,0,offerte_05_stiftung_audit_anon_chunk_2|offerte_07_gruendung_domizil_anon_chunk_1|offerte_11_swiss_finish_anon_chunk_1,0,0,6.98,0.0,6.98,ollama,True,CHF 2'550 - 3'000,,
2026-09-09T18:18:00,SONST_01,sonstiges,unrelated,50,140,64,3,True,richtig,False,offerte_13_holding_spaltung_anon,offerte_13_holding_spaltung_anon|offerte_05_stiftung_audit_anon|offerte_07_gruendung_domizil_anon,0.3333,1.0,3,1,0.6525,0.6289,0,offerte_13_holding_spaltung_anon_chunk_2|offerte_05_stiftung_audit_anon_chunk_2|offerte_07_gruendung_domizil_anon_chunk_1,0,0,7.01,0.0,7.01,ollama,True,CHF 1'700,,
2026-09-09T18:18:00,BUCH_10,buchhaltung,unrelated,50,140,64,3,True,richtig,False,offerte_14_buchhaltung_klein_anon,offerte_14_buchhaltung_klein_anon|offerte_01_lohn_gross_anon|offerte_12_lohn_reinigung_anon,0.3333,1.0,3,1,0.6815,0.6746,0,offerte_14_buchhaltung_klein_anon_chunk_1|offerte_01_lohn_gross_anon_chunk_1|offerte_12_lohn_reinigung_anon_chunk_1,0,0,6.98,0.0,6.98,ollama,True,CHF 850 - 1'300,,
2026-09-09T18:18:00,STEU_03,steuern,unrelated,50,140,64,3,False,falsche_stelle,False,offerte_14_buchhaltung_klein_anon,offerte_01_lohn_gross_anon|offerte_14_buchhaltung_klein_anon|offerte_12_lohn_reinigung_anon,0.0,0.0,3,1,0.7572,0.7392,0,offerte_01_lohn_gross_anon_chunk_0|offerte_14_buchhaltung_klein_anon_chunk_0|offerte_12_lohn_reinigung_anon_chunk_0,0,0,6.96,0.0,6.96,ollama,True,CHF 640,,
2026-09-09T18:18:00,UNB_01,unbeantwortbar,unrelated,50,140,64,3,False,material_fuer_halluzination,True,,noise_immobilien_0055|offerte_12_lohn_reinigung_anon|offerte_14_buchhaltung_klein_anon,0.0,0.0,3,0,0.6707,0.6651,0,noise_immobilien_0055_chunk_2|offerte_12_lohn_reinigung_anon_chunk_0|offerte_14_buchhaltung_klein_anon_chunk_0,0,0,7.0,0.0,7.0,ollama,True,nicht in den Unterlagen,,
2026-09-09T18:18:00,UNB_02,unbeantwortbar,unrelated,50,140,64,3,False,material_fuer_halluzination,True,,offerte_01_lohn_gross_anon|offerte_08_gruendung_vr_anon|offerte_14_buchhaltung_klein_anon,0.0,0.0,3,0,0.6035,0.5952,0,offerte_01_lohn_gross_anon_chunk_0|offerte_08_gruendung_vr_anon_chunk_0|offerte_14_buchhaltung_klein_anon_chunk_0,0,0,6.99,0.0,6.99,ollama,True,nicht in den Unterlagen,,
2026-09-09T18:18:00,UNB_03,unbeantwortbar,unrelated,50,140,64,3,False,material_fuer_halluzination,True,,noise_immobilien_0055|noise_betreibung_0038|noise_betreibung_0094,0.0,0.0,3,0,0.6792,0.6775,0,noise_immobilien_0055_chunk_2|noise_betreibung_0038_chunk_0|noise_betreibung_0094_chunk_1,0,0,7.01,0.0,7.01,ollama,True,nicht in den Unterlagen,,
2026-09-09T18:18:00,UNB_04,unbeantwortbar,unrelated,50,140,64,3,False,material_fuer_halluzination,True,,offerte_14_buchhaltung_klein_anon|offerte_08_gruendung_vr_anon|offerte_12_lohn_reinigung_anon,0.0,0.0,3,0,0.6694,0.6641,0,offerte_14_buchhaltung_klein_anon_chunk_1|offerte_08_gruendung_vr_anon_chunk_0|offerte_12_lohn_reinigung_anon_chunk_1,0,0,6.99,0.0,6.99,ollama,True,nicht in den Unterlagen,,
2026-09-09T18:18:00,UNB_05,unbeantwortbar,unrelated,50,140,64,3,False,material_fuer_halluzination,True,,noise_immobilien_0055|offerte_14_buchhaltung_klein_anon|noise_archivierung_0152,0.0,0.0,3,0,0.6642,0.6562,0,noise_immobilien_0055_chunk_2|offerte_14_buchhaltung_klein_anon_chunk_0|noise_archivierung_0152_chunk_0,0,0,7.03,0.0,7.03,ollama,True,nicht in den Unterlagen,,
2026-09-09T18:18:19,LOHN_01,lohn,unrelated,100,241,114,1,False,falsche_stelle,False,offerte_01_lohn_gross_anon,offerte_01_lohn_gross_anon|offerte_14_buchhaltung_klein_anon|offerte_12_lohn_reinigung_anon,0.0,0.0,3,1,0.7905,0.778,0,offerte_01_lohn_gross_anon_chunk_0|offerte_14_buchhaltung_klein_anon_chunk_0|offerte_12_lohn_reinigung_anon_chunk_0,0,0,11.93,0.0,11.93,ollama,True,CHF 680,,
2026-09-09T18:18:19,BUCH_01,buchhaltung,unrelated,100,241,114,1,True,richtig,False,offerte_01_lohn_gross_anon,noise_immobilien_0039|offerte_01_lohn_gross_anon|offerte_14_buchhaltung_klein_anon,0.3333,1.0,3,1,0.6504,0.6472,0,noise_immobilien_0039_chunk_2|offerte_01_lohn_gross_anon_chunk_1|offerte_14_buchhaltung_klein_anon_chunk_1,0,0,11.94,0.0,11.94,ollama,True,CHF 12'750 - 15'300,,
2026-09-09T18:18:20,MWST_01,mwst,unrelated,100,241,114,1,False,falsche_stelle,False,offerte_01_lohn_gross_anon,offerte_01_lohn_gross_anon|offerte_14_buchhaltung_klein_anon|offerte_12_lohn_reinigung_anon,0.0,0.0,3,1,0.7884,0.7667,0,offerte_01_lohn_gross_anon_chunk_0|offerte_14_buchhaltung_klein_anon_chunk_0|offerte_12_lohn_reinigung_anon_chunk_0,0,0,11.91,0.0,11.91,ollama,True,CHF 1'300,,
2026-09-09T18:18:20,STEU_01,steuern,unrelated,100,241,114,1,False,falsche_stelle,False,offerte_01_lohn_gross_anon,offerte_01_lohn_gross_anon|offerte_14_buchhaltung_klein_anon|offerte_12_lohn_reinigung_anon,0.0,0.0,3,1,0.773,0.7444,0,offerte_01_lohn_gross_anon_chunk_0|offerte_14_buchhaltung_klein_anon_chunk_0|offerte_12_lohn_reinigung_anon_chunk_0,0,0,11.95,0.0,11.95,ollama,True,CHF 850,,
2026-09-09T18:18:20,SETUP_01,setup,unrelated,100,241,114,1,False,falsche_stelle,False,offerte_01_lohn_gross_anon,offerte_01_lohn_gross_anon|offerte_14_buchhaltung_klein_anon|offerte_12_lohn_reinigung_anon,0.0,0.0,3,1,0.7224,0.6967,0,offerte_01_lohn_gross_anon_chunk_0|offerte_14_buchhaltung_klein_anon_chunk_0|offerte_12_lohn_reinigung_anon_chunk_0,0,0,11.97,0.0,11.97,ollama,True,CHF 420,,
2026-09-09T18:18:20,SETUP_02,setup,unrelated,100,241,114,1,False,falsche_stelle,False,offerte_01_lohn_gross_anon,offerte_01_lohn_gross_anon|offerte_14_buchhaltung_klein_anon|offerte_12_lohn_reinigung_anon,0.0,0.0,3,1,0.7594,0.7247,0,offerte_01_lohn_gross_anon_chunk_0|offerte_14_buchhaltung_klein_anon_chunk_0|offerte_12_lohn_reinigung_anon_chunk_0,0,0,11.91,0.0,11.91,ollama,True,CHF 640,,
2026-09-09T18:18:20,RATE_01,stundensatz,unrelated,100,241,114,1,True,richtig,False,offerte_01_lohn_gross_anon,offerte_01_lohn_gross_anon|offerte_14_buchhaltung_klein_anon|offerte_04_revision_anon,0.3333,1.0,3,1,0.7751,0.7647,0,offerte_01_lohn_gross_anon_chunk_0|offerte_14_buchhaltung_klein_anon_chunk_0|offerte_04_revision_anon_chunk_0,0,0,11.97,0.0,11.97,ollama,True,CHF 140,,
2026-09-09T18:18:20,BUCH_02,buchhaltung,unrelated,100,241,114,1,False,falsches_dokument,False,offerte_02_accounting_intl_anon,offerte_05_stiftung_audit_anon|offerte_07_gruendung_domizil_anon|offerte_11_swiss_finish_anon,0.0,0.0,3,1,0.6578,0.6541,0,offerte_05_stiftung_audit_anon_chunk_2|offerte_07_gruendung_domizil_anon_chunk_1|offerte_11_swiss_finish_anon_chunk_1,0,0,11.96,0.0,11.96,ollama,True,CHF 1'700 - 2'100,,
2026-09-09T18:18:20,LOHN_02,lohn,unrelated,100,241,114,1,False,falsche_stelle,False,offerte_02_accounting_intl_anon,offerte_03_accounting_branch_anon|offerte_11_swiss_finish_anon|offerte_02_accounting_intl_anon,0.0,0.0,3,1,0.6099,0.6079,0,offerte_03_accounting_branch_anon_chunk_0|offerte_11_swiss_finish_anon_chunk_0|offerte_02_accounting_intl_anon_chunk_0,0,0,12.01,0.0,12.01,ollama,True,CHF 1'000,,
2026-09-09T18:18:20,SETUP_03,setup,unrelated,100,241,114,1,False,falsche_stelle,False,offerte_02_accounting_intl_anon,offerte_02_accounting_intl_anon|offerte_07_gruendung_domizil_anon|offerte_13_holding_spaltung_anon,0.0,0.0,3,1,0.6348,0.6307,0,offerte_02_accounting_intl_anon_chunk_0|offerte_07_gruendung_domizil_anon_chunk_1|offerte_13_holding_spaltung_anon_chunk_2,0,0,11.91,0.0,11.91,ollama,True,CHF 1'300,,
2026-09-09T18:18:20,MWST_02,mwst,unrelated,100,241,114,1,False,falsche_stelle,False,offerte_02_accounting_intl_anon,offerte_02_accounting_intl_anon|offerte_07_gruendung_domizil_anon|offerte_11_swiss_finish_anon,0.0,0.0,3,1,0.6487,0.6444,0,offerte_02_accounting_intl_anon_chunk_0|offerte_07_gruendung_domizil_anon_chunk_1|offerte_11_swiss_finish_anon_chunk_0,0,0,12.02,0.0,12.02,ollama,True,CHF 850,,
2026-09-09T18:18:20,VERS_01,versicherung,unrelated,100,241,114,1,False,falsche_stelle,False,offerte_02_accounting_intl_anon,offerte_11_swiss_finish_anon|offerte_02_accounting_intl_anon|offerte_03_accounting_branch_anon,0.0,0.0,3,1,0.6259,0.6231,0,offerte_11_swiss_finish_anon_chunk_0|offerte_02_accounting_intl_anon_chunk_0|offerte_03_accounting_branch_anon_chunk_0,0,0,11.94,0.0,11.94,ollama,True,CHF 850 - 1'700,,
2026-09-09T18:18:20,BUCH_03,buchhaltung,unrelated,100,241,114,1,False,falsche_stelle,False,offerte_03_accounting_branch_anon,offerte_03_accounting_branch_anon|offerte_13_holding_spaltung_anon|offerte_07_gruendung_domizil_anon,0.0,0.0,3,1,0.6963,0.6801,0,offerte_03_accounting_branch_anon_chunk_0|offerte_13_holding_spaltung_anon_chunk_2|offerte_07_gruendung_domizil_anon_chunk_1,0,0,11.95,0.0,11.95,ollama,True,CHF 3'400 - 3'800,,
2026-09-09T18:18:20,SETUP_04,setup,unrelated,100,241,114,1,False,falsche_stelle,False,offerte_03_accounting_branch_anon,offerte_03_accounting_branch_anon|offerte_13_holding_spaltung_anon|offerte_02_accounting_intl_anon,0.0,0.0,3,1,0.6634,0.6267,0,offerte_03_accounting_branch_anon_chunk_0|offerte_13_holding_spaltung_anon_chunk_0|offerte_02_accounting_intl_anon_chunk_0,0,0,11.91,0.0,11.91,ollama,True,CHF 1'300,,
2026-09-09T18:18:20,STEU_02,steuern,unrelated,100,241,114,1,False,falsche_stelle,False,offerte_03_accounting_branch_anon,offerte_03_accounting_branch_anon|offerte_13_holding_spaltung_anon,0.0,0.0,3,1,0.6383,0.6276,0,offerte_03_accounting_branch_anon_chunk_0|offerte_13_holding_spaltung_anon_chunk_2|offerte_13_holding_spaltung_anon_chunk_0,0,0,11.92,0.0,11.92,ollama,True,CHF 850,,
2026-09-09T18:18:20,REV_01,revision,unrelated,100,241,114,1,True,richtig,False,offerte_04_revision_anon,offerte_04_revision_anon|offerte_01_lohn_gross_anon|offerte_14_buchhaltung_klein_anon,0.3333,1.0,3,1,0.8388,0.7525,0,offerte_04_revision_anon_chunk_0|offerte_01_lohn_gross_anon_chunk_0|offerte_14_buchhaltung_klein_anon_chunk_0,0,0,11.88,0.0,11.88,ollama,True,CHF 3'250,,
2026-09-09T18:18:20,REV_02,revision,unrelated,100,241,114,1,False,fehlgriff_unrelated,False,offerte_04_revision_anon,noise_fristen_0037|noise_betreibung_0190|noise_betreibung_0062,0.0,0.0,3,1,0.6442,0.6408,0,noise_fristen_0037_chunk_2|noise_betreibung_0190_chunk_1|noise_betreibung_0062_chunk_0,0,0,11.92,0.0,11.92,ollama,True,CHF 1'300,,
2026-09-09T18:18:20,AUD_01,revision,unrelated,100,241,114,1,True,richtig,False,offerte_05_stiftung_audit_anon,offerte_05_stiftung_audit_anon|offerte_07_gruendung_domizil_anon,0.3333,1.0,3,1,0.6236,0.6012,0,offerte_05_stiftung_audit_anon_chunk_0|offerte_05_stiftung_audit_anon_chunk_2|offerte_07_gruendung_domizil_anon_chunk_1,0,0,11.98,0.0,11.98,ollama,True,CHF 1'550 - 2'100,,
2026-09-09T18:18:20,AUD_02,revision,unrelated,100,241,114,1,True,richtig,False,offerte_05_stiftung_audit_anon,offerte_05_stiftung_audit_anon|offerte_07_gruendung_domizil_anon,0.3333,1.0,3,1,0.6687,0.6471,0,offerte_05_stiftung_audit_anon_chunk_2|offerte_05_stiftung_audit_anon_chunk_0|offerte_07_gruendung_domizil_anon_chunk_1,0,0,11.86,0.0,11.86,ollama,True,CHF 3'800 - 4'700,,
2026-09-09T18:18:20,LOHN_03,lohn,unrelated,100,241,114,1,False,falsche_stelle,False,offerte_05_stiftung_audit_anon,offerte_05_stiftung_audit_anon|offerte_02_accounting_intl_anon|offerte_03_accounting_branch_anon,0.0,0.0,3,1,0.6248,0.6197,0,offerte_05_stiftung_audit_anon_chunk_0|offerte_02_accounting_intl_anon_chunk_2|offerte_03_accounting_branch_anon_chunk_0,0,0,11.96,0.0,11.96,ollama,True,CHF 760,,
2026-09-09T18:18:20,GRUE_01,gruendung,unrelated,100,241,114,1,False,fehlgriff_unrelated,False,offerte_06_gruendung_klein_anon,noise_handelsregister_0121|noise_handelsregister_0177|noise_handelsregister_0089,0.0,0.0,3,1,0.6895,0.6868,0,noise_handelsregister_0121_chunk_1|noise_handelsregister_0177_chunk_1|noise_handelsregister_0089_chunk_1,0,0,11.96,0.0,11.96,ollama,True,CHF 1'700,,
2026-09-09T18:18:20,BUCH_04,buchhaltung,unrelated,100,241,114,1,False,falsches_dokument,False,offerte_06_gruendung_klein_anon,offerte_01_lohn_gross_anon|offerte_08_gruendung_vr_anon|offerte_14_buchhaltung_klein_anon,0.0,0.0,3,1,0.6856,0.6667,0,offerte_01_lohn_gross_anon_chunk_1|offerte_08_gruendung_vr_anon_chunk_2|offerte_14_buchhaltung_klein_anon_chunk_1,0,0,11.93,0.0,11.93,ollama,True,CHF 1'700 - 2'550,,
2026-09-09T18:18:20,VERS_02,versicherung,unrelated,100,241,114,1,False,falsche_stelle,False,offerte_06_gruendung_klein_anon,offerte_12_lohn_reinigung_anon|offerte_14_buchhaltung_klein_anon|offerte_06_gruendung_klein_anon,0.0,0.0,3,1,0.674,0.6603,0,offerte_12_lohn_reinigung_anon_chunk_0|offerte_14_buchhaltung_klein_anon_chunk_0|offerte_06_gruendung_klein_anon_chunk_0,0,0,11.88,0.0,11.88,ollama,True,CHF 210,,
2026-09-09T18:18:20,GRUE_02,gruendung,unrelated,100,241,114,1,True,richtig,False,offerte_07_gruendung_domizil_anon,offerte_07_gruendung_domizil_anon|offerte_09_domizil_beratung_anon|offerte_13_holding_spaltung_anon,0.3333,1.0,3,1,0.6324,0.6078,0,offerte_07_gruendung_domizil_anon_chunk_1|offerte_09_domizil_beratung_anon_chunk_2|offerte_13_holding_spaltung_anon_chunk_2,0,0,11.92,0.0,11.92,ollama,True,CHF 2'100,,
2026-09-09T18:18:20,VR_01,verwaltungsrat,unrelated,100,241,114,1,False,falsches_dokument,False,offerte_07_gruendung_domizil_anon,offerte_11_swiss_finish_anon|offerte_09_domizil_beratung_anon|offerte_02_accounting_intl_anon,0.0,0.0,3,1,0.6273,0.6115,0,offerte_11_swiss_finish_anon_chunk_1|offerte_09_domizil_beratung_anon_chunk_2|offerte_02_accounting_intl_anon_chunk_2,0,0,12.08,0.0,12.08,ollama,True,CHF 4'250,,
2026-09-09T18:18:20,DOM_01,domizil,unrelated,100,241,114,1,False,falsches_dokument,False,offerte_07_gruendung_domizil_anon,offerte_09_domizil_beratung_anon|offerte_11_swiss_finish_anon|offerte_03_accounting_branch_anon,0.0,0.0,3,1,0.6543,0.6379,0,offerte_09_domizil_beratung_anon_chunk_0|offerte_11_swiss_finish_anon_chunk_1|offerte_03_accounting_branch_anon_chunk_0,0,0,12.05,0.0,12.05,ollama,True,CHF 1'700,,
2026-09-09T18:18:20,VR_02,verwaltungsrat,unrelated,100,241,114,1,False,falsche_stelle,False,offerte_08_gruendung_vr_anon,offerte_08_gruendung_vr_anon|offerte_06_gruendung_klein_anon|noise_immobilien_0039,0.0,0.0,3,1,0.6664,0.6577,0,offerte_08_gruendung_vr_anon_chunk_0|offerte_06_gruendung_klein_anon_chunk_0|noise_immobilien_0039_chunk_2,0,0,12.15,0.0,12.15,ollama,True,CHF 5'500,,
2026-09-09T18:18:20,DOM_02,domizil,unrelated,100,241,114,1,True,richtig,False,offerte_08_gruendung_vr_anon,offerte_08_gruendung_vr_anon|offerte_01_lohn_gross_anon|offerte_12_lohn_reinigung_anon,0.3333,1.0,3,1,0.7624,0.7348,0,offerte_08_gruendung_vr_anon_chunk_0|offerte_01_lohn_gross_anon_chunk_0|offerte_12_lohn_reinigung_anon_chunk_0,0,0,12.07,0.0,12.07,ollama,True,CHF 2'100,,
2026-09-09T18:18:20,DOM_03,domizil,unrelated,100,241,114,1,False,falsche_stelle,False,offerte_09_domizil_beratung_anon,offerte_09_domizil_beratung_anon|offerte_03_accounting_branch_anon|offerte_13_holding_spaltung_anon,0.0,0.0,3,1,0.6605,0.6395,0,offerte_09_domizil_beratung_anon_chunk_0|offerte_03_accounting_branch_anon_chunk_0|offerte_13_holding_spaltung_anon_chunk_0,0,0,12.17,0.0,12.17,ollama,True,CHF 1'300,,
2026-09-09T18:18:20,DOM_04,domizil,unrelated,100,241,114,1,False,falsche_stelle,False,offerte_09_domizil_beratung_anon,offerte_09_domizil_beratung_anon|offerte_03_accounting_branch_anon|offerte_13_holding_spaltung_anon,0.0,0.0,3,1,0.6398,0.6158,0,offerte_09_domizil_beratung_anon_chunk_0|offerte_03_accounting_branch_anon_chunk_0|offerte_13_holding_spaltung_anon_chunk_0,0,0,12.15,0.0,12.15,ollama,True,CHF 3'400,,
2026-09-09T18:18:20,VR_03,verwaltungsrat,unrelated,100,241,114,1,False,falsche_stelle,False,offerte_09_domizil_beratung_anon,offerte_09_domizil_beratung_anon|offerte_07_gruendung_domizil_anon|offerte_03_accounting_branch_anon,0.0,0.0,3,1,0.6398,0.6298,0,offerte_09_domizil_beratung_anon_chunk_0|offerte_07_gruendung_domizil_anon_chunk_0|offerte_03_accounting_branch_anon_chunk_0,0,0,12.13,0.0,12.13,ollama,True,CHF 4'250,,
2026-09-09T18:18:20,BUCH_05,buchhaltung,unrelated,100,241,114,1,False,falsches_dokument,False,offerte_09_domizil_beratung_anon,offerte_05_stiftung_audit_anon|offerte_07_gruendung_domizil_anon|offerte_11_swiss_finish_anon,0.0,0.0,3,1,0.6524,0.6453,0,offerte_05_stiftung_audit_anon_chunk_2|offerte_07_gruendung_domizil_anon_chunk_1|offerte_11_swiss_finish_anon_chunk_1,0,0,12.11,0.0,12.11,ollama,True,CHF 3'400 - 3'800,,
2026-09-09T18:18:20,BUCH_06,buchhaltung,unrelated,100,241,114,1,False,falsches_dokument,False,offerte_10_accounting_medtech_anon,offerte_07_gruendung_domizil_anon|offerte_05_stiftung_audit_anon|offerte_11_swiss_finish_anon,0.0,0.0,3,1,0.6766,0.6671,0,offerte_07_gruendung_domizil_anon_chunk_1|offerte_05_stiftung_audit_anon_chunk_2|offerte_11_swiss_finish_anon_chunk_0,0,0,12.14,0.0,12.14,ollama,True,CHF 3'400 - 3'800,,
2026-09-09T18:18:20,LOHN_04,lohn,unrelated,100,241,114,1,False,falsches_dokument,False,offerte_10_accounting_medtech_anon,offerte_11_swiss_finish_anon|offerte_03_accounting_branch_anon|offerte_09_domizil_beratung_anon,0.0,0.0,3,1,0.618,0.6146,0,offerte_11_swiss_finish_anon_chunk_0|offerte_03_accounting_branch_anon_chunk_0|offerte_09_domizil_beratung_anon_chunk_2,0,0,12.22,0.0,12.22,ollama,True,CHF 1'000,,
2026-09-09T18:18:20,BUCH_07,buchhaltung,unrelated,100,241,114,1,False,falsche_stelle,False,offerte_11_swiss_finish_anon,offerte_11_swiss_finish_anon|offerte_03_accounting_branch_anon|offerte_05_stiftung_audit_anon,0.0,0.0,3,1,0.733,0.7196,0,offerte_11_swiss_finish_anon_chunk_1|offerte_03_accounting_branch_anon_chunk_1|offerte_05_stiftung_audit_anon_chunk_1,0,0,12.18,0.0,12.18,ollama,True,CHF 210,,
2026-09-09T18:18:20,MWST_03,mwst,unrelated,100,241,114,1,False,falsche_stelle,False,offerte_11_swiss_finish_anon,offerte_11_swiss_finish_anon|offerte_07_gruendung_domizil_anon|offerte_03_accounting_branch_anon,0.0,0.0,3,1,0.6868,0.6577,0,offerte_11_swiss_finish_anon_chunk_0|offerte_07_gruendung_domizil_anon_chunk_1|offerte_03_accounting_branch_anon_chunk_0,0,0,12.23,0.0,12.23,ollama,True,CHF 2'550,,
2026-09-09T18:18:20,SETUP_05,setup,unrelated,100,241,114,1,False,falsche_stelle,False,offerte_11_swiss_finish_anon,offerte_11_swiss_finish_anon|offerte_13_holding_spaltung_anon|offerte_09_domizil_beratung_anon,0.0,0.0,3,1,0.6062,0.5859,0,offerte_11_swiss_finish_anon_chunk_0|offerte_13_holding_spaltung_anon_chunk_2|offerte_09_domizil_beratung_anon_chunk_2,0,0,12.18,0.0,12.18,ollama,True,CHF 340,,
2026-09-09T18:18:20,BUCH_08,buchhaltung,unrelated,100,241,114,1,False,falsche_stelle,False,offerte_12_lohn_reinigung_anon,offerte_01_lohn_gross_anon|offerte_14_buchhaltung_klein_anon|offerte_12_lohn_reinigung_anon,0.0,0.0,3,1,0.7331,0.7218,0,offerte_01_lohn_gross_anon_chunk_0|offerte_14_buchhaltung_klein_anon_chunk_0|offerte_12_lohn_reinigung_anon_chunk_0,0,0,12.23,0.0,12.23,ollama,True,CHF 2'550 - 3'000,,
2026-09-09T18:18:20,LOHN_05,lohn,unrelated,100,241,114,1,False,falsche_stelle,False,offerte_12_lohn_reinigung_anon,offerte_01_lohn_gross_anon|offerte_12_lohn_reinigung_anon|offerte_14_buchhaltung_klein_anon,0.0,0.0,3,1,0.7668,0.7586,0,offerte_01_lohn_gross_anon_chunk_0|offerte_12_lohn_reinigung_anon_chunk_0|offerte_14_buchhaltung_klein_anon_chunk_0,0,0,12.21,0.0,12.21,ollama,True,CHF 600 - 1'000,,
2026-09-09T18:18:20,SETUP_06,setup,unrelated,100,241,114,1,False,falsche_stelle,False,offerte_12_lohn_reinigung_anon,offerte_01_lohn_gross_anon|offerte_12_lohn_reinigung_anon|offerte_14_buchhaltung_klein_anon,0.0,0.0,3,1,0.7273,0.706,0,offerte_01_lohn_gross_anon_chunk_0|offerte_12_lohn_reinigung_anon_chunk_0|offerte_14_buchhaltung_klein_anon_chunk_0,0,0,12.26,0.0,12.26,ollama,True,CHF 420 - 640,,
2026-09-09T18:18:20,BUCH_09,buchhaltung,unrelated,100,241,114,1,False,falsches_dokument,False,offerte_13_holding_spaltung_anon,offerte_05_stiftung_audit_anon|offerte_07_gruendung_domizil_anon|offerte_11_swiss_finish_anon,0.0,0.0,3,1,0.6601,0.6558,0,offerte_05_stiftung_audit_anon_chunk_2|offerte_07_gruendung_domizil_anon_chunk_1|offerte_11_swiss_finish_anon_chunk_1,0,0,12.27,0.0,12.27,ollama,True,CHF 2'550 - 3'000,,
2026-09-09T18:18:20,SONST_01,sonstiges,unrelated,100,241,114,1,True,richtig,False,offerte_13_holding_spaltung_anon,offerte_13_holding_spaltung_anon|offerte_05_stiftung_audit_anon|offerte_07_gruendung_domizil_anon,0.3333,1.0,3,1,0.6525,0.6289,0,offerte_13_holding_spaltung_anon_chunk_2|offerte_05_stiftung_audit_anon_chunk_2|offerte_07_gruendung_domizil_anon_chunk_1,0,0,12.35,0.0,12.35,ollama,True,CHF 1'700,,
2026-09-09T18:18:20,BUCH_10,buchhaltung,unrelated,100,241,114,1,True,richtig,False,offerte_14_buchhaltung_klein_anon,offerte_14_buchhaltung_klein_anon|offerte_01_lohn_gross_anon|offerte_12_lohn_reinigung_anon,0.3333,1.0,3,1,0.6815,0.6746,0,offerte_14_buchhaltung_klein_anon_chunk_1|offerte_01_lohn_gross_anon_chunk_1|offerte_12_lohn_reinigung_anon_chunk_1,0,0,12.39,0.0,12.39,ollama,True,CHF 850 - 1'300,,
2026-09-09T18:18:20,STEU_03,steuern,unrelated,100,241,114,1,False,falsche_stelle,False,offerte_14_buchhaltung_klein_anon,offerte_01_lohn_gross_anon|offerte_14_buchhaltung_klein_anon|offerte_12_lohn_reinigung_anon,0.0,0.0,3,1,0.7572,0.7392,0,offerte_01_lohn_gross_anon_chunk_0|offerte_14_buchhaltung_klein_anon_chunk_0|offerte_12_lohn_reinigung_anon_chunk_0,0,0,12.56,0.0,12.56,ollama,True,CHF 640,,
2026-09-09T18:18:20,UNB_01,unbeantwortbar,unrelated,100,241,114,1,False,material_fuer_halluzination,True,,noise_immobilien_0039|offerte_12_lohn_reinigung_anon|offerte_14_buchhaltung_klein_anon,0.0,0.0,3,0,0.6714,0.6653,0,noise_immobilien_0039_chunk_2|offerte_12_lohn_reinigung_anon_chunk_0|offerte_14_buchhaltung_klein_anon_chunk_0,0,0,12.45,0.0,12.45,ollama,True,nicht in den Unterlagen,,
2026-09-09T18:18:20,UNB_02,unbeantwortbar,unrelated,100,241,114,1,False,material_fuer_halluzination,True,,offerte_01_lohn_gross_anon|offerte_08_gruendung_vr_anon|offerte_14_buchhaltung_klein_anon,0.0,0.0,3,0,0.6035,0.5952,0,offerte_01_lohn_gross_anon_chunk_0|offerte_08_gruendung_vr_anon_chunk_0|offerte_14_buchhaltung_klein_anon_chunk_0,0,0,12.63,0.0,12.63,ollama,True,nicht in den Unterlagen,,
2026-09-09T18:18:20,UNB_03,unbeantwortbar,unrelated,100,241,114,1,False,material_fuer_halluzination,True,,noise_immobilien_0039|noise_betreibung_0062|noise_betreibung_0134,0.0,0.0,3,0,0.6829,0.6781,0,noise_immobilien_0039_chunk_2|noise_betreibung_0062_chunk_0|noise_betreibung_0134_chunk_0,0,0,12.9,0.0,12.9,ollama,True,nicht in den Unterlagen,,
2026-09-09T18:18:20,UNB_04,unbeantwortbar,unrelated,100,241,114,1,False,material_fuer_halluzination,True,,offerte_14_buchhaltung_klein_anon|offerte_08_gruendung_vr_anon|offerte_12_lohn_reinigung_anon,0.0,0.0,3,0,0.6694,0.6641,0,offerte_14_buchhaltung_klein_anon_chunk_1|offerte_08_gruendung_vr_anon_chunk_0|offerte_12_lohn_reinigung_anon_chunk_1,0,0,12.81,0.0,12.81,ollama,True,nicht in den Unterlagen,,
2026-09-09T18:18:20,UNB_05,unbeantwortbar,unrelated,100,241,114,1,False,material_fuer_halluzination,True,,noise_immobilien_0039|offerte_14_buchhaltung_klein_anon|noise_archivierung_0040,0.0,0.0,3,0,0.6661,0.657,0,noise_immobilien_0039_chunk_2|offerte_14_buchhaltung_klein_anon_chunk_0|noise_archivierung_0040_chunk_0,0,0,12.77,0.0,12.77,ollama,True,nicht in den Unterlagen,,
2026-09-09T18:18:28,LOHN_01,lohn,unrelated,100,239,114,2,False,falsche_stelle,False,offerte_01_lohn_gross_anon,offerte_01_lohn_gross_anon|offerte_14_buchhaltung_klein_anon|offerte_12_lohn_reinigung_anon,0.0,0.0,3,1,0.7905,0.778,0,offerte_01_lohn_gross_anon_chunk_0|offerte_14_buchhaltung_klein_anon_chunk_0|offerte_12_lohn_reinigung_anon_chunk_0,0,0,11.85,0.0,11.85,ollama,True,CHF 680,,
2026-09-09T18:18:28,BUCH_01,buchhaltung,unrelated,100,239,114,2,True,richtig,False,offerte_01_lohn_gross_anon,offerte_01_lohn_gross_anon|noise_immobilien_0055|offerte_14_buchhaltung_klein_anon,0.3333,1.0,3,1,0.6493,0.6466,0,offerte_01_lohn_gross_anon_chunk_1|noise_immobilien_0055_chunk_2|offerte_14_buchhaltung_klein_anon_chunk_1,0,0,11.95,0.0,11.95,ollama,True,CHF 12'750 - 15'300,,
2026-09-09T18:18:28,MWST_01,mwst,unrelated,100,239,114,2,False,falsche_stelle,False,offerte_01_lohn_gross_anon,offerte_01_lohn_gross_anon|offerte_14_buchhaltung_klein_anon|offerte_12_lohn_reinigung_anon,0.0,0.0,3,1,0.7884,0.7667,0,offerte_01_lohn_gross_anon_chunk_0|offerte_14_buchhaltung_klein_anon_chunk_0|offerte_12_lohn_reinigung_anon_chunk_0,0,0,11.83,0.0,11.83,ollama,True,CHF 1'300,,
2026-09-09T18:18:28,STEU_01,steuern,unrelated,100,239,114,2,False,falsche_stelle,False,offerte_01_lohn_gross_anon,offerte_01_lohn_gross_anon|offerte_14_buchhaltung_klein_anon|offerte_12_lohn_reinigung_anon,0.0,0.0,3,1,0.773,0.7444,0,offerte_01_lohn_gross_anon_chunk_0|offerte_14_buchhaltung_klein_anon_chunk_0|offerte_12_lohn_reinigung_anon_chunk_0,0,0,11.88,0.0,11.88,ollama,True,CHF 850,,
2026-09-09T18:18:28,SETUP_01,setup,unrelated,100,239,114,2,False,falsche_stelle,False,offerte_01_lohn_gross_anon,offerte_01_lohn_gross_anon|offerte_14_buchhaltung_klein_anon|offerte_12_lohn_reinigung_anon,0.0,0.0,3,1,0.7224,0.6967,0,offerte_01_lohn_gross_anon_chunk_0|offerte_14_buchhaltung_klein_anon_chunk_0|offerte_12_lohn_reinigung_anon_chunk_0,0,0,11.89,0.0,11.89,ollama,True,CHF 420,,
2026-09-09T18:18:28,SETUP_02,setup,unrelated,100,239,114,2,False,falsche_stelle,False,offerte_01_lohn_gross_anon,offerte_01_lohn_gross_anon|offerte_14_buchhaltung_klein_anon|offerte_12_lohn_reinigung_anon,0.0,0.0,3,1,0.7594,0.7247,0,offerte_01_lohn_gross_anon_chunk_0|offerte_14_buchhaltung_klein_anon_chunk_0|offerte_12_lohn_reinigung_anon_chunk_0,0,0,11.86,0.0,11.86,ollama,True,CHF 640,,
2026-09-09T18:18:28,RATE_01,stundensatz,unrelated,100,239,114,2,True,richtig,False,offerte_01_lohn_gross_anon,offerte_01_lohn_gross_anon|offerte_14_buchhaltung_klein_anon|offerte_04_revision_anon,0.3333,1.0,3,1,0.7751,0.7647,0,offerte_01_lohn_gross_anon_chunk_0|offerte_14_buchhaltung_klein_anon_chunk_0|offerte_04_revision_anon_chunk_0,0,0,11.84,0.0,11.84,ollama,True,CHF 140,,
2026-09-09T18:18:28,BUCH_02,buchhaltung,unrelated,100,239,114,2,False,falsches_dokument,False,offerte_02_accounting_intl_anon,offerte_05_stiftung_audit_anon|offerte_07_gruendung_domizil_anon|offerte_11_swiss_finish_anon,0.0,0.0,3,1,0.6578,0.6541,0,offerte_05_stiftung_audit_anon_chunk_2|offerte_07_gruendung_domizil_anon_chunk_1|offerte_11_swiss_finish_anon_chunk_1,0,0,11.81,0.0,11.81,ollama,True,CHF 1'700 - 2'100,,
2026-09-09T18:18:28,LOHN_02,lohn,unrelated,100,239,114,2,False,falsche_stelle,False,offerte_02_accounting_intl_anon,offerte_03_accounting_branch_anon|offerte_11_swiss_finish_anon|offerte_02_accounting_intl_anon,0.0,0.0,3,1,0.6099,0.6079,0,offerte_03_accounting_branch_anon_chunk_0|offerte_11_swiss_finish_anon_chunk_0|offerte_02_accounting_intl_anon_chunk_0,0,0,11.89,0.0,11.89,ollama,True,CHF 1'000,,
2026-09-09T18:18:28,SETUP_03,setup,unrelated,100,239,114,2,False,falsche_stelle,False,offerte_02_accounting_intl_anon,offerte_02_accounting_intl_anon|offerte_07_gruendung_domizil_anon|offerte_13_holding_spaltung_anon,0.0,0.0,3,1,0.6348,0.6307,0,offerte_02_accounting_intl_anon_chunk_0|offerte_07_gruendung_domizil_anon_chunk_1|offerte_13_holding_spaltung_anon_chunk_2,0,0,11.88,0.0,11.88,ollama,True,CHF 1'300,,
2026-09-09T18:18:28,MWST_02,mwst,unrelated,100,239,114,2,False,falsche_stelle,False,offerte_02_accounting_intl_anon,offerte_02_accounting_intl_anon|offerte_07_gruendung_domizil_anon|offerte_11_swiss_finish_anon,0.0,0.0,3,1,0.6487,0.6444,0,offerte_02_accounting_intl_anon_chunk_0|offerte_07_gruendung_domizil_anon_chunk_1|offerte_11_swiss_finish_anon_chunk_0,0,0,12.02,0.0,12.02,ollama,True,CHF 850,,
2026-09-09T18:18:28,VERS_01,versicherung,unrelated,100,239,114,2,False,falsche_stelle,False,offerte_02_accounting_intl_anon,offerte_11_swiss_finish_anon|offerte_02_accounting_intl_anon|offerte_03_accounting_branch_anon,0.0,0.0,3,1,0.6259,0.6231,0,offerte_11_swiss_finish_anon_chunk_0|offerte_02_accounting_intl_anon_chunk_0|offerte_03_accounting_branch_anon_chunk_0,0,0,11.79,0.0,11.79,ollama,True,CHF 850 - 1'700,,
2026-09-09T18:18:28,BUCH_03,buchhaltung,unrelated,100,239,114,2,False,falsche_stelle,False,offerte_03_accounting_branch_anon,offerte_03_accounting_branch_anon|offerte_13_holding_spaltung_anon|offerte_07_gruendung_domizil_anon,0.0,0.0,3,1,0.6963,0.6801,0,offerte_03_accounting_branch_anon_chunk_0|offerte_13_holding_spaltung_anon_chunk_2|offerte_07_gruendung_domizil_anon_chunk_1,0,0,11.82,0.0,11.82,ollama,True,CHF 3'400 - 3'800,,
2026-09-09T18:18:28,SETUP_04,setup,unrelated,100,239,114,2,False,falsche_stelle,False,offerte_03_accounting_branch_anon,offerte_03_accounting_branch_anon|offerte_13_holding_spaltung_anon|offerte_02_accounting_intl_anon,0.0,0.0,3,1,0.6634,0.6267,0,offerte_03_accounting_branch_anon_chunk_0|offerte_13_holding_spaltung_anon_chunk_0|offerte_02_accounting_intl_anon_chunk_0,0,0,11.86,0.0,11.86,ollama,True,CHF 1'300,,
2026-09-09T18:18:28,STEU_02,steuern,unrelated,100,239,114,2,False,falsche_stelle,False,offerte_03_accounting_branch_anon,offerte_03_accounting_branch_anon|offerte_13_holding_spaltung_anon,0.0,0.0,3,1,0.6383,0.6276,0,offerte_03_accounting_branch_anon_chunk_0|offerte_13_holding_spaltung_anon_chunk_2|offerte_13_holding_spaltung_anon_chunk_0,0,0,11.8,0.0,11.8,ollama,True,CHF 850,,
2026-09-09T18:18:28,REV_01,revision,unrelated,100,239,114,2,True,richtig,False,offerte_04_revision_anon,offerte_04_revision_anon|offerte_01_lohn_gross_anon|offerte_14_buchhaltung_klein_anon,0.3333,1.0,3,1,0.8388,0.7525,0,offerte_04_revision_anon_chunk_0|offerte_01_lohn_gross_anon_chunk_0|offerte_14_buchhaltung_klein_anon_chunk_0,0,0,11.84,0.0,11.84,ollama,True,CHF 3'250,,
2026-09-09T18:18:28,REV_02,revision,unrelated,100,239,114,2,False,fehlgriff_unrelated,False,offerte_04_revision_anon,noise_fristen_0037|noise_betreibung_0190|noise_betreibung_0094,0.0,0.0,3,1,0.6442,0.6416,0,noise_fristen_0037_chunk_2|noise_betreibung_0190_chunk_1|noise_betreibung_0094_chunk_1,0,0,11.82,0.0,11.82,ollama,True,CHF 1'300,,
2026-09-09T18:18:28,AUD_01,revision,unrelated,100,239,114,2,True,richtig,False,offerte_05_stiftung_audit_anon,offerte_05_stiftung_audit_anon|offerte_07_gruendung_domizil_anon,0.3333,1.0,3,1,0.6236,0.6012,0,offerte_05_stiftung_audit_anon_chunk_0|offerte_05_stiftung_audit_anon_chunk_2|offerte_07_gruendung_domizil_anon_chunk_1,0,0,11.86,0.0,11.86,ollama,True,CHF 1'550 - 2'100,,
2026-09-09T18:18:28,AUD_02,revision,unrelated,100,239,114,2,True,richtig,False,offerte_05_stiftung_audit_anon,offerte_05_stiftung_audit_anon|offerte_07_gruendung_domizil_anon,0.3333,1.0,3,1,0.6687,0.6471,0,offerte_05_stiftung_audit_anon_chunk_2|offerte_05_stiftung_audit_anon_chunk_0|offerte_07_gruendung_domizil_anon_chunk_1,0,0,11.96,0.0,11.96,ollama,True,CHF 3'800 - 4'700,,
2026-09-09T18:18:28,LOHN_03,lohn,unrelated,100,239,114,2,False,falsche_stelle,False,offerte_05_stiftung_audit_anon,offerte_05_stiftung_audit_anon|offerte_02_accounting_intl_anon|offerte_03_accounting_branch_anon,0.0,0.0,3,1,0.6248,0.6197,0,offerte_05_stiftung_audit_anon_chunk_0|offerte_02_accounting_intl_anon_chunk_2|offerte_03_accounting_branch_anon_chunk_0,0,0,11.99,0.0,11.99,ollama,True,CHF 760,,
2026-09-09T18:18:28,GRUE_01,gruendung,unrelated,100,239,114,2,False,fehlgriff_unrelated,False,offerte_06_gruendung_klein_anon,noise_handelsregister_0129|noise_handelsregister_0177|noise_handelsregister_0001,0.0,0.0,3,1,0.686,0.6857,0,noise_handelsregister_0129_chunk_0|noise_handelsregister_0177_chunk_1|noise_handelsregister_0001_chunk_1,0,0,11.99,0.0,11.99,ollama,True,CHF 1'700,,
2026-09-09T18:18:28,BUCH_04,buchhaltung,unrelated,100,239,114,2,False,falsches_dokument,False,offerte_06_gruendung_klein_anon,offerte_01_lohn_gross_anon|offerte_08_gruendung_vr_anon|offerte_14_buchhaltung_klein_anon,0.0,0.0,3,1,0.6856,0.6667,0,offerte_01_lohn_gross_anon_chunk_1|offerte_08_gruendung_vr_anon_chunk_2|offerte_14_buchhaltung_klein_anon_chunk_1,0,0,12.03,0.0,12.03,ollama,True,CHF 1'700 - 2'550,,
2026-09-09T18:18:28,VERS_02,versicherung,unrelated,100,239,114,2,False,falsche_stelle,False,offerte_06_gruendung_klein_anon,offerte_12_lohn_reinigung_anon|offerte_14_buchhaltung_klein_anon|offerte_06_gruendung_klein_anon,0.0,0.0,3,1,0.674,0.6603,0,offerte_12_lohn_reinigung_anon_chunk_0|offerte_14_buchhaltung_klein_anon_chunk_0|offerte_06_gruendung_klein_anon_chunk_0,0,0,12.03,0.0,12.03,ollama,True,CHF 210,,
2026-09-09T18:18:28,GRUE_02,gruendung,unrelated,100,239,114,2,True,richtig,False,offerte_07_gruendung_domizil_anon,offerte_07_gruendung_domizil_anon|offerte_09_domizil_beratung_anon|offerte_13_holding_spaltung_anon,0.3333,1.0,3,1,0.6324,0.6078,0,offerte_07_gruendung_domizil_anon_chunk_1|offerte_09_domizil_beratung_anon_chunk_2|offerte_13_holding_spaltung_anon_chunk_2,0,0,11.95,0.0,11.95,ollama,True,CHF 2'100,,
2026-09-09T18:18:28,VR_01,verwaltungsrat,unrelated,100,239,114,2,False,falsches_dokument,False,offerte_07_gruendung_domizil_anon,offerte_11_swiss_finish_anon|offerte_09_domizil_beratung_anon|offerte_02_accounting_intl_anon,0.0,0.0,3,1,0.6273,0.6115,0,offerte_11_swiss_finish_anon_chunk_1|offerte_09_domizil_beratung_anon_chunk_2|offerte_02_accounting_intl_anon_chunk_2,0,0,11.99,0.0,11.99,ollama,True,CHF 4'250,,
2026-09-09T18:18:28,DOM_01,domizil,unrelated,100,239,114,2,False,falsches_dokument,False,offerte_07_gruendung_domizil_anon,offerte_09_domizil_beratung_anon|offerte_11_swiss_finish_anon|offerte_03_accounting_branch_anon,0.0,0.0,3,1,0.6543,0.6379,0,offerte_09_domizil_beratung_anon_chunk_0|offerte_11_swiss_finish_anon_chunk_1|offerte_03_accounting_branch_anon_chunk_0,0,0,11.94,0.0,11.94,ollama,True,CHF 1'700,,
2026-09-09T18:18:28,VR_02,verwaltungsrat,unrelated,100,239,114,2,False,falsche_stelle,False,offerte_08_gruendung_vr_anon,offerte_08_gruendung_vr_anon|offerte_06_gruendung_klein_anon|noise_handelsregister_0169,0.0,0.0,3,1,0.6664,0.6578,0,offerte_08_gruendung_vr_anon_chunk_0|offerte_06_gruendung_klein_anon_chunk_0|noise_handelsregister_0169_chunk_0,0,0,12.09,0.0,12.09,ollama,True,CHF 5'500,,
2026-09-09T18:18:28,DOM_02,domizil,unrelated,100,239,114,2,True,richtig,False,offerte_08_gruendung_vr_anon,offerte_08_gruendung_vr_anon|offerte_01_lohn_gross_anon|offerte_12_lohn_reinigung_anon,0.3333,1.0,3,1,0.7624,0.7348,0,offerte_08_gruendung_vr_anon_chunk_0|offerte_01_lohn_gross_anon_chunk_0|offerte_12_lohn_reinigung_anon_chunk_0,0,0,12.09,0.0,12.09,ollama,True,CHF 2'100,,
2026-09-09T18:18:28,DOM_03,domizil,unrelated,100,239,114,2,False,falsche_stelle,False,offerte_09_domizil_beratung_anon,offerte_09_domizil_beratung_anon|offerte_03_accounting_branch_anon|offerte_13_holding_spaltung_anon,0.0,0.0,3,1,0.6605,0.6395,0,offerte_09_domizil_beratung_anon_chunk_0|offerte_03_accounting_branch_anon_chunk_0|offerte_13_holding_spaltung_anon_chunk_0,0,0,12.12,0.0,12.12,ollama,True,CHF 1'300,,
2026-09-09T18:18:28,DOM_04,domizil,unrelated,100,239,114,2,False,falsche_stelle,False,offerte_09_domizil_beratung_anon,offerte_09_domizil_beratung_anon|offerte_03_accounting_branch_anon|offerte_13_holding_spaltung_anon,0.0,0.0,3,1,0.6398,0.6158,0,offerte_09_domizil_beratung_anon_chunk_0|offerte_03_accounting_branch_anon_chunk_0|offerte_13_holding_spaltung_anon_chunk_0,0,0,12.1,0.0,12.1,ollama,True,CHF 3'400,,
2026-09-09T18:18:28,VR_03,verwaltungsrat,unrelated,100,239,114,2,False,falsche_stelle,False,offerte_09_domizil_beratung_anon,offerte_09_domizil_beratung_anon|offerte_07_gruendung_domizil_anon|offerte_03_accounting_branch_anon,0.0,0.0,3,1,0.6398,0.6298,0,offerte_09_domizil_beratung_anon_chunk_0|offerte_07_gruendung_domizil_anon_chunk_0|offerte_03_accounting_branch_anon_chunk_0,0,0,12.1,0.0,12.1,ollama,True,CHF 4'250,,
2026-09-09T18:18:28,BUCH_05,buchhaltung,unrelated,100,239,114,2,False,falsches_dokument,False,offerte_09_domizil_beratung_anon,offerte_05_stiftung_audit_anon|offerte_07_gruendung_domizil_anon|offerte_11_swiss_finish_anon,0.0,0.0,3,1,0.6524,0.6453,0,offerte_05_stiftung_audit_anon_chunk_2|offerte_07_gruendung_domizil_anon_chunk_1|offerte_11_swiss_finish_anon_chunk_1,0,0,12.1,0.0,12.1,ollama,True,CHF 3'400 - 3'800,,
2026-09-09T18:18:28,BUCH_06,buchhaltung,unrelated,100,239,114,2,False,falsches_dokument,False,offerte_10_accounting_medtech_anon,offerte_07_gruendung_domizil_anon|offerte_05_stiftung_audit_anon|offerte_11_swiss_finish_anon,0.0,0.0,3,1,0.6766,0.6671,0,offerte_07_gruendung_domizil_anon_chunk_1|offerte_05_stiftung_audit_anon_chunk_2|offerte_11_swiss_finish_anon_chunk_0,0,0,12.07,0.0,12.07,ollama,True,CHF 3'400 - 3'800,,
2026-09-09T18:18:28,LOHN_04,lohn,unrelated,100,239,114,2,False,falsches_dokument,False,offerte_10_accounting_medtech_anon,offerte_11_swiss_finish_anon|offerte_03_accounting_branch_anon|offerte_09_domizil_beratung_anon,0.0,0.0,3,1,0.618,0.6146,0,offerte_11_swiss_finish_anon_chunk_0|offerte_03_accounting_branch_anon_chunk_0|offerte_09_domizil_beratung_anon_chunk_2,0,0,12.09,0.0,12.09,ollama,True,CHF 1'000,,
2026-09-09T18:18:28,BUCH_07,buchhaltung,unrelated,100,239,114,2,False,falsche_stelle,False,offerte_11_swiss_finish_anon,offerte_11_swiss_finish_anon|offerte_03_accounting_branch_anon|offerte_05_stiftung_audit_anon,0.0,0.0,3,1,0.733,0.7196,0,offerte_11_swiss_finish_anon_chunk_1|offerte_03_accounting_branch_anon_chunk_1|offerte_05_stiftung_audit_anon_chunk_1,0,0,12.06,0.0,12.06,ollama,True,CHF 210,,
2026-09-09T18:18:28,MWST_03,mwst,unrelated,100,239,114,2,False,falsche_stelle,False,offerte_11_swiss_finish_anon,offerte_11_swiss_finish_anon|offerte_07_gruendung_domizil_anon|offerte_03_accounting_branch_anon,0.0,0.0,3,1,0.6868,0.6577,0,offerte_11_swiss_finish_anon_chunk_0|offerte_07_gruendung_domizil_anon_chunk_1|offerte_03_accounting_branch_anon_chunk_0,0,0,12.42,0.0,12.42,ollama,True,CHF 2'550,,
2026-09-09T18:18:28,SETUP_05,setup,unrelated,100,239,114,2,False,falsche_stelle,False,offerte_11_swiss_finish_anon,offerte_11_swiss_finish_anon|offerte_13_holding_spaltung_anon|offerte_09_domizil_beratung_anon,0.0,0.0,3,1,0.6062,0.5859,0,offerte_11_swiss_finish_anon_chunk_0|offerte_13_holding_spaltung_anon_chunk_2|offerte_09_domizil_beratung_anon_chunk_2,0,0,12.36,0.0,12.36,ollama,True,CHF 340,,
2026-09-09T18:18:28,BUCH_08,buchhaltung,unrelated,100,239,114,2,False,falsche_stelle,False,offerte_12_lohn_reinigung_anon,offerte_01_lohn_gross_anon|offerte_14_buchhaltung_klein_anon|offerte_12_lohn_reinigung_anon,0.0,0.0,3,1,0.7331,0.7218,0,offerte_01_lohn_gross_anon_chunk_0|offerte_14_buchhaltung_klein_anon_chunk_0|offerte_12_lohn_reinigung_anon_chunk_0,0,0,12.3,0.0,12.3,ollama,True,CHF 2'550 - 3'000,,
2026-09-09T18:18:28,LOHN_05,lohn,unrelated,100,239,114,2,False,falsche_stelle,False,offerte_12_lohn_reinigung_anon,offerte_01_lohn_gross_anon|offerte_12_lohn_reinigung_anon|offerte_14_buchhaltung_klein_anon,0.0,0.0,3,1,0.7668,0.7586,0,offerte_01_lohn_gross_anon_chunk_0|offerte_12_lohn_reinigung_anon_chunk_0|offerte_14_buchhaltung_klein_anon_chunk_0,0,0,12.25,0.0,12.25,ollama,True,CHF 600 - 1'000,,
2026-09-09T18:18:28,SETUP_06,setup,unrelated,100,239,114,2,False,falsche_stelle,False,offerte_12_lohn_reinigung_anon,offerte_01_lohn_gross_anon|offerte_12_lohn_reinigung_anon|offerte_14_buchhaltung_klein_anon,0.0,0.0,3,1,0.7273,0.706,0,offerte_01_lohn_gross_anon_chunk_0|offerte_12_lohn_reinigung_anon_chunk_0|offerte_14_buchhaltung_klein_anon_chunk_0,0,0,12.25,0.0,12.25,ollama,True,CHF 420 - 640,,
2026-09-09T18:18:28,BUCH_09,buchhaltung,unrelated,100,239,114,2,False,falsches_dokument,False,offerte_13_holding_spaltung_anon,offerte_05_stiftung_audit_anon|offerte_07_gruendung_domizil_anon|offerte_11_swiss_finish_anon,0.0,0.0,3,1,0.6601,0.6558,0,offerte_05_stiftung_audit_anon_chunk_2|offerte_07_gruendung_domizil_anon_chunk_1|offerte_11_swiss_finish_anon_chunk_1,0,0,12.23,0.0,12.23,ollama,True,CHF 2'550 - 3'000,,
2026-09-09T18:18:28,SONST_01,sonstiges,unrelated,100,239,114,2,True,richtig,False,offerte_13_holding_spaltung_anon,offerte_13_holding_spaltung_anon|offerte_05_stiftung_audit_anon|offerte_07_gruendung_domizil_anon,0.3333,1.0,3,1,0.6525,0.6289,0,offerte_13_holding_spaltung_anon_chunk_2|offerte_05_stiftung_audit_anon_chunk_2|offerte_07_gruendung_domizil_anon_chunk_1,0,0,12.29,0.0,12.29,ollama,True,CHF 1'700,,
2026-09-09T18:18:28,BUCH_10,buchhaltung,unrelated,100,239,114,2,True,richtig,False,offerte_14_buchhaltung_klein_anon,offerte_14_buchhaltung_klein_anon|offerte_01_lohn_gross_anon|offerte_12_lohn_reinigung_anon,0.3333,1.0,3,1,0.6815,0.6746,0,offerte_14_buchhaltung_klein_anon_chunk_1|offerte_01_lohn_gross_anon_chunk_1|offerte_12_lohn_reinigung_anon_chunk_1,0,0,12.27,0.0,12.27,ollama,True,CHF 850 - 1'300,,
2026-09-09T18:18:28,STEU_03,steuern,unrelated,100,239,114,2,False,falsche_stelle,False,offerte_14_buchhaltung_klein_anon,offerte_01_lohn_gross_anon|offerte_14_buchhaltung_klein_anon|offerte_12_lohn_reinigung_anon,0.0,0.0,3,1,0.7572,0.7392,0,offerte_01_lohn_gross_anon_chunk_0|offerte_14_buchhaltung_klein_anon_chunk_0|offerte_12_lohn_reinigung_anon_chunk_0,0,0,12.71,0.0,12.71,ollama,True,CHF 640,,
2026-09-09T18:18:28,UNB_01,unbeantwortbar,unrelated,100,239,114,2,False,material_fuer_halluzination,True,,noise_immobilien_0055|offerte_12_lohn_reinigung_anon|offerte_14_buchhaltung_klein_anon,0.0,0.0,3,0,0.6707,0.6651,0,noise_immobilien_0055_chunk_2|offerte_12_lohn_reinigung_anon_chunk_0|offerte_14_buchhaltung_klein_anon_chunk_0,0,0,12.68,0.0,12.68,ollama,True,nicht in den Unterlagen,,
2026-09-09T18:18:28,UNB_02,unbeantwortbar,unrelated,100,239,114,2,False,material_fuer_halluzination,True,,offerte_01_lohn_gross_anon|offerte_08_gruendung_vr_anon|offerte_14_buchhaltung_klein_anon,0.0,0.0,3,0,0.6035,0.5952,0,offerte_01_lohn_gross_anon_chunk_0|offerte_08_gruendung_vr_anon_chunk_0|offerte_14_buchhaltung_klein_anon_chunk_0,0,0,12.73,0.0,12.73,ollama,True,nicht in den Unterlagen,,
2026-09-09T18:18:28,UNB_03,unbeantwortbar,unrelated,100,239,114,2,False,material_fuer_halluzination,True,,noise_immobilien_0055|noise_betreibung_0094|noise_betreibung_0134,0.0,0.0,3,0,0.6792,0.6769,0,noise_immobilien_0055_chunk_2|noise_betreibung_0094_chunk_1|noise_betreibung_0134_chunk_0,0,0,12.67,0.0,12.67,ollama,True,nicht in den Unterlagen,,
2026-09-09T18:18:28,UNB_04,unbeantwortbar,unrelated,100,239,114,2,False,material_fuer_halluzination,True,,offerte_14_buchhaltung_klein_anon|offerte_08_gruendung_vr_anon|offerte_12_lohn_reinigung_anon,0.0,0.0,3,0,0.6694,0.6641,0,offerte_14_buchhaltung_klein_anon_chunk_1|offerte_08_gruendung_vr_anon_chunk_0|offerte_12_lohn_reinigung_anon_chunk_1,0,0,12.69,0.0,12.69,ollama,True,nicht in den Unterlagen,,
2026-09-09T18:18:28,UNB_05,unbeantwortbar,unrelated,100,239,114,2,False,material_fuer_halluzination,True,,noise_immobilien_0055|offerte_14_buchhaltung_klein_anon|noise_archivierung_0152,0.0,0.0,3,0,0.6642,0.6562,0,noise_immobilien_0055_chunk_2|offerte_14_buchhaltung_klein_anon_chunk_0|noise_archivierung_0152_chunk_0,0,0,12.68,0.0,12.68,ollama,True,nicht in den Unterlagen,,
2026-09-09T18:18:34,LOHN_01,lohn,unrelated,100,239,114,3,False,falsche_stelle,False,offerte_01_lohn_gross_anon,offerte_01_lohn_gross_anon|offerte_14_buchhaltung_klein_anon|offerte_12_lohn_reinigung_anon,0.0,0.0,3,1,0.7905,0.778,0,offerte_01_lohn_gross_anon_chunk_0|offerte_14_buchhaltung_klein_anon_chunk_0|offerte_12_lohn_reinigung_anon_chunk_0,0,0,11.91,0.0,11.91,ollama,True,CHF 680,,
2026-09-09T18:18:34,BUCH_01,buchhaltung,unrelated,100,239,114,3,True,richtig,False,offerte_01_lohn_gross_anon,offerte_01_lohn_gross_anon|noise_immobilien_0055|offerte_14_buchhaltung_klein_anon,0.3333,1.0,3,1,0.6493,0.6466,0,offerte_01_lohn_gross_anon_chunk_1|noise_immobilien_0055_chunk_2|offerte_14_buchhaltung_klein_anon_chunk_1,0,0,11.9,0.0,11.9,ollama,True,CHF 12'750 - 15'300,,
2026-09-09T18:18:34,MWST_01,mwst,unrelated,100,239,114,3,False,falsche_stelle,False,offerte_01_lohn_gross_anon,offerte_01_lohn_gross_anon|offerte_14_buchhaltung_klein_anon|offerte_12_lohn_reinigung_anon,0.0,0.0,3,1,0.7884,0.7667,0,offerte_01_lohn_gross_anon_chunk_0|offerte_14_buchhaltung_klein_anon_chunk_0|offerte_12_lohn_reinigung_anon_chunk_0,0,0,11.83,0.0,11.83,ollama,True,CHF 1'300,,
2026-09-09T18:18:34,STEU_01,steuern,unrelated,100,239,114,3,False,falsche_stelle,False,offerte_01_lohn_gross_anon,offerte_01_lohn_gross_anon|offerte_14_buchhaltung_klein_anon|offerte_12_lohn_reinigung_anon,0.0,0.0,3,1,0.773,0.7444,0,offerte_01_lohn_gross_anon_chunk_0|offerte_14_buchhaltung_klein_anon_chunk_0|offerte_12_lohn_reinigung_anon_chunk_0,0,0,11.81,0.0,11.81,ollama,True,CHF 850,,
2026-09-09T18:18:34,SETUP_01,setup,unrelated,100,239,114,3,False,falsche_stelle,False,offerte_01_lohn_gross_anon,offerte_01_lohn_gross_anon|offerte_14_buchhaltung_klein_anon|offerte_12_lohn_reinigung_anon,0.0,0.0,3,1,0.7224,0.6967,0,offerte_01_lohn_gross_anon_chunk_0|offerte_14_buchhaltung_klein_anon_chunk_0|offerte_12_lohn_reinigung_anon_chunk_0,0,0,11.85,0.0,11.85,ollama,True,CHF 420,,
2026-09-09T18:18:34,SETUP_02,setup,unrelated,100,239,114,3,False,falsche_stelle,False,offerte_01_lohn_gross_anon,offerte_01_lohn_gross_anon|offerte_14_buchhaltung_klein_anon|offerte_12_lohn_reinigung_anon,0.0,0.0,3,1,0.7594,0.7247,0,offerte_01_lohn_gross_anon_chunk_0|offerte_14_buchhaltung_klein_anon_chunk_0|offerte_12_lohn_reinigung_anon_chunk_0,0,0,11.85,0.0,11.85,ollama,True,CHF 640,,
2026-09-09T18:18:34,RATE_01,stundensatz,unrelated,100,239,114,3,True,richtig,False,offerte_01_lohn_gross_anon,offerte_01_lohn_gross_anon|offerte_14_buchhaltung_klein_anon|offerte_04_revision_anon,0.3333,1.0,3,1,0.7751,0.7647,0,offerte_01_lohn_gross_anon_chunk_0|offerte_14_buchhaltung_klein_anon_chunk_0|offerte_04_revision_anon_chunk_0,0,0,11.87,0.0,11.87,ollama,True,CHF 140,,
2026-09-09T18:18:34,BUCH_02,buchhaltung,unrelated,100,239,114,3,False,falsches_dokument,False,offerte_02_accounting_intl_anon,offerte_05_stiftung_audit_anon|offerte_07_gruendung_domizil_anon|offerte_11_swiss_finish_anon,0.0,0.0,3,1,0.6578,0.6541,0,offerte_05_stiftung_audit_anon_chunk_2|offerte_07_gruendung_domizil_anon_chunk_1|offerte_11_swiss_finish_anon_chunk_1,0,0,11.77,0.0,11.77,ollama,True,CHF 1'700 - 2'100,,
2026-09-09T18:18:34,LOHN_02,lohn,unrelated,100,239,114,3,False,falsche_stelle,False,offerte_02_accounting_intl_anon,offerte_03_accounting_branch_anon|offerte_11_swiss_finish_anon|offerte_02_accounting_intl_anon,0.0,0.0,3,1,0.6099,0.6079,0,offerte_03_accounting_branch_anon_chunk_0|offerte_11_swiss_finish_anon_chunk_0|offerte_02_accounting_intl_anon_chunk_0,0,0,11.86,0.0,11.86,ollama,True,CHF 1'000,,
2026-09-09T18:18:34,SETUP_03,setup,unrelated,100,239,114,3,False,falsche_stelle,False,offerte_02_accounting_intl_anon,offerte_02_accounting_intl_anon|offerte_07_gruendung_domizil_anon|offerte_13_holding_spaltung_anon,0.0,0.0,3,1,0.6348,0.6307,0,offerte_02_accounting_intl_anon_chunk_0|offerte_07_gruendung_domizil_anon_chunk_1|offerte_13_holding_spaltung_anon_chunk_2,0,0,11.84,0.0,11.84,ollama,True,CHF 1'300,,
2026-09-09T18:18:34,MWST_02,mwst,unrelated,100,239,114,3,False,falsche_stelle,False,offerte_02_accounting_intl_anon,offerte_02_accounting_intl_anon|offerte_07_gruendung_domizil_anon|offerte_11_swiss_finish_anon,0.0,0.0,3,1,0.6487,0.6444,0,offerte_02_accounting_intl_anon_chunk_0|offerte_07_gruendung_domizil_anon_chunk_1|offerte_11_swiss_finish_anon_chunk_0,0,0,11.81,0.0,11.81,ollama,True,CHF 850,,
2026-09-09T18:18:34,VERS_01,versicherung,unrelated,100,239,114,3,False,falsche_stelle,False,offerte_02_accounting_intl_anon,offerte_11_swiss_finish_anon|offerte_02_accounting_intl_anon|offerte_03_accounting_branch_anon,0.0,0.0,3,1,0.6259,0.6231,0,offerte_11_swiss_finish_anon_chunk_0|offerte_02_accounting_intl_anon_chunk_0|offerte_03_accounting_branch_anon_chunk_0,0,0,11.85,0.0,11.85,ollama,True,CHF 850 - 1'700,,
2026-09-09T18:18:34,BUCH_03,buchhaltung,unrelated,100,239,114,3,False,falsche_stelle,False,offerte_03_accounting_branch_anon,offerte_03_accounting_branch_anon|offerte_13_holding_spaltung_anon|offerte_07_gruendung_domizil_anon,0.0,0.0,3,1,0.6963,0.6801,0,offerte_03_accounting_branch_anon_chunk_0|offerte_13_holding_spaltung_anon_chunk_2|offerte_07_gruendung_domizil_anon_chunk_1,0,0,11.83,0.0,11.83,ollama,True,CHF 3'400 - 3'800,,
2026-09-09T18:18:34,SETUP_04,setup,unrelated,100,239,114,3,False,falsche_stelle,False,offerte_03_accounting_branch_anon,offerte_03_accounting_branch_anon|offerte_13_holding_spaltung_anon|offerte_02_accounting_intl_anon,0.0,0.0,3,1,0.6634,0.6267,0,offerte_03_accounting_branch_anon_chunk_0|offerte_13_holding_spaltung_anon_chunk_0|offerte_02_accounting_intl_anon_chunk_0,0,0,11.88,0.0,11.88,ollama,True,CHF 1'300,,
2026-09-09T18:18:34,STEU_02,steuern,unrelated,100,239,114,3,False,falsche_stelle,False,offerte_03_accounting_branch_anon,offerte_03_accounting_branch_anon|offerte_13_holding_spaltung_anon,0.0,0.0,3,1,0.6383,0.6276,0,offerte_03_accounting_branch_anon_chunk_0|offerte_13_holding_spaltung_anon_chunk_2|offerte_13_holding_spaltung_anon_chunk_0,0,0,11.73,0.0,11.73,ollama,True,CHF 850,,
2026-09-09T18:18:34,REV_01,revision,unrelated,100,239,114,3,True,richtig,False,offerte_04_revision_anon,offerte_04_revision_anon|offerte_01_lohn_gross_anon|offerte_14_buchhaltung_klein_anon,0.3333,1.0,3,1,0.8388,0.7525,0,offerte_04_revision_anon_chunk_0|offerte_01_lohn_gross_anon_chunk_0|offerte_14_buchhaltung_klein_anon_chunk_0,0,0,11.79,0.0,11.79,ollama,True,CHF 3'250,,
2026-09-09T18:18:34,REV_02,revision,unrelated,100,239,114,3,False,fehlgriff_unrelated,False,offerte_04_revision_anon,noise_betreibung_0150|noise_betreibung_0118|noise_betreibung_0102,0.0,0.0,3,1,0.6392,0.6378,0,noise_betreibung_0150_chunk_1|noise_betreibung_0118_chunk_1|noise_betreibung_0102_chunk_0,0,0,11.85,0.0,11.85,ollama,True,CHF 1'300,,
2026-09-09T18:18:34,AUD_01,revision,unrelated,100,239,114,3,True,richtig,False,offerte_05_stiftung_audit_anon,offerte_05_stiftung_audit_anon|offerte_07_gruendung_domizil_anon,0.3333,1.0,3,1,0.6236,0.6012,0,offerte_05_stiftung_audit_anon_chunk_0|offerte_05_stiftung_audit_anon_chunk_2|offerte_07_gruendung_domizil_anon_chunk_1,0,0,11.79,0.0,11.79,ollama,True,CHF 1'550 - 2'100,,
2026-09-09T18:18:34,AUD_02,revision,unrelated,100,239,114,3,True,richtig,False,offerte_05_stiftung_audit_anon,offerte_05_stiftung_audit_anon|offerte_07_gruendung_domizil_anon,0.3333,1.0,3,1,0.6687,0.6471,0,offerte_05_stiftung_audit_anon_chunk_2|offerte_05_stiftung_audit_anon_chunk_0|offerte_07_gruendung_domizil_anon_chunk_1,0,0,11.88,0.0,11.88,ollama,True,CHF 3'800 - 4'700,,
2026-09-09T18:18:34,LOHN_03,lohn,unrelated,100,239,114,3,False,falsche_stelle,False,offerte_05_stiftung_audit_anon,offerte_05_stiftung_audit_anon|offerte_02_accounting_intl_anon|offerte_03_accounting_branch_anon,0.0,0.0,3,1,0.6248,0.6197,0,offerte_05_stiftung_audit_anon_chunk_0|offerte_02_accounting_intl_anon_chunk_2|offerte_03_accounting_branch_anon_chunk_0,0,0,11.83,0.0,11.83,ollama,True,CHF 760,,
2026-09-09T18:18:34,GRUE_01,gruendung,unrelated,100,239,114,3,False,fehlgriff_unrelated,False,offerte_06_gruendung_klein_anon,noise_handelsregister_0161|noise_handelsregister_0129|noise_handelsregister_0089,0.0,0.0,3,1,0.6866,0.6859,0,noise_handelsregister_0161_chunk_1|noise_handelsregister_0129_chunk_0|noise_handelsregister_0089_chunk_1,0,0,11.87,0.0,11.87,ollama,True,CHF 1'700,,
2026-09-09T18:18:34,BUCH_04,buchhaltung,unrelated,100,239,114,3,False,falsches_dokument,False,offerte_06_gruendung_klein_anon,offerte_01_lohn_gross_anon|offerte_08_gruendung_vr_anon|offerte_14_buchhaltung_klein_anon,0.0,0.0,3,1,0.6856,0.6667,0,offerte_01_lohn_gross_anon_chunk_1|offerte_08_gruendung_vr_anon_chunk_2|offerte_14_buchhaltung_klein_anon_chunk_1,0,0,11.77,0.0,11.77,ollama,True,CHF 1'700 - 2'550,,
2026-09-09T18:18:34,VERS_02,versicherung,unrelated,100,239,114,3,False,falsche_stelle,False,offerte_06_gruendung_klein_anon,offerte_12_lohn_reinigung_anon|offerte_14_buchhaltung_klein_anon|offerte_06_gruendung_klein_anon,0.0,0.0,3,1,0.674,0.6603,0,offerte_12_lohn_reinigung_anon_chunk_0|offerte_14_buchhaltung_klein_anon_chunk_0|offerte_06_gruendung_klein_anon_chunk_0,0,0,11.81,0.0,11.81,ollama,True,CHF 210,,
2026-09-09T18:18:34,GRUE_02,gruendung,unrelated,100,239,114,3,True,richtig,False,offerte_07_gruendung_domizil_anon,offerte_07_gruendung_domizil_anon|offerte_09_domizil_beratung_anon|offerte_13_holding_spaltung_anon,0.3333,1.0,3,1,0.6324,0.6078,0,offerte_07_gruendung_domizil_anon_chunk_1|offerte_09_domizil_beratung_anon_chunk_2|offerte_13_holding_spaltung_anon_chunk_2,0,0,11.85,0.0,11.85,ollama,True,CHF 2'100,,
2026-09-09T18:18:34,VR_01,verwaltungsrat,unrelated,100,239,114,3,False,falsches_dokument,False,offerte_07_gruendung_domizil_anon,offerte_11_swiss_finish_anon|offerte_09_domizil_beratung_anon|offerte_02_accounting_intl_anon,0.0,0.0,3,1,0.6273,0.6115,0,offerte_11_swiss_finish_anon_chunk_1|offerte_09_domizil_beratung_anon_chunk_2|offerte_02_accounting_intl_anon_chunk_2,0,0,11.76,0.0,11.76,ollama,True,CHF 4'250,,
2026-09-09T18:18:34,DOM_01,domizil,unrelated,100,239,114,3,False,falsches_dokument,False,offerte_07_gruendung_domizil_anon,offerte_09_domizil_beratung_anon|offerte_11_swiss_finish_anon|offerte_03_accounting_branch_anon,0.0,0.0,3,1,0.6543,0.6379,0,offerte_09_domizil_beratung_anon_chunk_0|offerte_11_swiss_finish_anon_chunk_1|offerte_03_accounting_branch_anon_chunk_0,0,0,11.87,0.0,11.87,ollama,True,CHF 1'700,,
2026-09-09T18:18:34,VR_02,verwaltungsrat,unrelated,100,239,114,3,False,falsche_stelle,False,offerte_08_gruendung_vr_anon,offerte_08_gruendung_vr_anon|offerte_06_gruendung_klein_anon|noise_handelsregister_0169,0.0,0.0,3,1,0.6664,0.6578,0,offerte_08_gruendung_vr_anon_chunk_0|offerte_06_gruendung_klein_anon_chunk_0|noise_handelsregister_0169_chunk_0,0,0,11.8,0.0,11.8,ollama,True,CHF 5'500,,
2026-09-09T18:18:34,DOM_02,domizil,unrelated,100,239,114,3,True,richtig,False,offerte_08_gruendung_vr_anon,offerte_08_gruendung_vr_anon|offerte_01_lohn_gross_anon|offerte_12_lohn_reinigung_anon,0.3333,1.0,3,1,0.7624,0.7348,0,offerte_08_gruendung_vr_anon_chunk_0|offerte_01_lohn_gross_anon_chunk_0|offerte_12_lohn_reinigung_anon_chunk_0,0,0,11.84,0.0,11.84,ollama,True,CHF 2'100,,
2026-09-09T18:18:34,DOM_03,domizil,unrelated,100,239,114,3,False,falsche_stelle,False,offerte_09_domizil_beratung_anon,offerte_09_domizil_beratung_anon|offerte_03_accounting_branch_anon|offerte_13_holding_spaltung_anon,0.0,0.0,3,1,0.6605,0.6395,0,offerte_09_domizil_beratung_anon_chunk_0|offerte_03_accounting_branch_anon_chunk_0|offerte_13_holding_spaltung_anon_chunk_0,0,0,11.84,0.0,11.84,ollama,True,CHF 1'300,,
2026-09-09T18:18:34,DOM_04,domizil,unrelated,100,239,114,3,False,falsche_stelle,False,offerte_09_domizil_beratung_anon,offerte_09_domizil_beratung_anon|offerte_03_accounting_branch_anon|offerte_13_holding_spaltung_anon,0.0,0.0,3,1,0.6398,0.6158,0,offerte_09_domizil_beratung_anon_chunk_0|offerte_03_accounting_branch_anon_chunk_0|offerte_13_holding_spaltung_anon_chunk_0,0,0,11.95,0.0,11.95,ollama,True,CHF 3'400,,
2026-09-09T18:18:34,VR_03,verwaltungsrat,unrelated,100,239,114,3,False,falsche_stelle,False,offerte_09_domizil_beratung_anon,offerte_09_domizil_beratung_anon|offerte_07_gruendung_domizil_anon|offerte_03_accounting_branch_anon,0.0,0.0,3,1,0.6398,0.6298,0,offerte_09_domizil_beratung_anon_chunk_0|offerte_07_gruendung_domizil_anon_chunk_0|offerte_03_accounting_branch_anon_chunk_0,0,0,12.03,0.0,12.03,ollama,True,CHF 4'250,,
2026-09-09T18:18:34,BUCH_05,buchhaltung,unrelated,100,239,114,3,False,falsches_dokument,False,offerte_09_domizil_beratung_anon,offerte_05_stiftung_audit_anon|offerte_07_gruendung_domizil_anon|offerte_11_swiss_finish_anon,0.0,0.0,3,1,0.6524,0.6453,0,offerte_05_stiftung_audit_anon_chunk_2|offerte_07_gruendung_domizil_anon_chunk_1|offerte_11_swiss_finish_anon_chunk_1,0,0,11.95,0.0,11.95,ollama,True,CHF 3'400 - 3'800,,
2026-09-09T18:18:35,BUCH_06,buchhaltung,unrelated,100,239,114,3,False,falsches_dokument,False,offerte_10_accounting_medtech_anon,offerte_07_gruendung_domizil_anon|offerte_05_stiftung_audit_anon|offerte_11_swiss_finish_anon,0.0,0.0,3,1,0.6766,0.6671,0,offerte_07_gruendung_domizil_anon_chunk_1|offerte_05_stiftung_audit_anon_chunk_2|offerte_11_swiss_finish_anon_chunk_0,0,0,11.95,0.0,11.95,ollama,True,CHF 3'400 - 3'800,,
2026-09-09T18:18:35,LOHN_04,lohn,unrelated,100,239,114,3,False,falsches_dokument,False,offerte_10_accounting_medtech_anon,offerte_11_swiss_finish_anon|offerte_03_accounting_branch_anon|offerte_09_domizil_beratung_anon,0.0,0.0,3,1,0.618,0.6146,0,offerte_11_swiss_finish_anon_chunk_0|offerte_03_accounting_branch_anon_chunk_0|offerte_09_domizil_beratung_anon_chunk_2,0,0,11.97,0.0,11.97,ollama,True,CHF 1'000,,
2026-09-09T18:18:35,BUCH_07,buchhaltung,unrelated,100,239,114,3,False,falsche_stelle,False,offerte_11_swiss_finish_anon,offerte_11_swiss_finish_anon|offerte_03_accounting_branch_anon|offerte_05_stiftung_audit_anon,0.0,0.0,3,1,0.733,0.7196,0,offerte_11_swiss_finish_anon_chunk_1|offerte_03_accounting_branch_anon_chunk_1|offerte_05_stiftung_audit_anon_chunk_1,0,0,11.99,0.0,11.99,ollama,True,CHF 210,,
2026-09-09T18:18:35,MWST_03,mwst,unrelated,100,239,114,3,False,falsche_stelle,False,offerte_11_swiss_finish_anon,offerte_11_swiss_finish_anon|offerte_07_gruendung_domizil_anon|offerte_03_accounting_branch_anon,0.0,0.0,3,1,0.6868,0.6577,0,offerte_11_swiss_finish_anon_chunk_0|offerte_07_gruendung_domizil_anon_chunk_1|offerte_03_accounting_branch_anon_chunk_0,0,0,11.99,0.0,11.99,ollama,True,CHF 2'550,,
2026-09-09T18:18:35,SETUP_05,setup,unrelated,100,239,114,3,False,falsche_stelle,False,offerte_11_swiss_finish_anon,offerte_11_swiss_finish_anon|offerte_13_holding_spaltung_anon|offerte_09_domizil_beratung_anon,0.0,0.0,3,1,0.6062,0.5859,0,offerte_11_swiss_finish_anon_chunk_0|offerte_13_holding_spaltung_anon_chunk_2|offerte_09_domizil_beratung_anon_chunk_2,0,0,12.12,0.0,12.12,ollama,True,CHF 340,,
2026-09-09T18:18:35,BUCH_08,buchhaltung,unrelated,100,239,114,3,False,falsche_stelle,False,offerte_12_lohn_reinigung_anon,offerte_01_lohn_gross_anon|offerte_14_buchhaltung_klein_anon|offerte_12_lohn_reinigung_anon,0.0,0.0,3,1,0.7331,0.7218,0,offerte_01_lohn_gross_anon_chunk_0|offerte_14_buchhaltung_klein_anon_chunk_0|offerte_12_lohn_reinigung_anon_chunk_0,0,0,12.14,0.0,12.14,ollama,True,CHF 2'550 - 3'000,,
2026-09-09T18:18:35,LOHN_05,lohn,unrelated,100,239,114,3,False,falsche_stelle,False,offerte_12_lohn_reinigung_anon,offerte_01_lohn_gross_anon|offerte_12_lohn_reinigung_anon|offerte_14_buchhaltung_klein_anon,0.0,0.0,3,1,0.7668,0.7586,0,offerte_01_lohn_gross_anon_chunk_0|offerte_12_lohn_reinigung_anon_chunk_0|offerte_14_buchhaltung_klein_anon_chunk_0,0,0,12.12,0.0,12.12,ollama,True,CHF 600 - 1'000,,
2026-09-09T18:18:35,SETUP_06,setup,unrelated,100,239,114,3,False,falsche_stelle,False,offerte_12_lohn_reinigung_anon,offerte_01_lohn_gross_anon|offerte_12_lohn_reinigung_anon|offerte_14_buchhaltung_klein_anon,0.0,0.0,3,1,0.7273,0.706,0,offerte_01_lohn_gross_anon_chunk_0|offerte_12_lohn_reinigung_anon_chunk_0|offerte_14_buchhaltung_klein_anon_chunk_0,0,0,12.07,0.0,12.07,ollama,True,CHF 420 - 640,,
2026-09-09T18:18:35,BUCH_09,buchhaltung,unrelated,100,239,114,3,False,falsches_dokument,False,offerte_13_holding_spaltung_anon,offerte_05_stiftung_audit_anon|offerte_07_gruendung_domizil_anon|offerte_11_swiss_finish_anon,0.0,0.0,3,1,0.6601,0.6558,0,offerte_05_stiftung_audit_anon_chunk_2|offerte_07_gruendung_domizil_anon_chunk_1|offerte_11_swiss_finish_anon_chunk_1,0,0,12.07,0.0,12.07,ollama,True,CHF 2'550 - 3'000,,
2026-09-09T18:18:35,SONST_01,sonstiges,unrelated,100,239,114,3,True,richtig,False,offerte_13_holding_spaltung_anon,offerte_13_holding_spaltung_anon|offerte_05_stiftung_audit_anon|offerte_07_gruendung_domizil_anon,0.3333,1.0,3,1,0.6525,0.6289,0,offerte_13_holding_spaltung_anon_chunk_2|offerte_05_stiftung_audit_anon_chunk_2|offerte_07_gruendung_domizil_anon_chunk_1,0,0,12.09,0.0,12.09,ollama,True,CHF 1'700,,
2026-09-09T18:18:35,BUCH_10,buchhaltung,unrelated,100,239,114,3,True,richtig,False,offerte_14_buchhaltung_klein_anon,offerte_14_buchhaltung_klein_anon|offerte_01_lohn_gross_anon|offerte_12_lohn_reinigung_anon,0.3333,1.0,3,1,0.6815,0.6746,0,offerte_14_buchhaltung_klein_anon_chunk_1|offerte_01_lohn_gross_anon_chunk_1|offerte_12_lohn_reinigung_anon_chunk_1,0,0,12.09,0.0,12.09,ollama,True,CHF 850 - 1'300,,
2026-09-09T18:18:35,STEU_03,steuern,unrelated,100,239,114,3,False,falsche_stelle,False,offerte_14_buchhaltung_klein_anon,offerte_01_lohn_gross_anon|offerte_14_buchhaltung_klein_anon|offerte_12_lohn_reinigung_anon,0.0,0.0,3,1,0.7572,0.7392,0,offerte_01_lohn_gross_anon_chunk_0|offerte_14_buchhaltung_klein_anon_chunk_0|offerte_12_lohn_reinigung_anon_chunk_0,0,0,12.16,0.0,12.16,ollama,True,CHF 640,,
2026-09-09T18:18:35,UNB_01,unbeantwortbar,unrelated,100,239,114,3,False,material_fuer_halluzination,True,,noise_immobilien_0055|offerte_12_lohn_reinigung_anon|offerte_14_buchhaltung_klein_anon,0.0,0.0,3,0,0.6707,0.6651,0,noise_immobilien_0055_chunk_2|offerte_12_lohn_reinigung_anon_chunk_0|offerte_14_buchhaltung_klein_anon_chunk_0,0,0,12.28,0.0,12.28,ollama,True,nicht in den Unterlagen,,
2026-09-09T18:18:35,UNB_02,unbeantwortbar,unrelated,100,239,114,3,False,material_fuer_halluzination,True,,offerte_01_lohn_gross_anon|offerte_08_gruendung_vr_anon|offerte_14_buchhaltung_klein_anon,0.0,0.0,3,0,0.6035,0.5952,0,offerte_01_lohn_gross_anon_chunk_0|offerte_08_gruendung_vr_anon_chunk_0|offerte_14_buchhaltung_klein_anon_chunk_0,0,0,12.31,0.0,12.31,ollama,True,nicht in den Unterlagen,,
2026-09-09T18:18:35,UNB_03,unbeantwortbar,unrelated,100,239,114,3,False,material_fuer_halluzination,True,,noise_immobilien_0055|noise_betreibung_0134|noise_betreibung_0142,0.0,0.0,3,0,0.6792,0.676,0,noise_immobilien_0055_chunk_2|noise_betreibung_0134_chunk_0|noise_betreibung_0142_chunk_0,0,0,12.28,0.0,12.28,ollama,True,nicht in den Unterlagen,,
2026-09-09T18:18:35,UNB_04,unbeantwortbar,unrelated,100,239,114,3,False,material_fuer_halluzination,True,,offerte_14_buchhaltung_klein_anon|offerte_08_gruendung_vr_anon|offerte_12_lohn_reinigung_anon,0.0,0.0,3,0,0.6694,0.6641,0,offerte_14_buchhaltung_klein_anon_chunk_1|offerte_08_gruendung_vr_anon_chunk_0|offerte_12_lohn_reinigung_anon_chunk_1,0,0,12.29,0.0,12.29,ollama,True,nicht in den Unterlagen,,
2026-09-09T18:18:35,UNB_05,unbeantwortbar,unrelated,100,239,114,3,False,material_fuer_halluzination,True,,noise_immobilien_0055|offerte_14_buchhaltung_klein_anon|noise_archivierung_0040,0.0,0.0,3,0,0.6642,0.6564,0,noise_immobilien_0055_chunk_2|offerte_14_buchhaltung_klein_anon_chunk_0|noise_archivierung_0040_chunk_0,0,0,12.27,0.0,12.27,ollama,True,nicht in den Unterlagen,,
2026-09-09T18:18:43,LOHN_01,lohn,unrelated,200,446,214,1,False,falsche_stelle,False,offerte_01_lohn_gross_anon,offerte_01_lohn_gross_anon|offerte_14_buchhaltung_klein_anon|offerte_12_lohn_reinigung_anon,0.0,0.0,3,1,0.7905,0.778,0,offerte_01_lohn_gross_anon_chunk_0|offerte_14_buchhaltung_klein_anon_chunk_0|offerte_12_lohn_reinigung_anon_chunk_0,0,0,22.1,0.0,22.1,ollama,True,CHF 680,,
2026-09-09T18:18:43,BUCH_01,buchhaltung,unrelated,200,446,214,1,True,richtig,False,offerte_01_lohn_gross_anon,noise_immobilien_0039|offerte_01_lohn_gross_anon|noise_immobilien_0055,0.3333,1.0,3,1,0.6504,0.6494,0,noise_immobilien_0039_chunk_2|offerte_01_lohn_gross_anon_chunk_1|noise_immobilien_0055_chunk_2,0,0,22.03,0.0,22.03,ollama,True,CHF 12'750 - 15'300,,
2026-09-09T18:18:43,MWST_01,mwst,unrelated,200,446,214,1,False,falsche_stelle,False,offerte_01_lohn_gross_anon,offerte_01_lohn_gross_anon|offerte_14_buchhaltung_klein_anon|offerte_12_lohn_reinigung_anon,0.0,0.0,3,1,0.7884,0.7667,0,offerte_01_lohn_gross_anon_chunk_0|offerte_14_buchhaltung_klein_anon_chunk_0|offerte_12_lohn_reinigung_anon_chunk_0,0,0,21.99,0.0,21.99,ollama,True,CHF 1'300,,
2026-09-09T18:18:43,STEU_01,steuern,unrelated,200,446,214,1,False,falsche_stelle,False,offerte_01_lohn_gross_anon,offerte_01_lohn_gross_anon|offerte_14_buchhaltung_klein_anon|offerte_12_lohn_reinigung_anon,0.0,0.0,3,1,0.773,0.7444,0,offerte_01_lohn_gross_anon_chunk_0|offerte_14_buchhaltung_klein_anon_chunk_0|offerte_12_lohn_reinigung_anon_chunk_0,0,0,21.94,0.0,21.94,ollama,True,CHF 850,,
2026-09-09T18:18:43,SETUP_01,setup,unrelated,200,446,214,1,False,falsche_stelle,False,offerte_01_lohn_gross_anon,offerte_01_lohn_gross_anon|offerte_14_buchhaltung_klein_anon|offerte_12_lohn_reinigung_anon,0.0,0.0,3,1,0.7224,0.6967,0,offerte_01_lohn_gross_anon_chunk_0|offerte_14_buchhaltung_klein_anon_chunk_0|offerte_12_lohn_reinigung_anon_chunk_0,0,0,22.0,0.0,22.0,ollama,True,CHF 420,,
2026-09-09T18:18:43,SETUP_02,setup,unrelated,200,446,214,1,False,falsche_stelle,False,offerte_01_lohn_gross_anon,offerte_01_lohn_gross_anon|offerte_14_buchhaltung_klein_anon|offerte_12_lohn_reinigung_anon,0.0,0.0,3,1,0.7594,0.7247,0,offerte_01_lohn_gross_anon_chunk_0|offerte_14_buchhaltung_klein_anon_chunk_0|offerte_12_lohn_reinigung_anon_chunk_0,0,0,21.95,0.0,21.95,ollama,True,CHF 640,,
2026-09-09T18:18:43,RATE_01,stundensatz,unrelated,200,446,214,1,True,richtig,False,offerte_01_lohn_gross_anon,offerte_01_lohn_gross_anon|offerte_14_buchhaltung_klein_anon|offerte_04_revision_anon,0.3333,1.0,3,1,0.7751,0.7647,0,offerte_01_lohn_gross_anon_chunk_0|offerte_14_buchhaltung_klein_anon_chunk_0|offerte_04_revision_anon_chunk_0,0,0,22.04,0.0,22.04,ollama,True,CHF 140,,
2026-09-09T18:18:43,BUCH_02,buchhaltung,unrelated,200,446,214,1,False,falsches_dokument,False,offerte_02_accounting_intl_anon,offerte_05_stiftung_audit_anon|offerte_07_gruendung_domizil_anon|offerte_11_swiss_finish_anon,0.0,0.0,3,1,0.6578,0.6541,0,offerte_05_stiftung_audit_anon_chunk_2|offerte_07_gruendung_domizil_anon_chunk_1|offerte_11_swiss_finish_anon_chunk_1,0,0,22.02,0.0,22.02,ollama,True,CHF 1'700 - 2'100,,
2026-09-09T18:18:43,LOHN_02,lohn,unrelated,200,446,214,1,False,falsche_stelle,False,offerte_02_accounting_intl_anon,offerte_03_accounting_branch_anon|offerte_11_swiss_finish_anon|offerte_02_accounting_intl_anon,0.0,0.0,3,1,0.6099,0.6079,0,offerte_03_accounting_branch_anon_chunk_0|offerte_11_swiss_finish_anon_chunk_0|offerte_02_accounting_intl_anon_chunk_0,0,0,22.01,0.0,22.01,ollama,True,CHF 1'000,,
2026-09-09T18:18:43,SETUP_03,setup,unrelated,200,446,214,1,False,falsche_stelle,False,offerte_02_accounting_intl_anon,offerte_02_accounting_intl_anon|offerte_07_gruendung_domizil_anon|offerte_13_holding_spaltung_anon,0.0,0.0,3,1,0.6348,0.6307,0,offerte_02_accounting_intl_anon_chunk_0|offerte_07_gruendung_domizil_anon_chunk_1|offerte_13_holding_spaltung_anon_chunk_2,0,0,21.97,0.0,21.97,ollama,True,CHF 1'300,,
2026-09-09T18:18:43,MWST_02,mwst,unrelated,200,446,214,1,False,falsche_stelle,False,offerte_02_accounting_intl_anon,offerte_02_accounting_intl_anon|offerte_07_gruendung_domizil_anon|offerte_11_swiss_finish_anon,0.0,0.0,3,1,0.6487,0.6444,0,offerte_02_accounting_intl_anon_chunk_0|offerte_07_gruendung_domizil_anon_chunk_1|offerte_11_swiss_finish_anon_chunk_0,0,0,21.97,0.0,21.97,ollama,True,CHF 850,,
2026-09-09T18:18:43,VERS_01,versicherung,unrelated,200,446,214,1,False,falsche_stelle,False,offerte_02_accounting_intl_anon,offerte_11_swiss_finish_anon|offerte_02_accounting_intl_anon|offerte_03_accounting_branch_anon,0.0,0.0,3,1,0.6259,0.6231,0,offerte_11_swiss_finish_anon_chunk_0|offerte_02_accounting_intl_anon_chunk_0|offerte_03_accounting_branch_anon_chunk_0,0,0,21.94,0.0,21.94,ollama,True,CHF 850 - 1'700,,
2026-09-09T18:18:43,BUCH_03,buchhaltung,unrelated,200,446,214,1,False,falsche_stelle,False,offerte_03_accounting_branch_anon,offerte_03_accounting_branch_anon|offerte_13_holding_spaltung_anon|offerte_07_gruendung_domizil_anon,0.0,0.0,3,1,0.6963,0.6801,0,offerte_03_accounting_branch_anon_chunk_0|offerte_13_holding_spaltung_anon_chunk_2|offerte_07_gruendung_domizil_anon_chunk_1,0,0,22.23,0.0,22.23,ollama,True,CHF 3'400 - 3'800,,
2026-09-09T18:18:43,SETUP_04,setup,unrelated,200,446,214,1,False,falsche_stelle,False,offerte_03_accounting_branch_anon,offerte_03_accounting_branch_anon|offerte_13_holding_spaltung_anon|offerte_02_accounting_intl_anon,0.0,0.0,3,1,0.6634,0.6267,0,offerte_03_accounting_branch_anon_chunk_0|offerte_13_holding_spaltung_anon_chunk_0|offerte_02_accounting_intl_anon_chunk_0,0,0,22.34,0.0,22.34,ollama,True,CHF 1'300,,
2026-09-09T18:18:43,STEU_02,steuern,unrelated,200,446,214,1,False,falsche_stelle,False,offerte_03_accounting_branch_anon,offerte_03_accounting_branch_anon|offerte_13_holding_spaltung_anon,0.0,0.0,3,1,0.6383,0.6276,0,offerte_03_accounting_branch_anon_chunk_0|offerte_13_holding_spaltung_anon_chunk_2|offerte_13_holding_spaltung_anon_chunk_0,0,0,22.37,0.0,22.37,ollama,True,CHF 850,,
2026-09-09T18:18:43,REV_01,revision,unrelated,200,446,214,1,True,richtig,False,offerte_04_revision_anon,offerte_04_revision_anon|offerte_01_lohn_gross_anon|offerte_14_buchhaltung_klein_anon,0.3333,1.0,3,1,0.8388,0.7525,0,offerte_04_revision_anon_chunk_0|offerte_01_lohn_gross_anon_chunk_0|offerte_14_buchhaltung_klein_anon_chunk_0,0,0,22.46,0.0,22.46,ollama,True,CHF 3'250,,
2026-09-09T18:18:43,REV_02,revision,unrelated,200,446,214,1,False,fehlgriff_unrelated,False,offerte_04_revision_anon,noise_betreibung_0070|noise_fristen_0037|noise_betreibung_0190,0.0,0.0,3,1,0.681,0.6555,0,noise_betreibung_0070_chunk_2|noise_fristen_0037_chunk_2|noise_betreibung_0190_chunk_1,0,0,22.47,0.0,22.47,ollama,True,CHF 1'300,,
2026-09-09T18:18:43,AUD_01,revision,unrelated,200,446,214,1,True,richtig,False,offerte_05_stiftung_audit_anon,offerte_05_stiftung_audit_anon|offerte_07_gruendung_domizil_anon,0.3333,1.0,3,1,0.6236,0.6012,0,offerte_05_stiftung_audit_anon_chunk_0|offerte_05_stiftung_audit_anon_chunk_2|offerte_07_gruendung_domizil_anon_chunk_1,0,0,22.55,0.0,22.55,ollama,True,CHF 1'550 - 2'100,,
2026-09-09T18:18:43,AUD_02,revision,unrelated,200,446,214,1,True,richtig,False,offerte_05_stiftung_audit_anon,offerte_05_stiftung_audit_anon|offerte_07_gruendung_domizil_anon,0.3333,1.0,3,1,0.6687,0.6471,0,offerte_05_stiftung_audit_anon_chunk_2|offerte_05_stiftung_audit_anon_chunk_0|offerte_07_gruendung_domizil_anon_chunk_1,0,0,22.56,0.0,22.56,ollama,True,CHF 3'800 - 4'700,,
2026-09-09T18:18:43,LOHN_03,lohn,unrelated,200,446,214,1,False,falsche_stelle,False,offerte_05_stiftung_audit_anon,offerte_05_stiftung_audit_anon|offerte_02_accounting_intl_anon|offerte_03_accounting_branch_anon,0.0,0.0,3,1,0.6248,0.6197,0,offerte_05_stiftung_audit_anon_chunk_0|offerte_02_accounting_intl_anon_chunk_2|offerte_03_accounting_branch_anon_chunk_0,0,0,22.65,0.0,22.65,ollama,True,CHF 760,,
2026-09-09T18:18:43,GRUE_01,gruendung,unrelated,200,446,214,1,False,fehlgriff_unrelated,False,offerte_06_gruendung_klein_anon,noise_handelsregister_0121|noise_handelsregister_0161|noise_handelsregister_0129,0.0,0.0,3,1,0.6895,0.6874,0,noise_handelsregister_0121_chunk_1|noise_handelsregister_0161_chunk_1|noise_handelsregister_0129_chunk_0,0,0,22.62,0.0,22.62,ollama,True,CHF 1'700,,
2026-09-09T18:18:43,BUCH_04,buchhaltung,unrelated,200,446,214,1,False,falsches_dokument,False,offerte_06_gruendung_klein_anon,offerte_01_lohn_gross_anon|offerte_08_gruendung_vr_anon|offerte_14_buchhaltung_klein_anon,0.0,0.0,3,1,0.6856,0.6667,0,offerte_01_lohn_gross_anon_chunk_1|offerte_08_gruendung_vr_anon_chunk_2|offerte_14_buchhaltung_klein_anon_chunk_1,0,0,22.76,0.0,22.76,ollama,True,CHF 1'700 - 2'550,,
2026-09-09T18:18:43,VERS_02,versicherung,unrelated,200,446,214,1,False,falsche_stelle,False,offerte_06_gruendung_klein_anon,offerte_12_lohn_reinigung_anon|offerte_14_buchhaltung_klein_anon|offerte_06_gruendung_klein_anon,0.0,0.0,3,1,0.674,0.6603,0,offerte_12_lohn_reinigung_anon_chunk_0|offerte_14_buchhaltung_klein_anon_chunk_0|offerte_06_gruendung_klein_anon_chunk_0,0,0,22.91,0.0,22.91,ollama,True,CHF 210,,
2026-09-09T18:18:43,GRUE_02,gruendung,unrelated,200,446,214,1,True,richtig,False,offerte_07_gruendung_domizil_anon,offerte_07_gruendung_domizil_anon|offerte_09_domizil_beratung_anon|offerte_13_holding_spaltung_anon,0.3333,1.0,3,1,0.6324,0.6078,0,offerte_07_gruendung_domizil_anon_chunk_1|offerte_09_domizil_beratung_anon_chunk_2|offerte_13_holding_spaltung_anon_chunk_2,0,0,23.01,0.0,23.01,ollama,True,CHF 2'100,,
2026-09-09T18:18:43,VR_01,verwaltungsrat,unrelated,200,446,214,1,False,falsches_dokument,False,offerte_07_gruendung_domizil_anon,offerte_11_swiss_finish_anon|offerte_09_domizil_beratung_anon|offerte_02_accounting_intl_anon,0.0,0.0,3,1,0.6273,0.6115,0,offerte_11_swiss_finish_anon_chunk_1|offerte_09_domizil_beratung_anon_chunk_2|offerte_02_accounting_intl_anon_chunk_2,0,0,22.86,0.0,22.86,ollama,True,CHF 4'250,,
2026-09-09T18:18:43,DOM_01,domizil,unrelated,200,446,214,1,False,falsches_dokument,False,offerte_07_gruendung_domizil_anon,offerte_09_domizil_beratung_anon|offerte_11_swiss_finish_anon|offerte_03_accounting_branch_anon,0.0,0.0,3,1,0.6543,0.6379,0,offerte_09_domizil_beratung_anon_chunk_0|offerte_11_swiss_finish_anon_chunk_1|offerte_03_accounting_branch_anon_chunk_0,0,0,23.46,0.0,23.46,ollama,True,CHF 1'700,,
2026-09-09T18:18:43,VR_02,verwaltungsrat,unrelated,200,446,214,1,False,falsche_stelle,False,offerte_08_gruendung_vr_anon,offerte_08_gruendung_vr_anon|offerte_06_gruendung_klein_anon|noise_handelsregister_0169,0.0,0.0,3,1,0.6664,0.6578,0,offerte_08_gruendung_vr_anon_chunk_0|offerte_06_gruendung_klein_anon_chunk_0|noise_handelsregister_0169_chunk_0,0,0,23.66,0.0,23.66,ollama,True,CHF 5'500,,
2026-09-09T18:18:43,DOM_02,domizil,unrelated,200,446,214,1,True,richtig,False,offerte_08_gruendung_vr_anon,offerte_08_gruendung_vr_anon|offerte_01_lohn_gross_anon|offerte_12_lohn_reinigung_anon,0.3333,1.0,3,1,0.7624,0.7348,0,offerte_08_gruendung_vr_anon_chunk_0|offerte_01_lohn_gross_anon_chunk_0|offerte_12_lohn_reinigung_anon_chunk_0,0,0,23.6,0.0,23.6,ollama,True,CHF 2'100,,
2026-09-09T18:18:43,DOM_03,domizil,unrelated,200,446,214,1,False,falsche_stelle,False,offerte_09_domizil_beratung_anon,offerte_09_domizil_beratung_anon|offerte_03_accounting_branch_anon|offerte_13_holding_spaltung_anon,0.0,0.0,3,1,0.6605,0.6395,0,offerte_09_domizil_beratung_anon_chunk_0|offerte_03_accounting_branch_anon_chunk_0|offerte_13_holding_spaltung_anon_chunk_0,0,0,23.78,0.0,23.78,ollama,True,CHF 1'300,,
2026-09-09T18:18:43,DOM_04,domizil,unrelated,200,446,214,1,False,falsche_stelle,False,offerte_09_domizil_beratung_anon,offerte_09_domizil_beratung_anon|offerte_03_accounting_branch_anon|offerte_13_holding_spaltung_anon,0.0,0.0,3,1,0.6398,0.6158,0,offerte_09_domizil_beratung_anon_chunk_0|offerte_03_accounting_branch_anon_chunk_0|offerte_13_holding_spaltung_anon_chunk_0,0,0,23.67,0.0,23.67,ollama,True,CHF 3'400,,
2026-09-09T18:18:43,VR_03,verwaltungsrat,unrelated,200,446,214,1,False,falsche_stelle,False,offerte_09_domizil_beratung_anon,offerte_09_domizil_beratung_anon|offerte_07_gruendung_domizil_anon|offerte_03_accounting_branch_anon,0.0,0.0,3,1,0.6398,0.6298,0,offerte_09_domizil_beratung_anon_chunk_0|offerte_07_gruendung_domizil_anon_chunk_0|offerte_03_accounting_branch_anon_chunk_0,0,0,23.89,0.0,23.89,ollama,True,CHF 4'250,,
2026-09-09T18:18:43,BUCH_05,buchhaltung,unrelated,200,446,214,1,False,falsches_dokument,False,offerte_09_domizil_beratung_anon,offerte_05_stiftung_audit_anon|offerte_07_gruendung_domizil_anon|offerte_11_swiss_finish_anon,0.0,0.0,3,1,0.6524,0.6453,0,offerte_05_stiftung_audit_anon_chunk_2|offerte_07_gruendung_domizil_anon_chunk_1|offerte_11_swiss_finish_anon_chunk_1,0,0,24.52,0.0,24.52,ollama,True,CHF 3'400 - 3'800,,
2026-09-09T18:18:43,BUCH_06,buchhaltung,unrelated,200,446,214,1,False,falsches_dokument,False,offerte_10_accounting_medtech_anon,offerte_07_gruendung_domizil_anon|offerte_05_stiftung_audit_anon|offerte_11_swiss_finish_anon,0.0,0.0,3,1,0.6766,0.6671,0,offerte_07_gruendung_domizil_anon_chunk_1|offerte_05_stiftung_audit_anon_chunk_2|offerte_11_swiss_finish_anon_chunk_0,0,0,24.52,0.0,24.52,ollama,True,CHF 3'400 - 3'800,,
2026-09-09T18:18:43,LOHN_04,lohn,unrelated,200,446,214,1,False,falsches_dokument,False,offerte_10_accounting_medtech_anon,offerte_11_swiss_finish_anon|offerte_03_accounting_branch_anon|offerte_09_domizil_beratung_anon,0.0,0.0,3,1,0.618,0.6146,0,offerte_11_swiss_finish_anon_chunk_0|offerte_03_accounting_branch_anon_chunk_0|offerte_09_domizil_beratung_anon_chunk_2,0,0,24.49,0.0,24.49,ollama,True,CHF 1'000,,
2026-09-09T18:18:43,BUCH_07,buchhaltung,unrelated,200,446,214,1,False,falsche_stelle,False,offerte_11_swiss_finish_anon,offerte_11_swiss_finish_anon|offerte_03_accounting_branch_anon|offerte_05_stiftung_audit_anon,0.0,0.0,3,1,0.733,0.7196,0,offerte_11_swiss_finish_anon_chunk_1|offerte_03_accounting_branch_anon_chunk_1|offerte_05_stiftung_audit_anon_chunk_1,0,0,24.55,0.0,24.55,ollama,True,CHF 210,,
2026-09-09T18:18:43,MWST_03,mwst,unrelated,200,446,214,1,False,falsche_stelle,False,offerte_11_swiss_finish_anon,offerte_11_swiss_finish_anon|offerte_07_gruendung_domizil_anon|offerte_03_accounting_branch_anon,0.0,0.0,3,1,0.6868,0.6577,0,offerte_11_swiss_finish_anon_chunk_0|offerte_07_gruendung_domizil_anon_chunk_1|offerte_03_accounting_branch_anon_chunk_0,0,0,24.52,0.0,24.52,ollama,True,CHF 2'550,,
2026-09-09T18:18:43,SETUP_05,setup,unrelated,200,446,214,1,False,falsche_stelle,False,offerte_11_swiss_finish_anon,offerte_11_swiss_finish_anon|offerte_13_holding_spaltung_anon|offerte_09_domizil_beratung_anon,0.0,0.0,3,1,0.6062,0.5859,0,offerte_11_swiss_finish_anon_chunk_0|offerte_13_holding_spaltung_anon_chunk_2|offerte_09_domizil_beratung_anon_chunk_2,0,0,24.6,0.0,24.6,ollama,True,CHF 340,,
2026-09-09T18:18:43,BUCH_08,buchhaltung,unrelated,200,446,214,1,False,falsche_stelle,False,offerte_12_lohn_reinigung_anon,offerte_01_lohn_gross_anon|offerte_14_buchhaltung_klein_anon|offerte_12_lohn_reinigung_anon,0.0,0.0,3,1,0.7331,0.7218,0,offerte_01_lohn_gross_anon_chunk_0|offerte_14_buchhaltung_klein_anon_chunk_0|offerte_12_lohn_reinigung_anon_chunk_0,0,0,24.5,0.0,24.5,ollama,True,CHF 2'550 - 3'000,,
2026-09-09T18:18:43,LOHN_05,lohn,unrelated,200,446,214,1,False,falsche_stelle,False,offerte_12_lohn_reinigung_anon,offerte_01_lohn_gross_anon|offerte_12_lohn_reinigung_anon|offerte_14_buchhaltung_klein_anon,0.0,0.0,3,1,0.7668,0.7586,0,offerte_01_lohn_gross_anon_chunk_0|offerte_12_lohn_reinigung_anon_chunk_0|offerte_14_buchhaltung_klein_anon_chunk_0,0,0,24.54,0.0,24.54,ollama,True,CHF 600 - 1'000,,
2026-09-09T18:18:43,SETUP_06,setup,unrelated,200,446,214,1,False,falsche_stelle,False,offerte_12_lohn_reinigung_anon,offerte_01_lohn_gross_anon|offerte_12_lohn_reinigung_anon|offerte_14_buchhaltung_klein_anon,0.0,0.0,3,1,0.7273,0.706,0,offerte_01_lohn_gross_anon_chunk_0|offerte_12_lohn_reinigung_anon_chunk_0|offerte_14_buchhaltung_klein_anon_chunk_0,0,0,24.55,0.0,24.55,ollama,True,CHF 420 - 640,,
2026-09-09T18:18:43,BUCH_09,buchhaltung,unrelated,200,446,214,1,False,falsches_dokument,False,offerte_13_holding_spaltung_anon,offerte_05_stiftung_audit_anon|offerte_07_gruendung_domizil_anon|offerte_11_swiss_finish_anon,0.0,0.0,3,1,0.6601,0.6558,0,offerte_05_stiftung_audit_anon_chunk_2|offerte_07_gruendung_domizil_anon_chunk_1|offerte_11_swiss_finish_anon_chunk_1,0,0,24.56,0.0,24.56,ollama,True,CHF 2'550 - 3'000,,
2026-09-09T18:18:43,SONST_01,sonstiges,unrelated,200,446,214,1,True,richtig,False,offerte_13_holding_spaltung_anon,offerte_13_holding_spaltung_anon|offerte_05_stiftung_audit_anon|offerte_07_gruendung_domizil_anon,0.3333,1.0,3,1,0.6525,0.6289,0,offerte_13_holding_spaltung_anon_chunk_2|offerte_05_stiftung_audit_anon_chunk_2|offerte_07_gruendung_domizil_anon_chunk_1,0,0,24.59,0.0,24.59,ollama,True,CHF 1'700,,
2026-09-09T18:18:43,BUCH_10,buchhaltung,unrelated,200,446,214,1,True,richtig,False,offerte_14_buchhaltung_klein_anon,offerte_14_buchhaltung_klein_anon|offerte_01_lohn_gross_anon|offerte_12_lohn_reinigung_anon,0.3333,1.0,3,1,0.6815,0.6746,0,offerte_14_buchhaltung_klein_anon_chunk_1|offerte_01_lohn_gross_anon_chunk_1|offerte_12_lohn_reinigung_anon_chunk_1,0,0,24.55,0.0,24.55,ollama,True,CHF 850 - 1'300,,
2026-09-09T18:18:44,STEU_03,steuern,unrelated,200,446,214,1,False,falsche_stelle,False,offerte_14_buchhaltung_klein_anon,offerte_01_lohn_gross_anon|offerte_14_buchhaltung_klein_anon|offerte_12_lohn_reinigung_anon,0.0,0.0,3,1,0.7572,0.7392,0,offerte_01_lohn_gross_anon_chunk_0|offerte_14_buchhaltung_klein_anon_chunk_0|offerte_12_lohn_reinigung_anon_chunk_0,0,0,24.49,0.0,24.49,ollama,True,CHF 640,,
2026-09-09T18:18:44,UNB_01,unbeantwortbar,unrelated,200,446,214,1,False,material_fuer_halluzination,True,,noise_immobilien_0039|noise_immobilien_0055|offerte_12_lohn_reinigung_anon,0.0,0.0,3,0,0.6714,0.6692,0,noise_immobilien_0039_chunk_2|noise_immobilien_0055_chunk_2|offerte_12_lohn_reinigung_anon_chunk_0,0,0,24.58,0.0,24.58,ollama,True,nicht in den Unterlagen,,
2026-09-09T18:18:44,UNB_02,unbeantwortbar,unrelated,200,446,214,1,False,material_fuer_halluzination,True,,offerte_01_lohn_gross_anon|noise_betreibung_0070|offerte_08_gruendung_vr_anon,0.0,0.0,3,0,0.6035,0.5984,0,offerte_01_lohn_gross_anon_chunk_0|noise_betreibung_0070_chunk_2|offerte_08_gruendung_vr_anon_chunk_0,0,0,24.59,0.0,24.59,ollama,True,nicht in den Unterlagen,,
2026-09-09T18:18:44,UNB_03,unbeantwortbar,unrelated,200,446,214,1,False,material_fuer_halluzination,True,,noise_betreibung_0070|noise_immobilien_0039|noise_immobilien_0055,0.0,0.0,3,0,0.7111,0.6911,0,noise_betreibung_0070_chunk_2|noise_immobilien_0039_chunk_2|noise_immobilien_0055_chunk_2,0,0,24.58,0.0,24.58,ollama,True,nicht in den Unterlagen,,
2026-09-09T18:18:44,UNB_04,unbeantwortbar,unrelated,200,446,214,1,False,material_fuer_halluzination,True,,offerte_14_buchhaltung_klein_anon|offerte_08_gruendung_vr_anon|offerte_12_lohn_reinigung_anon,0.0,0.0,3,0,0.6694,0.6641,0,offerte_14_buchhaltung_klein_anon_chunk_1|offerte_08_gruendung_vr_anon_chunk_0|offerte_12_lohn_reinigung_anon_chunk_1,0,0,24.56,0.0,24.56,ollama,True,nicht in den Unterlagen,,
2026-09-09T18:18:44,UNB_05,unbeantwortbar,unrelated,200,446,214,1,False,material_fuer_halluzination,True,,noise_immobilien_0039|noise_immobilien_0055|offerte_14_buchhaltung_klein_anon,0.0,0.0,3,0,0.6661,0.6615,0,noise_immobilien_0039_chunk_2|noise_immobilien_0055_chunk_2|offerte_14_buchhaltung_klein_anon_chunk_0,0,0,24.6,0.0,24.6,ollama,True,nicht in den Unterlagen,,
2026-09-09T18:18:44,LOHN_01,lohn,unrelated,200,446,214,2,False,falsche_stelle,False,offerte_01_lohn_gross_anon,offerte_01_lohn_gross_anon|offerte_14_buchhaltung_klein_anon|offerte_12_lohn_reinigung_anon,0.0,0.0,3,1,0.7905,0.778,0,offerte_01_lohn_gross_anon_chunk_0|offerte_14_buchhaltung_klein_anon_chunk_0|offerte_12_lohn_reinigung_anon_chunk_0,0,0,24.67,0.0,24.67,ollama,True,CHF 680,,
2026-09-09T18:18:44,BUCH_01,buchhaltung,unrelated,200,446,214,2,True,richtig,False,offerte_01_lohn_gross_anon,noise_immobilien_0039|offerte_01_lohn_gross_anon|noise_immobilien_0055,0.3333,1.0,3,1,0.6504,0.6494,0,noise_immobilien_0039_chunk_2|offerte_01_lohn_gross_anon_chunk_1|noise_immobilien_0055_chunk_2,0,0,24.61,0.0,24.61,ollama,True,CHF 12'750 - 15'300,,
2026-09-09T18:18:44,MWST_01,mwst,unrelated,200,446,214,2,False,falsche_stelle,False,offerte_01_lohn_gross_anon,offerte_01_lohn_gross_anon|offerte_14_buchhaltung_klein_anon|offerte_12_lohn_reinigung_anon,0.0,0.0,3,1,0.7884,0.7667,0,offerte_01_lohn_gross_anon_chunk_0|offerte_14_buchhaltung_klein_anon_chunk_0|offerte_12_lohn_reinigung_anon_chunk_0,0,0,24.64,0.0,24.64,ollama,True,CHF 1'300,,
2026-09-09T18:18:44,STEU_01,steuern,unrelated,200,446,214,2,False,falsche_stelle,False,offerte_01_lohn_gross_anon,offerte_01_lohn_gross_anon|offerte_14_buchhaltung_klein_anon|offerte_12_lohn_reinigung_anon,0.0,0.0,3,1,0.773,0.7444,0,offerte_01_lohn_gross_anon_chunk_0|offerte_14_buchhaltung_klein_anon_chunk_0|offerte_12_lohn_reinigung_anon_chunk_0,0,0,24.58,0.0,24.58,ollama,True,CHF 850,,
2026-09-09T18:18:44,SETUP_01,setup,unrelated,200,446,214,2,False,falsche_stelle,False,offerte_01_lohn_gross_anon,offerte_01_lohn_gross_anon|offerte_14_buchhaltung_klein_anon|offerte_12_lohn_reinigung_anon,0.0,0.0,3,1,0.7224,0.6967,0,offerte_01_lohn_gross_anon_chunk_0|offerte_14_buchhaltung_klein_anon_chunk_0|offerte_12_lohn_reinigung_anon_chunk_0,0,0,24.52,0.0,24.52,ollama,True,CHF 420,,
2026-09-09T18:18:44,SETUP_02,setup,unrelated,200,446,214,2,False,falsche_stelle,False,offerte_01_lohn_gross_anon,offerte_01_lohn_gross_anon|offerte_14_buchhaltung_klein_anon|offerte_12_lohn_reinigung_anon,0.0,0.0,3,1,0.7594,0.7247,0,offerte_01_lohn_gross_anon_chunk_0|offerte_14_buchhaltung_klein_anon_chunk_0|offerte_12_lohn_reinigung_anon_chunk_0,0,0,24.51,0.0,24.51,ollama,True,CHF 640,,
2026-09-09T18:18:44,RATE_01,stundensatz,unrelated,200,446,214,2,True,richtig,False,offerte_01_lohn_gross_anon,offerte_01_lohn_gross_anon|offerte_14_buchhaltung_klein_anon|offerte_04_revision_anon,0.3333,1.0,3,1,0.7751,0.7647,0,offerte_01_lohn_gross_anon_chunk_0|offerte_14_buchhaltung_klein_anon_chunk_0|offerte_04_revision_anon_chunk_0,0,0,24.61,0.0,24.61,ollama,True,CHF 140,,
2026-09-09T18:18:44,BUCH_02,buchhaltung,unrelated,200,446,214,2,False,falsches_dokument,False,offerte_02_accounting_intl_anon,offerte_05_stiftung_audit_anon|offerte_07_gruendung_domizil_anon|offerte_11_swiss_finish_anon,0.0,0.0,3,1,0.6578,0.6541,0,offerte_05_stiftung_audit_anon_chunk_2|offerte_07_gruendung_domizil_anon_chunk_1|offerte_11_swiss_finish_anon_chunk_1,0,0,24.6,0.0,24.6,ollama,True,CHF 1'700 - 2'100,,
2026-09-09T18:18:44,LOHN_02,lohn,unrelated,200,446,214,2,False,falsche_stelle,False,offerte_02_accounting_intl_anon,offerte_03_accounting_branch_anon|offerte_11_swiss_finish_anon|offerte_02_accounting_intl_anon,0.0,0.0,3,1,0.6099,0.6079,0,offerte_03_accounting_branch_anon_chunk_0|offerte_11_swiss_finish_anon_chunk_0|offerte_02_accounting_intl_anon_chunk_0,0,0,24.61,0.0,24.61,ollama,True,CHF 1'000,,
2026-09-09T18:18:44,SETUP_03,setup,unrelated,200,446,214,2,False,falsche_stelle,False,offerte_02_accounting_intl_anon,offerte_02_accounting_intl_anon|offerte_07_gruendung_domizil_anon|offerte_13_holding_spaltung_anon,0.0,0.0,3,1,0.6348,0.6307,0,offerte_02_accounting_intl_anon_chunk_0|offerte_07_gruendung_domizil_anon_chunk_1|offerte_13_holding_spaltung_anon_chunk_2,0,0,25.69,0.0,25.69,ollama,True,CHF 1'300,,
2026-09-09T18:18:44,MWST_02,mwst,unrelated,200,446,214,2,False,falsche_stelle,False,offerte_02_accounting_intl_anon,offerte_02_accounting_intl_anon|offerte_07_gruendung_domizil_anon|offerte_11_swiss_finish_anon,0.0,0.0,3,1,0.6487,0.6444,0,offerte_02_accounting_intl_anon_chunk_0|offerte_07_gruendung_domizil_anon_chunk_1|offerte_11_swiss_finish_anon_chunk_0,0,0,25.68,0.0,25.68,ollama,True,CHF 850,,
2026-09-09T18:18:44,VERS_01,versicherung,unrelated,200,446,214,2,False,falsche_stelle,False,offerte_02_accounting_intl_anon,offerte_11_swiss_finish_anon|offerte_02_accounting_intl_anon|offerte_03_accounting_branch_anon,0.0,0.0,3,1,0.6259,0.6231,0,offerte_11_swiss_finish_anon_chunk_0|offerte_02_accounting_intl_anon_chunk_0|offerte_03_accounting_branch_anon_chunk_0,0,0,25.68,0.0,25.68,ollama,True,CHF 850 - 1'700,,
2026-09-09T18:18:44,BUCH_03,buchhaltung,unrelated,200,446,214,2,False,falsche_stelle,False,offerte_03_accounting_branch_anon,offerte_03_accounting_branch_anon|offerte_13_holding_spaltung_anon|offerte_07_gruendung_domizil_anon,0.0,0.0,3,1,0.6963,0.6801,0,offerte_03_accounting_branch_anon_chunk_0|offerte_13_holding_spaltung_anon_chunk_2|offerte_07_gruendung_domizil_anon_chunk_1,0,0,25.72,0.0,25.72,ollama,True,CHF 3'400 - 3'800,,
2026-09-09T18:18:44,SETUP_04,setup,unrelated,200,446,214,2,False,falsche_stelle,False,offerte_03_accounting_branch_anon,offerte_03_accounting_branch_anon|offerte_13_holding_spaltung_anon|offerte_02_accounting_intl_anon,0.0,0.0,3,1,0.6634,0.6267,0,offerte_03_accounting_branch_anon_chunk_0|offerte_13_holding_spaltung_anon_chunk_0|offerte_02_accounting_intl_anon_chunk_0,0,0,25.64,0.0,25.64,ollama,True,CHF 1'300,,
2026-09-09T18:18:44,STEU_02,steuern,unrelated,200,446,214,2,False,falsche_stelle,False,offerte_03_accounting_branch_anon,offerte_03_accounting_branch_anon|offerte_13_holding_spaltung_anon,0.0,0.0,3,1,0.6383,0.6276,0,offerte_03_accounting_branch_anon_chunk_0|offerte_13_holding_spaltung_anon_chunk_2|offerte_13_holding_spaltung_anon_chunk_0,0,0,25.79,0.0,25.79,ollama,True,CHF 850,,
2026-09-09T18:18:44,REV_01,revision,unrelated,200,446,214,2,True,richtig,False,offerte_04_revision_anon,offerte_04_revision_anon|offerte_01_lohn_gross_anon|offerte_14_buchhaltung_klein_anon,0.3333,1.0,3,1,0.8388,0.7525,0,offerte_04_revision_anon_chunk_0|offerte_01_lohn_gross_anon_chunk_0|offerte_14_buchhaltung_klein_anon_chunk_0,0,0,25.7,0.0,25.7,ollama,True,CHF 3'250,,
2026-09-09T18:18:44,REV_02,revision,unrelated,200,446,214,2,False,fehlgriff_unrelated,False,offerte_04_revision_anon,noise_betreibung_0070|noise_fristen_0037|noise_betreibung_0190,0.0,0.0,3,1,0.681,0.6555,0,noise_betreibung_0070_chunk_2|noise_fristen_0037_chunk_2|noise_betreibung_0190_chunk_1,0,0,25.7,0.0,25.7,ollama,True,CHF 1'300,,
2026-09-09T18:18:44,AUD_01,revision,unrelated,200,446,214,2,True,richtig,False,offerte_05_stiftung_audit_anon,offerte_05_stiftung_audit_anon|offerte_07_gruendung_domizil_anon,0.3333,1.0,3,1,0.6236,0.6012,0,offerte_05_stiftung_audit_anon_chunk_0|offerte_05_stiftung_audit_anon_chunk_2|offerte_07_gruendung_domizil_anon_chunk_1,0,0,25.69,0.0,25.69,ollama,True,CHF 1'550 - 2'100,,
2026-09-09T18:18:44,AUD_02,revision,unrelated,200,446,214,2,True,richtig,False,offerte_05_stiftung_audit_anon,offerte_05_stiftung_audit_anon|offerte_07_gruendung_domizil_anon,0.3333,1.0,3,1,0.6687,0.6471,0,offerte_05_stiftung_audit_anon_chunk_2|offerte_05_stiftung_audit_anon_chunk_0|offerte_07_gruendung_domizil_anon_chunk_1,0,0,25.67,0.0,25.67,ollama,True,CHF 3'800 - 4'700,,
2026-09-09T18:18:44,LOHN_03,lohn,unrelated,200,446,214,2,False,falsche_stelle,False,offerte_05_stiftung_audit_anon,offerte_05_stiftung_audit_anon|offerte_02_accounting_intl_anon|offerte_03_accounting_branch_anon,0.0,0.0,3,1,0.6248,0.6197,0,offerte_05_stiftung_audit_anon_chunk_0|offerte_02_accounting_intl_anon_chunk_2|offerte_03_accounting_branch_anon_chunk_0,0,0,26.48,0.0,26.48,ollama,True,CHF 760,,
2026-09-09T18:18:44,GRUE_01,gruendung,unrelated,200,446,214,2,False,fehlgriff_unrelated,False,offerte_06_gruendung_klein_anon,noise_handelsregister_0121|noise_handelsregister_0161|noise_handelsregister_0129,0.0,0.0,3,1,0.6895,0.6874,0,noise_handelsregister_0121_chunk_1|noise_handelsregister_0161_chunk_1|noise_handelsregister_0129_chunk_0,0,0,26.94,0.0,26.94,ollama,True,CHF 1'700,,
2026-09-09T18:18:44,BUCH_04,buchhaltung,unrelated,200,446,214,2,False,falsches_dokument,False,offerte_06_gruendung_klein_anon,offerte_01_lohn_gross_anon|offerte_08_gruendung_vr_anon|offerte_14_buchhaltung_klein_anon,0.0,0.0,3,1,0.6856,0.6667,0,offerte_01_lohn_gross_anon_chunk_1|offerte_08_gruendung_vr_anon_chunk_2|offerte_14_buchhaltung_klein_anon_chunk_1,0,0,26.9,0.0,26.9,ollama,True,CHF 1'700 - 2'550,,
2026-09-09T18:18:44,VERS_02,versicherung,unrelated,200,446,214,2,False,falsche_stelle,False,offerte_06_gruendung_klein_anon,offerte_12_lohn_reinigung_anon|offerte_14_buchhaltung_klein_anon|offerte_06_gruendung_klein_anon,0.0,0.0,3,1,0.674,0.6603,0,offerte_12_lohn_reinigung_anon_chunk_0|offerte_14_buchhaltung_klein_anon_chunk_0|offerte_06_gruendung_klein_anon_chunk_0,0,0,26.95,0.0,26.95,ollama,True,CHF 210,,
2026-09-09T18:18:44,GRUE_02,gruendung,unrelated,200,446,214,2,True,richtig,False,offerte_07_gruendung_domizil_anon,offerte_07_gruendung_domizil_anon|offerte_09_domizil_beratung_anon|offerte_13_holding_spaltung_anon,0.3333,1.0,3,1,0.6324,0.6078,0,offerte_07_gruendung_domizil_anon_chunk_1|offerte_09_domizil_beratung_anon_chunk_2|offerte_13_holding_spaltung_anon_chunk_2,0,0,26.97,0.0,26.97,ollama,True,CHF 2'100,,
2026-09-09T18:18:44,VR_01,verwaltungsrat,unrelated,200,446,214,2,False,falsches_dokument,False,offerte_07_gruendung_domizil_anon,offerte_11_swiss_finish_anon|offerte_09_domizil_beratung_anon|offerte_02_accounting_intl_anon,0.0,0.0,3,1,0.6273,0.6115,0,offerte_11_swiss_finish_anon_chunk_1|offerte_09_domizil_beratung_anon_chunk_2|offerte_02_accounting_intl_anon_chunk_2,0,0,26.93,0.0,26.93,ollama,True,CHF 4'250,,
2026-09-09T18:18:44,DOM_01,domizil,unrelated,200,446,214,2,False,falsches_dokument,False,offerte_07_gruendung_domizil_anon,offerte_09_domizil_beratung_anon|offerte_11_swiss_finish_anon|offerte_03_accounting_branch_anon,0.0,0.0,3,1,0.6543,0.6379,0,offerte_09_domizil_beratung_anon_chunk_0|offerte_11_swiss_finish_anon_chunk_1|offerte_03_accounting_branch_anon_chunk_0,0,0,27.03,0.0,27.03,ollama,True,CHF 1'700,,
2026-09-09T18:18:44,VR_02,verwaltungsrat,unrelated,200,446,214,2,False,falsche_stelle,False,offerte_08_gruendung_vr_anon,offerte_08_gruendung_vr_anon|offerte_06_gruendung_klein_anon|noise_handelsregister_0169,0.0,0.0,3,1,0.6664,0.6578,0,offerte_08_gruendung_vr_anon_chunk_0|offerte_06_gruendung_klein_anon_chunk_0|noise_handelsregister_0169_chunk_0,0,0,26.96,0.0,26.96,ollama,True,CHF 5'500,,
2026-09-09T18:18:44,DOM_02,domizil,unrelated,200,446,214,2,True,richtig,False,offerte_08_gruendung_vr_anon,offerte_08_gruendung_vr_anon|offerte_01_lohn_gross_anon|offerte_12_lohn_reinigung_anon,0.3333,1.0,3,1,0.7624,0.7348,0,offerte_08_gruendung_vr_anon_chunk_0|offerte_01_lohn_gross_anon_chunk_0|offerte_12_lohn_reinigung_anon_chunk_0,0,0,26.93,0.0,26.93,ollama,True,CHF 2'100,,
2026-09-09T18:18:44,DOM_03,domizil,unrelated,200,446,214,2,False,falsche_stelle,False,offerte_09_domizil_beratung_anon,offerte_09_domizil_beratung_anon|offerte_03_accounting_branch_anon|offerte_13_holding_spaltung_anon,0.0,0.0,3,1,0.6605,0.6395,0,offerte_09_domizil_beratung_anon_chunk_0|offerte_03_accounting_branch_anon_chunk_0|offerte_13_holding_spaltung_anon_chunk_0,0,0,26.97,0.0,26.97,ollama,True,CHF 1'300,,
2026-09-09T18:18:44,DOM_04,domizil,unrelated,200,446,214,2,False,falsche_stelle,False,offerte_09_domizil_beratung_anon,offerte_09_domizil_beratung_anon|offerte_03_accounting_branch_anon|offerte_13_holding_spaltung_anon,0.0,0.0,3,1,0.6398,0.6158,0,offerte_09_domizil_beratung_anon_chunk_0|offerte_03_accounting_branch_anon_chunk_0|offerte_13_holding_spaltung_anon_chunk_0,0,0,26.96,0.0,26.96,ollama,True,CHF 3'400,,
2026-09-09T18:18:44,VR_03,verwaltungsrat,unrelated,200,446,214,2,False,falsche_stelle,False,offerte_09_domizil_beratung_anon,offerte_09_domizil_beratung_anon|offerte_07_gruendung_domizil_anon|offerte_03_accounting_branch_anon,0.0,0.0,3,1,0.6398,0.6298,0,offerte_09_domizil_beratung_anon_chunk_0|offerte_07_gruendung_domizil_anon_chunk_0|offerte_03_accounting_branch_anon_chunk_0,0,0,26.92,0.0,26.92,ollama,True,CHF 4'250,,
2026-09-09T18:18:45,BUCH_05,buchhaltung,unrelated,200,446,214,2,False,falsches_dokument,False,offerte_09_domizil_beratung_anon,offerte_05_stiftung_audit_anon|offerte_07_gruendung_domizil_anon|offerte_11_swiss_finish_anon,0.0,0.0,3,1,0.6524,0.6453,0,offerte_05_stiftung_audit_anon_chunk_2|offerte_07_gruendung_domizil_anon_chunk_1|offerte_11_swiss_finish_anon_chunk_1,0,0,26.9,0.0,26.9,ollama,True,CHF 3'400 - 3'800,,
2026-09-09T18:18:45,BUCH_06,buchhaltung,unrelated,200,446,214,2,False,falsches_dokument,False,offerte_10_accounting_medtech_anon,offerte_07_gruendung_domizil_anon|offerte_05_stiftung_audit_anon|offerte_11_swiss_finish_anon,0.0,0.0,3,1,0.6766,0.6671,0,offerte_07_gruendung_domizil_anon_chunk_1|offerte_05_stiftung_audit_anon_chunk_2|offerte_11_swiss_finish_anon_chunk_0,0,0,26.95,0.0,26.95,ollama,True,CHF 3'400 - 3'800,,
2026-09-09T18:18:45,LOHN_04,lohn,unrelated,200,446,214,2,False,falsches_dokument,False,offerte_10_accounting_medtech_anon,offerte_11_swiss_finish_anon|offerte_03_accounting_branch_anon|offerte_09_domizil_beratung_anon,0.0,0.0,3,1,0.618,0.6146,0,offerte_11_swiss_finish_anon_chunk_0|offerte_03_accounting_branch_anon_chunk_0|offerte_09_domizil_beratung_anon_chunk_2,0,0,26.95,0.0,26.95,ollama,True,CHF 1'000,,
2026-09-09T18:18:45,BUCH_07,buchhaltung,unrelated,200,446,214,2,False,falsche_stelle,False,offerte_11_swiss_finish_anon,offerte_11_swiss_finish_anon|offerte_03_accounting_branch_anon|offerte_05_stiftung_audit_anon,0.0,0.0,3,1,0.733,0.7196,0,offerte_11_swiss_finish_anon_chunk_1|offerte_03_accounting_branch_anon_chunk_1|offerte_05_stiftung_audit_anon_chunk_1,0,0,27.0,0.0,27.0,ollama,True,CHF 210,,
2026-09-09T18:18:45,MWST_03,mwst,unrelated,200,446,214,2,False,falsche_stelle,False,offerte_11_swiss_finish_anon,offerte_11_swiss_finish_anon|offerte_07_gruendung_domizil_anon|offerte_03_accounting_branch_anon,0.0,0.0,3,1,0.6868,0.6577,0,offerte_11_swiss_finish_anon_chunk_0|offerte_07_gruendung_domizil_anon_chunk_1|offerte_03_accounting_branch_anon_chunk_0,0,0,26.93,0.0,26.93,ollama,True,CHF 2'550,,
2026-09-09T18:18:45,SETUP_05,setup,unrelated,200,446,214,2,False,falsche_stelle,False,offerte_11_swiss_finish_anon,offerte_11_swiss_finish_anon|offerte_13_holding_spaltung_anon|offerte_09_domizil_beratung_anon,0.0,0.0,3,1,0.6062,0.5859,0,offerte_11_swiss_finish_anon_chunk_0|offerte_13_holding_spaltung_anon_chunk_2|offerte_09_domizil_beratung_anon_chunk_2,0,0,26.92,0.0,26.92,ollama,True,CHF 340,,
2026-09-09T18:18:45,BUCH_08,buchhaltung,unrelated,200,446,214,2,False,falsche_stelle,False,offerte_12_lohn_reinigung_anon,offerte_01_lohn_gross_anon|offerte_14_buchhaltung_klein_anon|offerte_12_lohn_reinigung_anon,0.0,0.0,3,1,0.7331,0.7218,0,offerte_01_lohn_gross_anon_chunk_0|offerte_14_buchhaltung_klein_anon_chunk_0|offerte_12_lohn_reinigung_anon_chunk_0,0,0,26.93,0.0,26.93,ollama,True,CHF 2'550 - 3'000,,
2026-09-09T18:18:45,LOHN_05,lohn,unrelated,200,446,214,2,False,falsche_stelle,False,offerte_12_lohn_reinigung_anon,offerte_01_lohn_gross_anon|offerte_12_lohn_reinigung_anon|offerte_14_buchhaltung_klein_anon,0.0,0.0,3,1,0.7668,0.7586,0,offerte_01_lohn_gross_anon_chunk_0|offerte_12_lohn_reinigung_anon_chunk_0|offerte_14_buchhaltung_klein_anon_chunk_0,0,0,26.94,0.0,26.94,ollama,True,CHF 600 - 1'000,,
2026-09-09T18:18:45,SETUP_06,setup,unrelated,200,446,214,2,False,falsche_stelle,False,offerte_12_lohn_reinigung_anon,offerte_01_lohn_gross_anon|offerte_12_lohn_reinigung_anon|offerte_14_buchhaltung_klein_anon,0.0,0.0,3,1,0.7273,0.706,0,offerte_01_lohn_gross_anon_chunk_0|offerte_12_lohn_reinigung_anon_chunk_0|offerte_14_buchhaltung_klein_anon_chunk_0,0,0,27.0,0.0,27.0,ollama,True,CHF 420 - 640,,
2026-09-09T18:18:45,BUCH_09,buchhaltung,unrelated,200,446,214,2,False,falsches_dokument,False,offerte_13_holding_spaltung_anon,offerte_05_stiftung_audit_anon|offerte_07_gruendung_domizil_anon|offerte_11_swiss_finish_anon,0.0,0.0,3,1,0.6601,0.6558,0,offerte_05_stiftung_audit_anon_chunk_2|offerte_07_gruendung_domizil_anon_chunk_1|offerte_11_swiss_finish_anon_chunk_1,0,0,26.98,0.0,26.98,ollama,True,CHF 2'550 - 3'000,,
2026-09-09T18:18:45,SONST_01,sonstiges,unrelated,200,446,214,2,True,richtig,False,offerte_13_holding_spaltung_anon,offerte_13_holding_spaltung_anon|offerte_05_stiftung_audit_anon|offerte_07_gruendung_domizil_anon,0.3333,1.0,3,1,0.6525,0.6289,0,offerte_13_holding_spaltung_anon_chunk_2|offerte_05_stiftung_audit_anon_chunk_2|offerte_07_gruendung_domizil_anon_chunk_1,0,0,27.0,0.0,27.0,ollama,True,CHF 1'700,,
2026-09-09T18:18:45,BUCH_10,buchhaltung,unrelated,200,446,214,2,True,richtig,False,offerte_14_buchhaltung_klein_anon,offerte_14_buchhaltung_klein_anon|offerte_01_lohn_gross_anon|offerte_12_lohn_reinigung_anon,0.3333,1.0,3,1,0.6815,0.6746,0,offerte_14_buchhaltung_klein_anon_chunk_1|offerte_01_lohn_gross_anon_chunk_1|offerte_12_lohn_reinigung_anon_chunk_1,0,0,26.97,0.0,26.97,ollama,True,CHF 850 - 1'300,,
2026-09-09T18:18:45,STEU_03,steuern,unrelated,200,446,214,2,False,falsche_stelle,False,offerte_14_buchhaltung_klein_anon,offerte_01_lohn_gross_anon|offerte_14_buchhaltung_klein_anon|offerte_12_lohn_reinigung_anon,0.0,0.0,3,1,0.7572,0.7392,0,offerte_01_lohn_gross_anon_chunk_0|offerte_14_buchhaltung_klein_anon_chunk_0|offerte_12_lohn_reinigung_anon_chunk_0,0,0,27.61,0.0,27.61,ollama,True,CHF 640,,
2026-09-09T18:18:45,UNB_01,unbeantwortbar,unrelated,200,446,214,2,False,material_fuer_halluzination,True,,noise_immobilien_0039|noise_immobilien_0055|offerte_12_lohn_reinigung_anon,0.0,0.0,3,0,0.6714,0.6692,0,noise_immobilien_0039_chunk_2|noise_immobilien_0055_chunk_2|offerte_12_lohn_reinigung_anon_chunk_0,0,0,28.73,0.0,28.73,ollama,True,nicht in den Unterlagen,,
2026-09-09T18:18:45,UNB_02,unbeantwortbar,unrelated,200,446,214,2,False,material_fuer_halluzination,True,,offerte_01_lohn_gross_anon|noise_betreibung_0070|offerte_08_gruendung_vr_anon,0.0,0.0,3,0,0.6035,0.5984,0,offerte_01_lohn_gross_anon_chunk_0|noise_betreibung_0070_chunk_2|offerte_08_gruendung_vr_anon_chunk_0,0,0,27.85,0.0,27.85,ollama,True,nicht in den Unterlagen,,
2026-09-09T18:18:45,UNB_03,unbeantwortbar,unrelated,200,446,214,2,False,material_fuer_halluzination,True,,noise_betreibung_0070|noise_immobilien_0039|noise_immobilien_0055,0.0,0.0,3,0,0.7111,0.6911,0,noise_betreibung_0070_chunk_2|noise_immobilien_0039_chunk_2|noise_immobilien_0055_chunk_2,0,0,27.89,0.0,27.89,ollama,True,nicht in den Unterlagen,,
2026-09-09T18:18:45,UNB_04,unbeantwortbar,unrelated,200,446,214,2,False,material_fuer_halluzination,True,,offerte_14_buchhaltung_klein_anon|offerte_08_gruendung_vr_anon|offerte_12_lohn_reinigung_anon,0.0,0.0,3,0,0.6694,0.6641,0,offerte_14_buchhaltung_klein_anon_chunk_1|offerte_08_gruendung_vr_anon_chunk_0|offerte_12_lohn_reinigung_anon_chunk_1,0,0,27.79,0.0,27.79,ollama,True,nicht in den Unterlagen,,
2026-09-09T18:18:45,UNB_05,unbeantwortbar,unrelated,200,446,214,2,False,material_fuer_halluzination,True,,noise_immobilien_0039|noise_immobilien_0055|offerte_14_buchhaltung_klein_anon,0.0,0.0,3,0,0.6661,0.6615,0,noise_immobilien_0039_chunk_2|noise_immobilien_0055_chunk_2|offerte_14_buchhaltung_klein_anon_chunk_0,0,0,27.77,0.0,27.77,ollama,True,nicht in den Unterlagen,,
2026-09-09T18:18:45,LOHN_01,lohn,unrelated,200,446,214,3,False,falsche_stelle,False,offerte_01_lohn_gross_anon,offerte_01_lohn_gross_anon|offerte_14_buchhaltung_klein_anon|offerte_12_lohn_reinigung_anon,0.0,0.0,3,1,0.7905,0.778,0,offerte_01_lohn_gross_anon_chunk_0|offerte_14_buchhaltung_klein_anon_chunk_0|offerte_12_lohn_reinigung_anon_chunk_0,0,0,27.12,0.0,27.12,ollama,True,CHF 680,,
2026-09-09T18:18:45,BUCH_01,buchhaltung,unrelated,200,446,214,3,True,richtig,False,offerte_01_lohn_gross_anon,noise_immobilien_0039|offerte_01_lohn_gross_anon|noise_immobilien_0055,0.3333,1.0,3,1,0.6504,0.6494,0,noise_immobilien_0039_chunk_2|offerte_01_lohn_gross_anon_chunk_1|noise_immobilien_0055_chunk_2,0,0,26.93,0.0,26.93,ollama,True,CHF 12'750 - 15'300,,
2026-09-09T18:18:45,MWST_01,mwst,unrelated,200,446,214,3,False,falsche_stelle,False,offerte_01_lohn_gross_anon,offerte_01_lohn_gross_anon|offerte_14_buchhaltung_klein_anon|offerte_12_lohn_reinigung_anon,0.0,0.0,3,1,0.7884,0.7667,0,offerte_01_lohn_gross_anon_chunk_0|offerte_14_buchhaltung_klein_anon_chunk_0|offerte_12_lohn_reinigung_anon_chunk_0,0,0,27.81,0.0,27.81,ollama,True,CHF 1'300,,
2026-09-09T18:18:45,STEU_01,steuern,unrelated,200,446,214,3,False,falsche_stelle,False,offerte_01_lohn_gross_anon,offerte_01_lohn_gross_anon|offerte_14_buchhaltung_klein_anon|offerte_12_lohn_reinigung_anon,0.0,0.0,3,1,0.773,0.7444,0,offerte_01_lohn_gross_anon_chunk_0|offerte_14_buchhaltung_klein_anon_chunk_0|offerte_12_lohn_reinigung_anon_chunk_0,0,0,27.65,0.0,27.65,ollama,True,CHF 850,,
2026-09-09T18:18:45,SETUP_01,setup,unrelated,200,446,214,3,False,falsche_stelle,False,offerte_01_lohn_gross_anon,offerte_01_lohn_gross_anon|offerte_14_buchhaltung_klein_anon|offerte_12_lohn_reinigung_anon,0.0,0.0,3,1,0.7224,0.6967,0,offerte_01_lohn_gross_anon_chunk_0|offerte_14_buchhaltung_klein_anon_chunk_0|offerte_12_lohn_reinigung_anon_chunk_0,0,0,27.73,0.0,27.73,ollama,True,CHF 420,,
2026-09-09T18:18:45,SETUP_02,setup,unrelated,200,446,214,3,False,falsche_stelle,False,offerte_01_lohn_gross_anon,offerte_01_lohn_gross_anon|offerte_14_buchhaltung_klein_anon|offerte_12_lohn_reinigung_anon,0.0,0.0,3,1,0.7594,0.7247,0,offerte_01_lohn_gross_anon_chunk_0|offerte_14_buchhaltung_klein_anon_chunk_0|offerte_12_lohn_reinigung_anon_chunk_0,0,0,27.67,0.0,27.67,ollama,True,CHF 640,,
2026-09-09T18:18:45,RATE_01,stundensatz,unrelated,200,446,214,3,True,richtig,False,offerte_01_lohn_gross_anon,offerte_01_lohn_gross_anon|offerte_14_buchhaltung_klein_anon|offerte_04_revision_anon,0.3333,1.0,3,1,0.7751,0.7647,0,offerte_01_lohn_gross_anon_chunk_0|offerte_14_buchhaltung_klein_anon_chunk_0|offerte_04_revision_anon_chunk_0,0,0,27.55,0.0,27.55,ollama,True,CHF 140,,
2026-09-09T18:18:45,BUCH_02,buchhaltung,unrelated,200,446,214,3,False,falsches_dokument,False,offerte_02_accounting_intl_anon,offerte_05_stiftung_audit_anon|offerte_07_gruendung_domizil_anon|offerte_11_swiss_finish_anon,0.0,0.0,3,1,0.6578,0.6541,0,offerte_05_stiftung_audit_anon_chunk_2|offerte_07_gruendung_domizil_anon_chunk_1|offerte_11_swiss_finish_anon_chunk_1,0,0,27.56,0.0,27.56,ollama,True,CHF 1'700 - 2'100,,
2026-09-09T18:18:45,LOHN_02,lohn,unrelated,200,446,214,3,False,falsche_stelle,False,offerte_02_accounting_intl_anon,offerte_03_accounting_branch_anon|offerte_11_swiss_finish_anon|offerte_02_accounting_intl_anon,0.0,0.0,3,1,0.6099,0.6079,0,offerte_03_accounting_branch_anon_chunk_0|offerte_11_swiss_finish_anon_chunk_0|offerte_02_accounting_intl_anon_chunk_0,0,0,27.53,0.0,27.53,ollama,True,CHF 1'000,,
2026-09-09T18:18:45,SETUP_03,setup,unrelated,200,446,214,3,False,falsche_stelle,False,offerte_02_accounting_intl_anon,offerte_02_accounting_intl_anon|offerte_07_gruendung_domizil_anon|offerte_13_holding_spaltung_anon,0.0,0.0,3,1,0.6348,0.6307,0,offerte_02_accounting_intl_anon_chunk_0|offerte_07_gruendung_domizil_anon_chunk_1|offerte_13_holding_spaltung_anon_chunk_2,0,0,27.8,0.0,27.8,ollama,True,CHF 1'300,,
2026-09-09T18:18:45,MWST_02,mwst,unrelated,200,446,214,3,False,falsche_stelle,False,offerte_02_accounting_intl_anon,offerte_02_accounting_intl_anon|offerte_07_gruendung_domizil_anon|offerte_11_swiss_finish_anon,0.0,0.0,3,1,0.6487,0.6444,0,offerte_02_accounting_intl_anon_chunk_0|offerte_07_gruendung_domizil_anon_chunk_1|offerte_11_swiss_finish_anon_chunk_0,0,0,27.55,0.0,27.55,ollama,True,CHF 850,,
2026-09-09T18:18:45,VERS_01,versicherung,unrelated,200,446,214,3,False,falsche_stelle,False,offerte_02_accounting_intl_anon,offerte_11_swiss_finish_anon|offerte_02_accounting_intl_anon|offerte_03_accounting_branch_anon,0.0,0.0,3,1,0.6259,0.6231,0,offerte_11_swiss_finish_anon_chunk_0|offerte_02_accounting_intl_anon_chunk_0|offerte_03_accounting_branch_anon_chunk_0,0,0,27.75,0.0,27.75,ollama,True,CHF 850 - 1'700,,
2026-09-09T18:18:45,BUCH_03,buchhaltung,unrelated,200,446,214,3,False,falsche_stelle,False,offerte_03_accounting_branch_anon,offerte_03_accounting_branch_anon|offerte_13_holding_spaltung_anon|offerte_07_gruendung_domizil_anon,0.0,0.0,3,1,0.6963,0.6801,0,offerte_03_accounting_branch_anon_chunk_0|offerte_13_holding_spaltung_anon_chunk_2|offerte_07_gruendung_domizil_anon_chunk_1,0,0,27.64,0.0,27.64,ollama,True,CHF 3'400 - 3'800,,
2026-09-09T18:18:45,SETUP_04,setup,unrelated,200,446,214,3,False,falsche_stelle,False,offerte_03_accounting_branch_anon,offerte_03_accounting_branch_anon|offerte_13_holding_spaltung_anon|offerte_02_accounting_intl_anon,0.0,0.0,3,1,0.6634,0.6267,0,offerte_03_accounting_branch_anon_chunk_0|offerte_13_holding_spaltung_anon_chunk_0|offerte_02_accounting_intl_anon_chunk_0,0,0,27.68,0.0,27.68,ollama,True,CHF 1'300,,
2026-09-09T18:18:45,STEU_02,steuern,unrelated,200,446,214,3,False,falsche_stelle,False,offerte_03_accounting_branch_anon,offerte_03_accounting_branch_anon|offerte_13_holding_spaltung_anon,0.0,0.0,3,1,0.6383,0.6276,0,offerte_03_accounting_branch_anon_chunk_0|offerte_13_holding_spaltung_anon_chunk_2|offerte_13_holding_spaltung_anon_chunk_0,0,0,27.26,0.0,27.26,ollama,True,CHF 850,,
2026-09-09T18:18:45,REV_01,revision,unrelated,200,446,214,3,True,richtig,False,offerte_04_revision_anon,offerte_04_revision_anon|offerte_01_lohn_gross_anon|offerte_14_buchhaltung_klein_anon,0.3333,1.0,3,1,0.8388,0.7525,0,offerte_04_revision_anon_chunk_0|offerte_01_lohn_gross_anon_chunk_0|offerte_14_buchhaltung_klein_anon_chunk_0,0,0,27.25,0.0,27.25,ollama,True,CHF 3'250,,
2026-09-09T18:18:45,REV_02,revision,unrelated,200,446,214,3,False,fehlgriff_unrelated,False,offerte_04_revision_anon,noise_betreibung_0070|noise_fristen_0037|noise_betreibung_0190,0.0,0.0,3,1,0.681,0.6555,0,noise_betreibung_0070_chunk_2|noise_fristen_0037_chunk_2|noise_betreibung_0190_chunk_1,0,0,27.57,0.0,27.57,ollama,True,CHF 1'300,,
2026-09-09T18:18:46,AUD_01,revision,unrelated,200,446,214,3,True,richtig,False,offerte_05_stiftung_audit_anon,offerte_05_stiftung_audit_anon|offerte_07_gruendung_domizil_anon,0.3333,1.0,3,1,0.6236,0.6012,0,offerte_05_stiftung_audit_anon_chunk_0|offerte_05_stiftung_audit_anon_chunk_2|offerte_07_gruendung_domizil_anon_chunk_1,0,0,27.69,0.0,27.69,ollama,True,CHF 1'550 - 2'100,,
2026-09-09T18:18:46,AUD_02,revision,unrelated,200,446,214,3,True,richtig,False,offerte_05_stiftung_audit_anon,offerte_05_stiftung_audit_anon|offerte_07_gruendung_domizil_anon,0.3333,1.0,3,1,0.6687,0.6471,0,offerte_05_stiftung_audit_anon_chunk_2|offerte_05_stiftung_audit_anon_chunk_0|offerte_07_gruendung_domizil_anon_chunk_1,0,0,26.92,0.0,26.92,ollama,True,CHF 3'800 - 4'700,,
2026-09-09T18:18:46,LOHN_03,lohn,unrelated,200,446,214,3,False,falsche_stelle,False,offerte_05_stiftung_audit_anon,offerte_05_stiftung_audit_anon|offerte_02_accounting_intl_anon|offerte_03_accounting_branch_anon,0.0,0.0,3,1,0.6248,0.6197,0,offerte_05_stiftung_audit_anon_chunk_0|offerte_02_accounting_intl_anon_chunk_2|offerte_03_accounting_branch_anon_chunk_0,0,0,27.57,0.0,27.57,ollama,True,CHF 760,,
2026-09-09T18:18:46,GRUE_01,gruendung,unrelated,200,446,214,3,False,fehlgriff_unrelated,False,offerte_06_gruendung_klein_anon,noise_handelsregister_0121|noise_handelsregister_0161|noise_handelsregister_0129,0.0,0.0,3,1,0.6895,0.6874,0,noise_handelsregister_0121_chunk_1|noise_handelsregister_0161_chunk_1|noise_handelsregister_0129_chunk_0,0,0,26.9,0.0,26.9,ollama,True,CHF 1'700,,
2026-09-09T18:18:46,BUCH_04,buchhaltung,unrelated,200,446,214,3,False,falsches_dokument,False,offerte_06_gruendung_klein_anon,offerte_01_lohn_gross_anon|offerte_08_gruendung_vr_anon|offerte_14_buchhaltung_klein_anon,0.0,0.0,3,1,0.6856,0.6667,0,offerte_01_lohn_gross_anon_chunk_1|offerte_08_gruendung_vr_anon_chunk_2|offerte_14_buchhaltung_klein_anon_chunk_1,0,0,27.58,0.0,27.58,ollama,True,CHF 1'700 - 2'550,,
2026-09-09T18:18:46,VERS_02,versicherung,unrelated,200,446,214,3,False,falsche_stelle,False,offerte_06_gruendung_klein_anon,offerte_12_lohn_reinigung_anon|offerte_14_buchhaltung_klein_anon|offerte_06_gruendung_klein_anon,0.0,0.0,3,1,0.674,0.6603,0,offerte_12_lohn_reinigung_anon_chunk_0|offerte_14_buchhaltung_klein_anon_chunk_0|offerte_06_gruendung_klein_anon_chunk_0,0,0,26.86,0.0,26.86,ollama,True,CHF 210,,
2026-09-09T18:18:46,GRUE_02,gruendung,unrelated,200,446,214,3,True,richtig,False,offerte_07_gruendung_domizil_anon,offerte_07_gruendung_domizil_anon|offerte_09_domizil_beratung_anon|offerte_13_holding_spaltung_anon,0.3333,1.0,3,1,0.6324,0.6078,0,offerte_07_gruendung_domizil_anon_chunk_1|offerte_09_domizil_beratung_anon_chunk_2|offerte_13_holding_spaltung_anon_chunk_2,0,0,27.7,0.0,27.7,ollama,True,CHF 2'100,,
2026-09-09T18:18:46,VR_01,verwaltungsrat,unrelated,200,446,214,3,False,falsches_dokument,False,offerte_07_gruendung_domizil_anon,offerte_11_swiss_finish_anon|offerte_09_domizil_beratung_anon|offerte_02_accounting_intl_anon,0.0,0.0,3,1,0.6273,0.6115,0,offerte_11_swiss_finish_anon_chunk_1|offerte_09_domizil_beratung_anon_chunk_2|offerte_02_accounting_intl_anon_chunk_2,0,0,26.88,0.0,26.88,ollama,True,CHF 4'250,,
2026-09-09T18:18:46,DOM_01,domizil,unrelated,200,446,214,3,False,falsches_dokument,False,offerte_07_gruendung_domizil_anon,offerte_09_domizil_beratung_anon|offerte_11_swiss_finish_anon|offerte_03_accounting_branch_anon,0.0,0.0,3,1,0.6543,0.6379,0,offerte_09_domizil_beratung_anon_chunk_0|offerte_11_swiss_finish_anon_chunk_1|offerte_03_accounting_branch_anon_chunk_0,0,0,27.07,0.0,27.07,ollama,True,CHF 1'700,,
2026-09-09T18:18:46,VR_02,verwaltungsrat,unrelated,200,446,214,3,False,falsche_stelle,False,offerte_08_gruendung_vr_anon,offerte_08_gruendung_vr_anon|offerte_06_gruendung_klein_anon|noise_handelsregister_0169,0.0,0.0,3,1,0.6664,0.6578,0,offerte_08_gruendung_vr_anon_chunk_0|offerte_06_gruendung_klein_anon_chunk_0|noise_handelsregister_0169_chunk_0,0,0,27.48,0.0,27.48,ollama,True,CHF 5'500,,
2026-09-09T18:18:46,DOM_02,domizil,unrelated,200,446,214,3,True,richtig,False,offerte_08_gruendung_vr_anon,offerte_08_gruendung_vr_anon|offerte_01_lohn_gross_anon|offerte_12_lohn_reinigung_anon,0.3333,1.0,3,1,0.7624,0.7348,0,offerte_08_gruendung_vr_anon_chunk_0|offerte_01_lohn_gross_anon_chunk_0|offerte_12_lohn_reinigung_anon_chunk_0,0,0,26.89,0.0,26.89,ollama,True,CHF 2'100,,
2026-09-09T18:18:46,DOM_03,domizil,unrelated,200,446,214,3,False,falsche_stelle,False,offerte_09_domizil_beratung_anon,offerte_09_domizil_beratung_anon|offerte_03_accounting_branch_anon|offerte_13_holding_spaltung_anon,0.0,0.0,3,1,0.6605,0.6395,0,offerte_09_domizil_beratung_anon_chunk_0|offerte_03_accounting_branch_anon_chunk_0|offerte_13_holding_spaltung_anon_chunk_0,0,0,27.71,0.0,27.71,ollama,True,CHF 1'300,,
2026-09-09T18:18:46,DOM_04,domizil,unrelated,200,446,214,3,False,falsche_stelle,False,offerte_09_domizil_beratung_anon,offerte_09_domizil_beratung_anon|offerte_03_accounting_branch_anon|offerte_13_holding_spaltung_anon,0.0,0.0,3,1,0.6398,0.6158,0,offerte_09_domizil_beratung_anon_chunk_0|offerte_03_accounting_branch_anon_chunk_0|offerte_13_holding_spaltung_anon_chunk_0,0,0,27.75,0.0,27.75,ollama,True,CHF 3'400,,
2026-09-09T18:18:46,VR_03,verwaltungsrat,unrelated,200,446,214,3,False,falsche_stelle,False,offerte_09_domizil_beratung_anon,offerte_09_domizil_beratung_anon|offerte_07_gruendung_domizil_anon|offerte_03_accounting_branch_anon,0.0,0.0,3,1,0.6398,0.6298,0,offerte_09_domizil_beratung_anon_chunk_0|offerte_07_gruendung_domizil_anon_chunk_0|offerte_03_accounting_branch_anon_chunk_0,0,0,26.98,0.0,26.98,ollama,True,CHF 4'250,,
2026-09-09T18:18:46,BUCH_05,buchhaltung,unrelated,200,446,214,3,False,falsches_dokument,False,offerte_09_domizil_beratung_anon,offerte_05_stiftung_audit_anon|offerte_07_gruendung_domizil_anon|offerte_11_swiss_finish_anon,0.0,0.0,3,1,0.6524,0.6453,0,offerte_05_stiftung_audit_anon_chunk_2|offerte_07_gruendung_domizil_anon_chunk_1|offerte_11_swiss_finish_anon_chunk_1,0,0,27.73,0.0,27.73,ollama,True,CHF 3'400 - 3'800,,
2026-09-09T18:18:46,BUCH_06,buchhaltung,unrelated,200,446,214,3,False,falsches_dokument,False,offerte_10_accounting_medtech_anon,offerte_07_gruendung_domizil_anon|offerte_05_stiftung_audit_anon|offerte_11_swiss_finish_anon,0.0,0.0,3,1,0.6766,0.6671,0,offerte_07_gruendung_domizil_anon_chunk_1|offerte_05_stiftung_audit_anon_chunk_2|offerte_11_swiss_finish_anon_chunk_0,0,0,27.02,0.0,27.02,ollama,True,CHF 3'400 - 3'800,,
2026-09-09T18:18:46,LOHN_04,lohn,unrelated,200,446,214,3,False,falsches_dokument,False,offerte_10_accounting_medtech_anon,offerte_11_swiss_finish_anon|offerte_03_accounting_branch_anon|offerte_09_domizil_beratung_anon,0.0,0.0,3,1,0.618,0.6146,0,offerte_11_swiss_finish_anon_chunk_0|offerte_03_accounting_branch_anon_chunk_0|offerte_09_domizil_beratung_anon_chunk_2,0,0,27.6,0.0,27.6,ollama,True,CHF 1'000,,
2026-09-09T18:18:46,BUCH_07,buchhaltung,unrelated,200,446,214,3,False,falsche_stelle,False,offerte_11_swiss_finish_anon,offerte_11_swiss_finish_anon|offerte_03_accounting_branch_anon|offerte_05_stiftung_audit_anon,0.0,0.0,3,1,0.733,0.7196,0,offerte_11_swiss_finish_anon_chunk_1|offerte_03_accounting_branch_anon_chunk_1|offerte_05_stiftung_audit_anon_chunk_1,0,0,26.99,0.0,26.99,ollama,True,CHF 210,,
2026-09-09T18:18:46,MWST_03,mwst,unrelated,200,446,214,3,False,falsche_stelle,False,offerte_11_swiss_finish_anon,offerte_11_swiss_finish_anon|offerte_07_gruendung_domizil_anon|offerte_03_accounting_branch_anon,0.0,0.0,3,1,0.6868,0.6577,0,offerte_11_swiss_finish_anon_chunk_0|offerte_07_gruendung_domizil_anon_chunk_1|offerte_03_accounting_branch_anon_chunk_0,0,0,27.73,0.0,27.73,ollama,True,CHF 2'550,,
2026-09-09T18:18:46,SETUP_05,setup,unrelated,200,446,214,3,False,falsche_stelle,False,offerte_11_swiss_finish_anon,offerte_11_swiss_finish_anon|offerte_13_holding_spaltung_anon|offerte_09_domizil_beratung_anon,0.0,0.0,3,1,0.6062,0.5859,0,offerte_11_swiss_finish_anon_chunk_0|offerte_13_holding_spaltung_anon_chunk_2|offerte_09_domizil_beratung_anon_chunk_2,0,0,27.02,0.0,27.02,ollama,True,CHF 340,,
2026-09-09T18:18:46,BUCH_08,buchhaltung,unrelated,200,446,214,3,False,falsche_stelle,False,offerte_12_lohn_reinigung_anon,offerte_01_lohn_gross_anon|offerte_14_buchhaltung_klein_anon|offerte_12_lohn_reinigung_anon,0.0,0.0,3,1,0.7331,0.7218,0,offerte_01_lohn_gross_anon_chunk_0|offerte_14_buchhaltung_klein_anon_chunk_0|offerte_12_lohn_reinigung_anon_chunk_0,0,0,27.98,0.0,27.98,ollama,True,CHF 2'550 - 3'000,,
2026-09-09T18:18:46,LOHN_05,lohn,unrelated,200,446,214,3,False,falsche_stelle,False,offerte_12_lohn_reinigung_anon,offerte_01_lohn_gross_anon|offerte_12_lohn_reinigung_anon|offerte_14_buchhaltung_klein_anon,0.0,0.0,3,1,0.7668,0.7586,0,offerte_01_lohn_gross_anon_chunk_0|offerte_12_lohn_reinigung_anon_chunk_0|offerte_14_buchhaltung_klein_anon_chunk_0,0,0,27.43,0.0,27.43,ollama,True,CHF 600 - 1'000,,
2026-09-09T18:18:46,SETUP_06,setup,unrelated,200,446,214,3,False,falsche_stelle,False,offerte_12_lohn_reinigung_anon,offerte_01_lohn_gross_anon|offerte_12_lohn_reinigung_anon|offerte_14_buchhaltung_klein_anon,0.0,0.0,3,1,0.7273,0.706,0,offerte_01_lohn_gross_anon_chunk_0|offerte_12_lohn_reinigung_anon_chunk_0|offerte_14_buchhaltung_klein_anon_chunk_0,0,0,26.99,0.0,26.99,ollama,True,CHF 420 - 640,,
2026-09-09T18:18:46,BUCH_09,buchhaltung,unrelated,200,446,214,3,False,falsches_dokument,False,offerte_13_holding_spaltung_anon,offerte_05_stiftung_audit_anon|offerte_07_gruendung_domizil_anon|offerte_11_swiss_finish_anon,0.0,0.0,3,1,0.6601,0.6558,0,offerte_05_stiftung_audit_anon_chunk_2|offerte_07_gruendung_domizil_anon_chunk_1|offerte_11_swiss_finish_anon_chunk_1,0,0,26.95,0.0,26.95,ollama,True,CHF 2'550 - 3'000,,
2026-09-09T18:18:46,SONST_01,sonstiges,unrelated,200,446,214,3,True,richtig,False,offerte_13_holding_spaltung_anon,offerte_13_holding_spaltung_anon|offerte_05_stiftung_audit_anon|offerte_07_gruendung_domizil_anon,0.3333,1.0,3,1,0.6525,0.6289,0,offerte_13_holding_spaltung_anon_chunk_2|offerte_05_stiftung_audit_anon_chunk_2|offerte_07_gruendung_domizil_anon_chunk_1,0,0,27.41,0.0,27.41,ollama,True,CHF 1'700,,
2026-09-09T18:18:46,BUCH_10,buchhaltung,unrelated,200,446,214,3,True,richtig,False,offerte_14_buchhaltung_klein_anon,offerte_14_buchhaltung_klein_anon|offerte_01_lohn_gross_anon|offerte_12_lohn_reinigung_anon,0.3333,1.0,3,1,0.6815,0.6746,0,offerte_14_buchhaltung_klein_anon_chunk_1|offerte_01_lohn_gross_anon_chunk_1|offerte_12_lohn_reinigung_anon_chunk_1,0,0,27.35,0.0,27.35,ollama,True,CHF 850 - 1'300,,
2026-09-09T18:18:46,STEU_03,steuern,unrelated,200,446,214,3,False,falsche_stelle,False,offerte_14_buchhaltung_klein_anon,offerte_01_lohn_gross_anon|offerte_14_buchhaltung_klein_anon|offerte_12_lohn_reinigung_anon,0.0,0.0,3,1,0.7572,0.7392,0,offerte_01_lohn_gross_anon_chunk_0|offerte_14_buchhaltung_klein_anon_chunk_0|offerte_12_lohn_reinigung_anon_chunk_0,0,0,26.93,0.0,26.93,ollama,True,CHF 640,,
2026-09-09T18:18:46,UNB_01,unbeantwortbar,unrelated,200,446,214,3,False,material_fuer_halluzination,True,,noise_immobilien_0039|noise_immobilien_0055|offerte_12_lohn_reinigung_anon,0.0,0.0,3,0,0.6714,0.6692,0,noise_immobilien_0039_chunk_2|noise_immobilien_0055_chunk_2|offerte_12_lohn_reinigung_anon_chunk_0,0,0,26.98,0.0,26.98,ollama,True,nicht in den Unterlagen,,
2026-09-09T18:18:46,UNB_02,unbeantwortbar,unrelated,200,446,214,3,False,material_fuer_halluzination,True,,offerte_01_lohn_gross_anon|noise_betreibung_0070|offerte_08_gruendung_vr_anon,0.0,0.0,3,0,0.6035,0.5984,0,offerte_01_lohn_gross_anon_chunk_0|noise_betreibung_0070_chunk_2|offerte_08_gruendung_vr_anon_chunk_0,0,0,26.91,0.0,26.91,ollama,True,nicht in den Unterlagen,,
2026-09-09T18:18:46,UNB_03,unbeantwortbar,unrelated,200,446,214,3,False,material_fuer_halluzination,True,,noise_betreibung_0070|noise_immobilien_0039|noise_immobilien_0055,0.0,0.0,3,0,0.7111,0.6911,0,noise_betreibung_0070_chunk_2|noise_immobilien_0039_chunk_2|noise_immobilien_0055_chunk_2,0,0,27.0,0.0,27.0,ollama,True,nicht in den Unterlagen,,
2026-09-09T18:18:46,UNB_04,unbeantwortbar,unrelated,200,446,214,3,False,material_fuer_halluzination,True,,offerte_14_buchhaltung_klein_anon|offerte_08_gruendung_vr_anon|offerte_12_lohn_reinigung_anon,0.0,0.0,3,0,0.6694,0.6641,0,offerte_14_buchhaltung_klein_anon_chunk_1|offerte_08_gruendung_vr_anon_chunk_0|offerte_12_lohn_reinigung_anon_chunk_1,0,0,26.93,0.0,26.93,ollama,True,nicht in den Unterlagen,,
2026-09-09T18:18:46,UNB_05,unbeantwortbar,unrelated,200,446,214,3,False,material_fuer_halluzination,True,,noise_immobilien_0039|noise_immobilien_0055|offerte_14_buchhaltung_klein_anon,0.0,0.0,3,0,0.6661,0.6615,0,noise_immobilien_0039_chunk_2|noise_immobilien_0055_chunk_2|offerte_14_buchhaltung_klein_anon_chunk_0,0,0,27.01,0.0,27.01,ollama,True,nicht in den Unterlagen,,
