timestamp,case_id,category,noise_mode,noise_level,corpus_chunks,corpus_docs,run,retrieval_hit,error_type,unanswerable,expected_document,retrieved_documents,retrieval_precision,retrieval_recall,chunks_retrieved,chunks_expected,top_similarity,avg_similarity,confusable_in_topk,retrieved_chunk_ids,tokens_in,tokens_out,retrieval_time_ms,generation_time_ms,total_time_ms,embedding_backend,generation_skipped,expected_answer,actual_answer,quality_rating
2026-09-09T18:18:50,LOHN_01,lohn,confusable,10,62,24,1,False,falsche_stelle,False,offerte_01_lohn_gross_anon,offerte_01_lohn_gross_anon|offerte_14_buchhaltung_klein_anon|offerte_12_lohn_reinigung_anon,0.0,0.0,3,1,0.7905,0.778,0,offerte_01_lohn_gross_anon_chunk_0|offerte_14_buchhaltung_klein_anon_chunk_0|offerte_12_lohn_reinigung_anon_chunk_0,0,0,3.19,0.0,3.19,ollama,True,CHF 680,,
2026-09-09T18:18:50,BUCH_01,buchhaltung,confusable,10,62,24,1,True,richtig,False,offerte_01_lohn_gross_anon,confusable_offerte_06_gruendung_klein_anon_0173|offerte_01_lohn_gross_anon|offerte_14_buchhaltung_klein_anon,0.3333,1.0,3,1,0.6533,0.6482,1,confusable_offerte_06_gruendung_klein_anon_0173_chunk_0|offerte_01_lohn_gross_anon_chunk_1|offerte_14_buchhaltung_klein_anon_chunk_1,0,0,3.14,0.0,3.14,ollama,True,CHF 12'750 - 15'300,,
2026-09-09T18:18:50,MWST_01,mwst,confusable,10,62,24,1,False,falsche_stelle,False,offerte_01_lohn_gross_anon,offerte_01_lohn_gross_anon|offerte_14_buchhaltung_klein_anon|offerte_12_lohn_reinigung_anon,0.0,0.0,3,1,0.7884,0.7667,0,offerte_01_lohn_gross_anon_chunk_0|offerte_14_buchhaltung_klein_anon_chunk_0|offerte_12_lohn_reinigung_anon_chunk_0,0,0,3.17,0.0,3.17,ollama,True,CHF 1'300,,
2026-09-09T18:18:50,STEU_01,steuern,confusable,10,62,24,1,False,falsche_stelle,False,offerte_01_lohn_gross_anon,offerte_01_lohn_gross_anon|offerte_14_buchhaltung_klein_anon|confusable_offerte_14_buchhaltung_klein_anon_0041,0.0,0.0,3,1,0.773,0.7456,1,offerte_01_lohn_gross_anon_chunk_0|offerte_14_buchhaltung_klein_anon_chunk_0|confusable_offerte_14_buchhaltung_klein_anon_0041_chunk_0,0,0,3.13,0.0,3.13,ollama,True,CHF 850,,
2026-09-09T18:18:50,SETUP_01,setup,confusable,10,62,24,1,False,falsche_stelle,False,offerte_01_lohn_gross_anon,offerte_01_lohn_gross_anon|offerte_14_buchhaltung_klein_anon|offerte_12_lohn_reinigung_anon,0.0,0.0,3,1,0.7224,0.6967,0,offerte_01_lohn_gross_anon_chunk_0|offerte_14_buchhaltung_klein_anon_chunk_0|offerte_12_lohn_reinigung_anon_chunk_0,0,0,3.12,0.0,3.12,ollama,True,CHF 420,,
2026-09-09T18:18:50,SETUP_02,setup,confusable,10,62,24,1,False,falsche_stelle,False,offerte_01_lohn_gross_anon,offerte_01_lohn_gross_anon|offerte_14_buchhaltung_klein_anon|offerte_12_lohn_reinigung_anon,0.0,0.0,3,1,0.7594,0.7247,0,offerte_01_lohn_gross_anon_chunk_0|offerte_14_buchhaltung_klein_anon_chunk_0|offerte_12_lohn_reinigung_anon_chunk_0,0,0,3.16,0.0,3.16,ollama,True,CHF 640,,
2026-09-09T18:18:50,RATE_01,stundensatz,confusable,10,62,24,1,True,richtig,False,offerte_01_lohn_gross_anon,offerte_01_lohn_gross_anon|offerte_14_buchhaltung_klein_anon|offerte_04_revision_anon,0.3333,1.0,3,1,0.7751,0.7647,0,offerte_01_lohn_gross_anon_chunk_0|offerte_14_buchhaltung_klein_anon_chunk_0|offerte_04_revision_anon_chunk_0,0,0,3.14,0.0,3.14,ollama,True,CHF 140,,
2026-09-09T18:18:50,BUCH_02,buchhaltung,confusable,10,62,24,1,False,fehlgriff_confusable,False,offerte_02_accounting_intl_anon,confusable_offerte_05_stiftung_audit_anon_0074|offerte_05_stiftung_audit_anon|offerte_07_gruendung_domizil_anon,0.0,0.0,3,1,0.658,0.6578,1,confusable_offerte_05_stiftung_audit_anon_0074_chunk_2|offerte_05_stiftung_audit_anon_chunk_2|offerte_07_gruendung_domizil_anon_chunk_1,0,0,3.21,0.0,3.21,ollama,True,CHF 1'700 - 2'100,,
2026-09-09T18:18:50,LOHN_02,lohn,confusable,10,62,24,1,False,fehlgriff_confusable,False,offerte_02_accounting_intl_anon,confusable_offerte_03_accounting_branch_anon_0016|offerte_03_accounting_branch_anon|offerte_11_swiss_finish_anon,0.0,0.0,3,1,0.6108,0.6092,1,confusable_offerte_03_accounting_branch_anon_0016_chunk_0|offerte_03_accounting_branch_anon_chunk_0|offerte_11_swiss_finish_anon_chunk_0,0,0,3.19,0.0,3.19,ollama,True,CHF 1'000,,
2026-09-09T18:18:50,SETUP_03,setup,confusable,10,62,24,1,False,falsche_stelle,False,offerte_02_accounting_intl_anon,offerte_02_accounting_intl_anon|offerte_07_gruendung_domizil_anon|offerte_13_holding_spaltung_anon,0.0,0.0,3,1,0.6348,0.6307,0,offerte_02_accounting_intl_anon_chunk_0|offerte_07_gruendung_domizil_anon_chunk_1|offerte_13_holding_spaltung_anon_chunk_2,0,0,3.2,0.0,3.2,ollama,True,CHF 1'300,,
2026-09-09T18:18:50,MWST_02,mwst,confusable,10,62,24,1,False,falsche_stelle,False,offerte_02_accounting_intl_anon,offerte_02_accounting_intl_anon|offerte_07_gruendung_domizil_anon|offerte_11_swiss_finish_anon,0.0,0.0,3,1,0.6487,0.6444,0,offerte_02_accounting_intl_anon_chunk_0|offerte_07_gruendung_domizil_anon_chunk_1|offerte_11_swiss_finish_anon_chunk_0,0,0,3.21,0.0,3.21,ollama,True,CHF 850,,
2026-09-09T18:18:50,VERS_01,versicherung,confusable,10,62,24,1,False,falsche_stelle,False,offerte_02_accounting_intl_anon,offerte_11_swiss_finish_anon|offerte_02_accounting_intl_anon|offerte_03_accounting_branch_anon,0.0,0.0,3,1,0.6259,0.6231,0,offerte_11_swiss_finish_anon_chunk_0|offerte_02_accounting_intl_anon_chunk_0|offerte_03_accounting_branch_anon_chunk_0,0,0,3.17,0.0,3.17,ollama,True,CHF 850 - 1'700,,
2026-09-09T18:18:50,BUCH_03,buchhaltung,confusable,10,62,24,1,False,falsche_stelle,False,offerte_03_accounting_branch_anon,offerte_03_accounting_branch_anon|offerte_13_holding_spaltung_anon|confusable_offerte_13_holding_spaltung_anon_0138,0.0,0.0,3,1,0.6963,0.6837,1,offerte_03_accounting_branch_anon_chunk_0|offerte_13_holding_spaltung_anon_chunk_2|confusable_offerte_13_holding_spaltung_anon_0138_chunk_2,0,0,3.21,0.0,3.21,ollama,True,CHF 3'400 - 3'800,,
2026-09-09T18:18:50,SETUP_04,setup,confusable,10,62,24,1,False,falsche_stelle,False,offerte_03_accounting_branch_anon,offerte_03_accounting_branch_anon|confusable_offerte_03_accounting_branch_anon_0016|offerte_13_holding_spaltung_anon,0.0,0.0,3,1,0.6634,0.6334,1,offerte_03_accounting_branch_anon_chunk_0|confusable_offerte_03_accounting_branch_anon_0016_chunk_0|offerte_13_holding_spaltung_anon_chunk_0,0,0,3.19,0.0,3.19,ollama,True,CHF 1'300,,
2026-09-09T18:18:50,STEU_02,steuern,confusable,10,62,24,1,False,falsche_stelle,False,offerte_03_accounting_branch_anon,offerte_03_accounting_branch_anon|offerte_13_holding_spaltung_anon|confusable_offerte_13_holding_spaltung_anon_0138,0.0,0.0,3,1,0.6383,0.6338,1,offerte_03_accounting_branch_anon_chunk_0|offerte_13_holding_spaltung_anon_chunk_2|confusable_offerte_13_holding_spaltung_anon_0138_chunk_2,0,0,3.18,0.0,3.18,ollama,True,CHF 850,,
2026-09-09T18:18:50,REV_01,revision,confusable,10,62,24,1,True,richtig,False,offerte_04_revision_anon,offerte_04_revision_anon|confusable_offerte_04_revision_anon_0031|confusable_offerte_04_revision_anon_0003,0.3333,1.0,3,1,0.8388,0.8142,2,offerte_04_revision_anon_chunk_0|confusable_offerte_04_revision_anon_0031_chunk_0|confusable_offerte_04_revision_anon_0003_chunk_0,0,0,3.23,0.0,3.23,ollama,True,CHF 3'250,,
2026-09-09T18:18:50,REV_02,revision,confusable,10,62,24,1,True,richtig,False,offerte_04_revision_anon,confusable_offerte_14_buchhaltung_klein_anon_0041|offerte_04_revision_anon|confusable_offerte_04_revision_anon_0031,0.3333,1.0,3,1,0.6552,0.6349,2,confusable_offerte_14_buchhaltung_klein_anon_0041_chunk_0|offerte_04_revision_anon_chunk_0|confusable_offerte_04_revision_anon_0031_chunk_0,0,0,3.18,0.0,3.18,ollama,True,CHF 1'300,,
2026-09-09T18:18:50,AUD_01,revision,confusable,10,62,24,1,True,richtig,False,offerte_05_stiftung_audit_anon,offerte_05_stiftung_audit_anon|confusable_offerte_05_stiftung_audit_anon_0074,0.3333,1.0,3,1,0.6236,0.6124,1,offerte_05_stiftung_audit_anon_chunk_0|offerte_05_stiftung_audit_anon_chunk_2|confusable_offerte_05_stiftung_audit_anon_0074_chunk_2,0,0,3.21,0.0,3.21,ollama,True,CHF 1'550 - 2'100,,
2026-09-09T18:18:50,AUD_02,revision,confusable,10,62,24,1,True,richtig,False,offerte_05_stiftung_audit_anon,confusable_offerte_05_stiftung_audit_anon_0074|offerte_05_stiftung_audit_anon,0.3333,1.0,3,1,0.6696,0.662,1,confusable_offerte_05_stiftung_audit_anon_0074_chunk_2|offerte_05_stiftung_audit_anon_chunk_2|offerte_05_stiftung_audit_anon_chunk_0,0,0,3.18,0.0,3.18,ollama,True,CHF 3'800 - 4'700,,
2026-09-09T18:18:50,LOHN_03,lohn,confusable,10,62,24,1,False,falsche_stelle,False,offerte_05_stiftung_audit_anon,confusable_offerte_05_stiftung_audit_anon_0074|offerte_05_stiftung_audit_anon|offerte_02_accounting_intl_anon,0.0,0.0,3,1,0.6297,0.6255,1,confusable_offerte_05_stiftung_audit_anon_0074_chunk_0|offerte_05_stiftung_audit_anon_chunk_0|offerte_02_accounting_intl_anon_chunk_2,0,0,3.19,0.0,3.19,ollama,True,CHF 760,,
2026-09-09T18:18:50,GRUE_01,gruendung,confusable,10,62,24,1,True,richtig,False,offerte_06_gruendung_klein_anon,offerte_06_gruendung_klein_anon|confusable_offerte_06_gruendung_klein_anon_0173|offerte_08_gruendung_vr_anon,0.3333,1.0,3,1,0.6768,0.6737,1,offerte_06_gruendung_klein_anon_chunk_0|confusable_offerte_06_gruendung_klein_anon_0173_chunk_0|offerte_08_gruendung_vr_anon_chunk_0,0,0,3.21,0.0,3.21,ollama,True,CHF 1'700,,
2026-09-09T18:18:50,BUCH_04,buchhaltung,confusable,10,62,24,1,False,fehlgriff_confusable,False,offerte_06_gruendung_klein_anon,offerte_01_lohn_gross_anon|confusable_offerte_06_gruendung_klein_anon_0173|offerte_08_gruendung_vr_anon,0.0,0.0,3,1,0.6856,0.6772,1,offerte_01_lohn_gross_anon_chunk_1|confusable_offerte_06_gruendung_klein_anon_0173_chunk_0|offerte_08_gruendung_vr_anon_chunk_2,0,0,3.18,0.0,3.18,ollama,True,CHF 1'700 - 2'550,,
2026-09-09T18:18:50,VERS_02,versicherung,confusable,10,62,24,1,False,fehlgriff_confusable,False,offerte_06_gruendung_klein_anon,confusable_offerte_14_buchhaltung_klein_anon_0041|offerte_12_lohn_reinigung_anon|offerte_14_buchhaltung_klein_anon,0.0,0.0,3,1,0.6753,0.6691,1,confusable_offerte_14_buchhaltung_klein_anon_0041_chunk_0|offerte_12_lohn_reinigung_anon_chunk_0|offerte_14_buchhaltung_klein_anon_chunk_0,0,0,3.21,0.0,3.21,ollama,True,CHF 210,,
2026-09-09T18:18:50,GRUE_02,gruendung,confusable,10,62,24,1,True,richtig,False,offerte_07_gruendung_domizil_anon,offerte_07_gruendung_domizil_anon|offerte_09_domizil_beratung_anon|confusable_offerte_09_domizil_beratung_anon_0120,0.3333,1.0,3,1,0.6324,0.6106,1,offerte_07_gruendung_domizil_anon_chunk_1|offerte_09_domizil_beratung_anon_chunk_2|confusable_offerte_09_domizil_beratung_anon_0120_chunk_2,0,0,3.18,0.0,3.18,ollama,True,CHF 2'100,,
2026-09-09T18:18:50,VR_01,verwaltungsrat,confusable,10,62,24,1,False,fehlgriff_confusable,False,offerte_07_gruendung_domizil_anon,offerte_11_swiss_finish_anon|confusable_offerte_09_domizil_beratung_anon_0120|offerte_09_domizil_beratung_anon,0.0,0.0,3,1,0.6273,0.6154,1,offerte_11_swiss_finish_anon_chunk_1|confusable_offerte_09_domizil_beratung_anon_0120_chunk_2|offerte_09_domizil_beratung_anon_chunk_2,0,0,3.18,0.0,3.18,ollama,True,CHF 4'250,,
2026-09-09T18:18:50,DOM_01,domizil,confusable,10,62,24,1,False,fehlgriff_confusable,False,offerte_07_gruendung_domizil_anon,offerte_09_domizil_beratung_anon|confusable_offerte_13_holding_spaltung_anon_0138|confusable_offerte_09_domizil_beratung_anon_0120,0.0,0.0,3,1,0.6543,0.6449,2,offerte_09_domizil_beratung_anon_chunk_0|confusable_offerte_13_holding_spaltung_anon_0138_chunk_0|confusable_offerte_09_domizil_beratung_anon_0120_chunk_0,0,0,3.17,0.0,3.17,ollama,True,CHF 1'700,,
2026-09-09T18:18:50,VR_02,verwaltungsrat,confusable,10,62,24,1,False,falsche_stelle,False,offerte_08_gruendung_vr_anon,offerte_08_gruendung_vr_anon|confusable_offerte_06_gruendung_klein_anon_0173|confusable_offerte_04_revision_anon_0031,0.0,0.0,3,1,0.6664,0.6633,2,offerte_08_gruendung_vr_anon_chunk_0|confusable_offerte_06_gruendung_klein_anon_0173_chunk_0|confusable_offerte_04_revision_anon_0031_chunk_0,0,0,3.19,0.0,3.19,ollama,True,CHF 5'500,,
2026-09-09T18:18:50,DOM_02,domizil,confusable,10,62,24,1,True,richtig,False,offerte_08_gruendung_vr_anon,offerte_08_gruendung_vr_anon|offerte_01_lohn_gross_anon|confusable_offerte_04_revision_anon_0031,0.3333,1.0,3,1,0.7624,0.7355,1,offerte_08_gruendung_vr_anon_chunk_0|offerte_01_lohn_gross_anon_chunk_0|confusable_offerte_04_revision_anon_0031_chunk_0,0,0,3.18,0.0,3.18,ollama,True,CHF 2'100,,
2026-09-09T18:18:50,DOM_03,domizil,confusable,10,62,24,1,False,falsche_stelle,False,offerte_09_domizil_beratung_anon,offerte_09_domizil_beratung_anon|confusable_offerte_09_domizil_beratung_anon_0120|offerte_03_accounting_branch_anon,0.0,0.0,3,1,0.6605,0.6502,1,offerte_09_domizil_beratung_anon_chunk_0|confusable_offerte_09_domizil_beratung_anon_0120_chunk_0|offerte_03_accounting_branch_anon_chunk_0,0,0,3.21,0.0,3.21,ollama,True,CHF 1'300,,
2026-09-09T18:18:50,DOM_04,domizil,confusable,10,62,24,1,False,falsche_stelle,False,offerte_09_domizil_beratung_anon,offerte_09_domizil_beratung_anon|confusable_offerte_09_domizil_beratung_anon_0120|confusable_offerte_13_holding_spaltung_anon_0138,0.0,0.0,3,1,0.6398,0.6278,2,offerte_09_domizil_beratung_anon_chunk_0|confusable_offerte_09_domizil_beratung_anon_0120_chunk_0|confusable_offerte_13_holding_spaltung_anon_0138_chunk_0,0,0,3.22,0.0,3.22,ollama,True,CHF 3'400,,
2026-09-09T18:18:50,VR_03,verwaltungsrat,confusable,10,62,24,1,False,falsche_stelle,False,offerte_09_domizil_beratung_anon,confusable_offerte_05_stiftung_audit_anon_0074|offerte_09_domizil_beratung_anon|confusable_offerte_09_domizil_beratung_anon_0120,0.0,0.0,3,1,0.6448,0.6411,2,confusable_offerte_05_stiftung_audit_anon_0074_chunk_0|offerte_09_domizil_beratung_anon_chunk_0|confusable_offerte_09_domizil_beratung_anon_0120_chunk_0,0,0,3.28,0.0,3.28,ollama,True,CHF 4'250,,
2026-09-09T18:18:50,BUCH_05,buchhaltung,confusable,10,62,24,1,False,fehlgriff_confusable,False,offerte_09_domizil_beratung_anon,confusable_offerte_05_stiftung_audit_anon_0074|offerte_05_stiftung_audit_anon|offerte_07_gruendung_domizil_anon,0.0,0.0,3,1,0.6531,0.6516,1,confusable_offerte_05_stiftung_audit_anon_0074_chunk_2|offerte_05_stiftung_audit_anon_chunk_2|offerte_07_gruendung_domizil_anon_chunk_1,0,0,3.27,0.0,3.27,ollama,True,CHF 3'400 - 3'800,,
2026-09-09T18:18:50,BUCH_06,buchhaltung,confusable,10,62,24,1,False,fehlgriff_confusable,False,offerte_10_accounting_medtech_anon,offerte_07_gruendung_domizil_anon|confusable_offerte_05_stiftung_audit_anon_0074|offerte_05_stiftung_audit_anon,0.0,0.0,3,1,0.6766,0.6703,1,offerte_07_gruendung_domizil_anon_chunk_1|confusable_offerte_05_stiftung_audit_anon_0074_chunk_2|offerte_05_stiftung_audit_anon_chunk_2,0,0,3.29,0.0,3.29,ollama,True,CHF 3'400 - 3'800,,
2026-09-09T18:18:50,LOHN_04,lohn,confusable,10,62,24,1,False,fehlgriff_confusable,False,offerte_10_accounting_medtech_anon,confusable_offerte_03_accounting_branch_anon_0016|offerte_11_swiss_finish_anon|offerte_03_accounting_branch_anon,0.0,0.0,3,1,0.6225,0.6186,1,confusable_offerte_03_accounting_branch_anon_0016_chunk_0|offerte_11_swiss_finish_anon_chunk_0|offerte_03_accounting_branch_anon_chunk_0,0,0,3.3,0.0,3.3,ollama,True,CHF 1'000,,
2026-09-09T18:18:50,BUCH_07,buchhaltung,confusable,10,62,24,1,False,falsche_stelle,False,offerte_11_swiss_finish_anon,offerte_11_swiss_finish_anon|confusable_offerte_03_accounting_branch_anon_0016|offerte_03_accounting_branch_anon,0.0,0.0,3,1,0.733,0.722,1,offerte_11_swiss_finish_anon_chunk_1|confusable_offerte_03_accounting_branch_anon_0016_chunk_1|offerte_03_accounting_branch_anon_chunk_1,0,0,3.28,0.0,3.28,ollama,True,CHF 210,,
2026-09-09T18:18:50,MWST_03,mwst,confusable,10,62,24,1,False,falsche_stelle,False,offerte_11_swiss_finish_anon,offerte_11_swiss_finish_anon|offerte_07_gruendung_domizil_anon|offerte_03_accounting_branch_anon,0.0,0.0,3,1,0.6868,0.6577,0,offerte_11_swiss_finish_anon_chunk_0|offerte_07_gruendung_domizil_anon_chunk_1|offerte_03_accounting_branch_anon_chunk_0,0,0,3.28,0.0,3.28,ollama,True,CHF 2'550,,
2026-09-09T18:18:50,SETUP_05,setup,confusable,10,62,24,1,False,falsche_stelle,False,offerte_11_swiss_finish_anon,offerte_11_swiss_finish_anon|confusable_offerte_13_holding_spaltung_anon_0138|offerte_13_holding_spaltung_anon,0.0,0.0,3,1,0.6062,0.5888,1,offerte_11_swiss_finish_anon_chunk_0|confusable_offerte_13_holding_spaltung_anon_0138_chunk_2|offerte_13_holding_spaltung_anon_chunk_2,0,0,3.29,0.0,3.29,ollama,True,CHF 340,,
2026-09-09T18:18:50,BUCH_08,buchhaltung,confusable,10,62,24,1,False,falsche_stelle,False,offerte_12_lohn_reinigung_anon,offerte_01_lohn_gross_anon|offerte_14_buchhaltung_klein_anon|offerte_12_lohn_reinigung_anon,0.0,0.0,3,1,0.7331,0.7218,0,offerte_01_lohn_gross_anon_chunk_0|offerte_14_buchhaltung_klein_anon_chunk_0|offerte_12_lohn_reinigung_anon_chunk_0,0,0,3.27,0.0,3.27,ollama,True,CHF 2'550 - 3'000,,
2026-09-09T18:18:50,LOHN_05,lohn,confusable,10,62,24,1,False,falsche_stelle,False,offerte_12_lohn_reinigung_anon,offerte_01_lohn_gross_anon|offerte_12_lohn_reinigung_anon|offerte_14_buchhaltung_klein_anon,0.0,0.0,3,1,0.7668,0.7586,0,offerte_01_lohn_gross_anon_chunk_0|offerte_12_lohn_reinigung_anon_chunk_0|offerte_14_buchhaltung_klein_anon_chunk_0,0,0,3.31,0.0,3.31,ollama,True,CHF 600 - 1'000,,
2026-09-09T18:18:50,SETUP_06,setup,confusable,10,62,24,1,False,falsche_stelle,False,offerte_12_lohn_reinigung_anon,offerte_01_lohn_gross_anon|offerte_12_lohn_reinigung_anon|offerte_14_buchhaltung_klein_anon,0.0,0.0,3,1,0.7273,0.706,0,offerte_01_lohn_gross_anon_chunk_0|offerte_12_lohn_reinigung_anon_chunk_0|offerte_14_buchhaltung_klein_anon_chunk_0,0,0,3.3,0.0,3.3,ollama,True,CHF 420 - 640,,
2026-09-09T18:18:50,BUCH_09,buchhaltung,confusable,10,62,24,1,False,fehlgriff_confusable,False,offerte_13_holding_spaltung_anon,confusable_offerte_05_stiftung_audit_anon_0074|offerte_05_stiftung_audit_anon|offerte_07_gruendung_domizil_anon,0.0,0.0,3,1,0.6604,0.659,1,confusable_offerte_05_stiftung_audit_anon_0074_chunk_2|offerte_05_stiftung_audit_anon_chunk_2|offerte_07_gruendung_domizil_anon_chunk_1,0,0,3.28,0.0,3.28,ollama,True,CHF 2'550 - 3'000,,
2026-09-09T18:18:50,SONST_01,sonstiges,confusable,10,62,24,1,True,richtig,False,offerte_13_holding_spaltung_anon,offerte_13_holding_spaltung_anon|confusable_offerte_13_holding_spaltung_anon_0138|confusable_offerte_05_stiftung_audit_anon_0074,0.3333,1.0,3,1,0.6525,0.638,2,offerte_13_holding_spaltung_anon_chunk_2|confusable_offerte_13_holding_spaltung_anon_0138_chunk_2|confusable_offerte_05_stiftung_audit_anon_0074_chunk_2,0,0,3.27,0.0,3.27,ollama,True,CHF 1'700,,
2026-09-09T18:18:50,BUCH_10,buchhaltung,confusable,10,62,24,1,True,richtig,False,offerte_14_buchhaltung_klein_anon,confusable_offerte_06_gruendung_klein_anon_0173|offerte_14_buchhaltung_klein_anon|offerte_01_lohn_gross_anon,0.3333,1.0,3,1,0.6841,0.6805,1,confusable_offerte_06_gruendung_klein_anon_0173_chunk_0|offerte_14_buchhaltung_klein_anon_chunk_1|offerte_01_lohn_gross_anon_chunk_1,0,0,3.26,0.0,3.26,ollama,True,CHF 850 - 1'300,,
2026-09-09T18:18:50,STEU_03,steuern,confusable,10,62,24,1,False,falsche_stelle,False,offerte_14_buchhaltung_klein_anon,offerte_01_lohn_gross_anon|offerte_14_buchhaltung_klein_anon|confusable_offerte_14_buchhaltung_klein_anon_0041,0.0,0.0,3,1,0.7572,0.745,1,offerte_01_lohn_gross_anon_chunk_0|offerte_14_buchhaltung_klein_anon_chunk_0|confusable_offerte_14_buchhaltung_klein_anon_0041_chunk_0,0,0,3.31,0.0,3.31,ollama,True,CHF 640,,
2026-09-09T18:18:50,UNB_01,unbeantwortbar,confusable,10,62,24,1,False,material_fuer_halluzination,True,,confusable_offerte_14_buchhaltung_klein_anon_0041|offerte_12_lohn_reinigung_anon|confusable_offerte_06_gruendung_klein_anon_0173,0.0,0.0,3,0,0.6689,0.6661,2,confusable_offerte_14_buchhaltung_klein_anon_0041_chunk_0|offerte_12_lohn_reinigung_anon_chunk_0|confusable_offerte_06_gruendung_klein_anon_0173_chunk_0,0,0,3.29,0.0,3.29,ollama,True,nicht in den Unterlagen,,
2026-09-09T18:18:50,UNB_02,unbeantwortbar,confusable,10,62,24,1,False,material_fuer_halluzination,True,,offerte_01_lohn_gross_anon|confusable_offerte_14_buchhaltung_klein_anon_0041|offerte_08_gruendung_vr_anon,0.0,0.0,3,0,0.6035,0.5989,1,offerte_01_lohn_gross_anon_chunk_0|confusable_offerte_14_buchhaltung_klein_anon_0041_chunk_0|offerte_08_gruendung_vr_anon_chunk_0,0,0,3.29,0.0,3.29,ollama,True,nicht in den Unterlagen,,
2026-09-09T18:18:50,UNB_03,unbeantwortbar,confusable,10,62,24,1,False,material_fuer_halluzination,True,,offerte_08_gruendung_vr_anon|confusable_offerte_06_gruendung_klein_anon_0173|confusable_offerte_14_buchhaltung_klein_anon_0041,0.0,0.0,3,0,0.6503,0.6393,2,offerte_08_gruendung_vr_anon_chunk_0|confusable_offerte_06_gruendung_klein_anon_0173_chunk_0|confusable_offerte_14_buchhaltung_klein_anon_0041_chunk_0,0,0,3.28,0.0,3.28,ollama,True,nicht in den Unterlagen,,
2026-09-09T18:18:50,UNB_04,unbeantwortbar,confusable,10,62,24,1,False,material_fuer_halluzination,True,,offerte_14_buchhaltung_klein_anon|confusable_offerte_14_buchhaltung_klein_anon_0041|offerte_08_gruendung_vr_anon,0.0,0.0,3,0,0.6694,0.6657,1,offerte_14_buchhaltung_klein_anon_chunk_1|confusable_offerte_14_buchhaltung_klein_anon_0041_chunk_1|offerte_08_gruendung_vr_anon_chunk_0,0,0,3.32,0.0,3.32,ollama,True,nicht in den Unterlagen,,
2026-09-09T18:18:50,UNB_05,unbeantwortbar,confusable,10,62,24,1,False,material_fuer_halluzination,True,,offerte_14_buchhaltung_klein_anon|confusable_offerte_14_buchhaltung_klein_anon_0041|offerte_01_lohn_gross_anon,0.0,0.0,3,0,0.6542,0.6527,1,offerte_14_buchhaltung_klein_anon_chunk_0|confusable_offerte_14_buchhaltung_klein_anon_0041_chunk_0|offerte_01_lohn_gross_anon_chunk_0,0,0,3.31,0.0,3.31,ollama,True,nicht in den Unterlagen,,
2026-09-09T18:18:52,LOHN_01,lohn,confusable,10,62,24,2,False,falsche_stelle,False,offerte_01_lohn_gross_anon,offerte_01_lohn_gross_anon|offerte_14_buchhaltung_klein_anon|confusable_offerte_01_lohn_gross_anon_0000,0.0,0.0,3,1,0.7905,0.7781,1,offerte_01_lohn_gross_anon_chunk_0|offerte_14_buchhaltung_klein_anon_chunk_0|confusable_offerte_01_lohn_gross_anon_0000_chunk_0,0,0,3.14,0.0,3.14,ollama,True,CHF 680,,
2026-09-09T18:18:52,BUCH_01,buchhaltung,confusable,10,62,24,2,False,fehlgriff_confusable,False,offerte_01_lohn_gross_anon,confusable_offerte_01_lohn_gross_anon_0000|confusable_offerte_06_gruendung_klein_anon_0173|confusable_offerte_01_lohn_gross_anon_0098,0.0,0.0,3,1,0.6589,0.6542,3,confusable_offerte_01_lohn_gross_anon_0000_chunk_1|confusable_offerte_06_gruendung_klein_anon_0173_chunk_0|confusable_offerte_01_lohn_gross_anon_0098_chunk_1,0,0,3.15,0.0,3.15,ollama,True,CHF 12'750 - 15'300,,
2026-09-09T18:18:52,MWST_01,mwst,confusable,10,62,24,2,False,falsche_stelle,False,offerte_01_lohn_gross_anon,offerte_01_lohn_gross_anon|offerte_14_buchhaltung_klein_anon|confusable_offerte_01_lohn_gross_anon_0000,0.0,0.0,3,1,0.7884,0.7741,1,offerte_01_lohn_gross_anon_chunk_0|offerte_14_buchhaltung_klein_anon_chunk_0|confusable_offerte_01_lohn_gross_anon_0000_chunk_0,0,0,3.12,0.0,3.12,ollama,True,CHF 1'300,,
2026-09-09T18:18:52,STEU_01,steuern,confusable,10,62,24,2,False,falsche_stelle,False,offerte_01_lohn_gross_anon,offerte_01_lohn_gross_anon|confusable_offerte_01_lohn_gross_anon_0000|offerte_14_buchhaltung_klein_anon,0.0,0.0,3,1,0.773,0.7522,1,offerte_01_lohn_gross_anon_chunk_0|confusable_offerte_01_lohn_gross_anon_0000_chunk_0|offerte_14_buchhaltung_klein_anon_chunk_0,0,0,3.12,0.0,3.12,ollama,True,CHF 850,,
2026-09-09T18:18:52,SETUP_01,setup,confusable,10,62,24,2,False,falsche_stelle,False,offerte_01_lohn_gross_anon,offerte_01_lohn_gross_anon|confusable_offerte_01_lohn_gross_anon_0000|confusable_offerte_01_lohn_gross_anon_0098,0.0,0.0,3,1,0.7224,0.7052,2,offerte_01_lohn_gross_anon_chunk_0|confusable_offerte_01_lohn_gross_anon_0000_chunk_0|confusable_offerte_01_lohn_gross_anon_0098_chunk_0,0,0,3.16,0.0,3.16,ollama,True,CHF 420,,
2026-09-09T18:18:52,SETUP_02,setup,confusable,10,62,24,2,False,falsche_stelle,False,offerte_01_lohn_gross_anon,offerte_01_lohn_gross_anon|confusable_offerte_01_lohn_gross_anon_0000|confusable_offerte_01_lohn_gross_anon_0098,0.0,0.0,3,1,0.7594,0.7373,2,offerte_01_lohn_gross_anon_chunk_0|confusable_offerte_01_lohn_gross_anon_0000_chunk_0|confusable_offerte_01_lohn_gross_anon_0098_chunk_0,0,0,3.11,0.0,3.11,ollama,True,CHF 640,,
2026-09-09T18:18:52,RATE_01,stundensatz,confusable,10,62,24,2,True,richtig,False,offerte_01_lohn_gross_anon,offerte_01_lohn_gross_anon|offerte_14_buchhaltung_klein_anon|offerte_04_revision_anon,0.3333,1.0,3,1,0.7751,0.7647,0,offerte_01_lohn_gross_anon_chunk_0|offerte_14_buchhaltung_klein_anon_chunk_0|offerte_04_revision_anon_chunk_0,0,0,3.17,0.0,3.17,ollama,True,CHF 140,,
2026-09-09T18:18:52,BUCH_02,buchhaltung,confusable,10,62,24,2,False,fehlgriff_confusable,False,offerte_02_accounting_intl_anon,offerte_05_stiftung_audit_anon|offerte_07_gruendung_domizil_anon|confusable_offerte_05_stiftung_audit_anon_0060,0.0,0.0,3,1,0.6578,0.6576,1,offerte_05_stiftung_audit_anon_chunk_2|offerte_07_gruendung_domizil_anon_chunk_1|confusable_offerte_05_stiftung_audit_anon_0060_chunk_2,0,0,3.14,0.0,3.14,ollama,True,CHF 1'700 - 2'100,,
2026-09-09T18:18:52,LOHN_02,lohn,confusable,10,62,24,2,False,falsche_stelle,False,offerte_02_accounting_intl_anon,offerte_03_accounting_branch_anon|offerte_11_swiss_finish_anon|offerte_02_accounting_intl_anon,0.0,0.0,3,1,0.6099,0.6079,0,offerte_03_accounting_branch_anon_chunk_0|offerte_11_swiss_finish_anon_chunk_0|offerte_02_accounting_intl_anon_chunk_0,0,0,3.13,0.0,3.13,ollama,True,CHF 1'000,,
2026-09-09T18:18:52,SETUP_03,setup,confusable,10,62,24,2,False,falsche_stelle,False,offerte_02_accounting_intl_anon,offerte_02_accounting_intl_anon|offerte_07_gruendung_domizil_anon|confusable_offerte_13_holding_spaltung_anon_0180,0.0,0.0,3,1,0.6348,0.6314,1,offerte_02_accounting_intl_anon_chunk_0|offerte_07_gruendung_domizil_anon_chunk_1|confusable_offerte_13_holding_spaltung_anon_0180_chunk_2,0,0,3.15,0.0,3.15,ollama,True,CHF 1'300,,
2026-09-09T18:18:52,MWST_02,mwst,confusable,10,62,24,2,False,falsche_stelle,False,offerte_02_accounting_intl_anon,offerte_02_accounting_intl_anon|offerte_07_gruendung_domizil_anon|offerte_11_swiss_finish_anon,0.0,0.0,3,1,0.6487,0.6444,0,offerte_02_accounting_intl_anon_chunk_0|offerte_07_gruendung_domizil_anon_chunk_1|offerte_11_swiss_finish_anon_chunk_0,0,0,3.13,0.0,3.13,ollama,True,CHF 850,,
2026-09-09T18:18:52,VERS_01,versicherung,confusable,10,62,24,2,False,falsche_stelle,False,offerte_02_accounting_intl_anon,offerte_11_swiss_finish_anon|offerte_02_accounting_intl_anon|offerte_03_accounting_branch_anon,0.0,0.0,3,1,0.6259,0.6231,0,offerte_11_swiss_finish_anon_chunk_0|offerte_02_accounting_intl_anon_chunk_0|offerte_03_accounting_branch_anon_chunk_0,0,0,3.14,0.0,3.14,ollama,True,CHF 850 - 1'700,,
2026-09-09T18:18:52,BUCH_03,buchhaltung,confusable,10,62,24,2,False,falsche_stelle,False,offerte_03_accounting_branch_anon,offerte_03_accounting_branch_anon|offerte_13_holding_spaltung_anon|confusable_offerte_13_holding_spaltung_anon_0180,0.0,0.0,3,1,0.6963,0.6838,1,offerte_03_accounting_branch_anon_chunk_0|offerte_13_holding_spaltung_anon_chunk_2|confusable_offerte_13_holding_spaltung_anon_0180_chunk_2,0,0,3.16,0.0,3.16,ollama,True,CHF 3'400 - 3'800,,
2026-09-09T18:18:52,SETUP_04,setup,confusable,10,62,24,2,False,falsche_stelle,False,offerte_03_accounting_branch_anon,offerte_03_accounting_branch_anon|offerte_13_holding_spaltung_anon|offerte_02_accounting_intl_anon,0.0,0.0,3,1,0.6634,0.6267,0,offerte_03_accounting_branch_anon_chunk_0|offerte_13_holding_spaltung_anon_chunk_0|offerte_02_accounting_intl_anon_chunk_0,0,0,3.17,0.0,3.17,ollama,True,CHF 1'300,,
2026-09-09T18:18:52,STEU_02,steuern,confusable,10,62,24,2,False,falsche_stelle,False,offerte_03_accounting_branch_anon,offerte_03_accounting_branch_anon|offerte_13_holding_spaltung_anon|confusable_offerte_13_holding_spaltung_anon_0180,0.0,0.0,3,1,0.6383,0.6341,1,offerte_03_accounting_branch_anon_chunk_0|offerte_13_holding_spaltung_anon_chunk_2|confusable_offerte_13_holding_spaltung_anon_0180_chunk_2,0,0,3.21,0.0,3.21,ollama,True,CHF 850,,
2026-09-09T18:18:52,REV_01,revision,confusable,10,62,24,2,True,richtig,False,offerte_04_revision_anon,offerte_04_revision_anon|confusable_offerte_04_revision_anon_0115|offerte_01_lohn_gross_anon,0.3333,1.0,3,1,0.8388,0.7879,1,offerte_04_revision_anon_chunk_0|confusable_offerte_04_revision_anon_0115_chunk_0|offerte_01_lohn_gross_anon_chunk_0,0,0,3.17,0.0,3.17,ollama,True,CHF 3'250,,
2026-09-09T18:18:52,REV_02,revision,confusable,10,62,24,2,True,richtig,False,offerte_04_revision_anon,confusable_offerte_12_lohn_reinigung_anon_0151|confusable_offerte_04_revision_anon_0115|offerte_04_revision_anon,0.3333,1.0,3,1,0.6367,0.6298,2,confusable_offerte_12_lohn_reinigung_anon_0151_chunk_0|confusable_offerte_04_revision_anon_0115_chunk_0|offerte_04_revision_anon_chunk_0,0,0,3.2,0.0,3.2,ollama,True,CHF 1'300,,
2026-09-09T18:18:52,AUD_01,revision,confusable,10,62,24,2,True,richtig,False,offerte_05_stiftung_audit_anon,offerte_05_stiftung_audit_anon|confusable_offerte_05_stiftung_audit_anon_0060,0.3333,1.0,3,1,0.6236,0.6122,1,offerte_05_stiftung_audit_anon_chunk_0|offerte_05_stiftung_audit_anon_chunk_2|confusable_offerte_05_stiftung_audit_anon_0060_chunk_2,0,0,3.18,0.0,3.18,ollama,True,CHF 1'550 - 2'100,,
2026-09-09T18:18:52,AUD_02,revision,confusable,10,62,24,2,True,richtig,False,offerte_05_stiftung_audit_anon,offerte_05_stiftung_audit_anon|confusable_offerte_05_stiftung_audit_anon_0060,0.3333,1.0,3,1,0.6687,0.6616,1,offerte_05_stiftung_audit_anon_chunk_2|confusable_offerte_05_stiftung_audit_anon_0060_chunk_2|offerte_05_stiftung_audit_anon_chunk_0,0,0,3.16,0.0,3.16,ollama,True,CHF 3'800 - 4'700,,
2026-09-09T18:18:52,LOHN_03,lohn,confusable,10,62,24,2,False,falsche_stelle,False,offerte_05_stiftung_audit_anon,offerte_05_stiftung_audit_anon|offerte_02_accounting_intl_anon|confusable_offerte_02_accounting_intl_anon_0197,0.0,0.0,3,1,0.6248,0.6221,1,offerte_05_stiftung_audit_anon_chunk_0|offerte_02_accounting_intl_anon_chunk_2|confusable_offerte_02_accounting_intl_anon_0197_chunk_2,0,0,3.22,0.0,3.22,ollama,True,CHF 760,,
2026-09-09T18:18:52,GRUE_01,gruendung,confusable,10,62,24,2,True,richtig,False,offerte_06_gruendung_klein_anon,offerte_06_gruendung_klein_anon|confusable_offerte_06_gruendung_klein_anon_0173|offerte_08_gruendung_vr_anon,0.3333,1.0,3,1,0.6768,0.6737,1,offerte_06_gruendung_klein_anon_chunk_0|confusable_offerte_06_gruendung_klein_anon_0173_chunk_0|offerte_08_gruendung_vr_anon_chunk_0,0,0,3.16,0.0,3.16,ollama,True,CHF 1'700,,
2026-09-09T18:18:52,BUCH_04,buchhaltung,confusable,10,62,24,2,False,fehlgriff_confusable,False,offerte_06_gruendung_klein_anon,offerte_01_lohn_gross_anon|confusable_offerte_06_gruendung_klein_anon_0173|confusable_offerte_01_lohn_gross_anon_0000,0.0,0.0,3,1,0.6856,0.6834,2,offerte_01_lohn_gross_anon_chunk_1|confusable_offerte_06_gruendung_klein_anon_0173_chunk_0|confusable_offerte_01_lohn_gross_anon_0000_chunk_1,0,0,3.17,0.0,3.17,ollama,True,CHF 1'700 - 2'550,,
2026-09-09T18:18:52,VERS_02,versicherung,confusable,10,62,24,2,False,fehlgriff_confusable,False,offerte_06_gruendung_klein_anon,confusable_offerte_12_lohn_reinigung_anon_0151|offerte_12_lohn_reinigung_anon|offerte_14_buchhaltung_klein_anon,0.0,0.0,3,1,0.6759,0.6693,1,confusable_offerte_12_lohn_reinigung_anon_0151_chunk_0|offerte_12_lohn_reinigung_anon_chunk_0|offerte_14_buchhaltung_klein_anon_chunk_0,0,0,3.19,0.0,3.19,ollama,True,CHF 210,,
2026-09-09T18:18:52,GRUE_02,gruendung,confusable,10,62,24,2,True,richtig,False,offerte_07_gruendung_domizil_anon,offerte_07_gruendung_domizil_anon|offerte_09_domizil_beratung_anon|confusable_offerte_09_domizil_beratung_anon_0120,0.3333,1.0,3,1,0.6324,0.6106,1,offerte_07_gruendung_domizil_anon_chunk_1|offerte_09_domizil_beratung_anon_chunk_2|confusable_offerte_09_domizil_beratung_anon_0120_chunk_2,0,0,3.18,0.0,3.18,ollama,True,CHF 2'100,,
2026-09-09T18:18:52,VR_01,verwaltungsrat,confusable,10,62,24,2,False,fehlgriff_confusable,False,offerte_07_gruendung_domizil_anon,offerte_11_swiss_finish_anon|confusable_offerte_09_domizil_beratung_anon_0120|offerte_09_domizil_beratung_anon,0.0,0.0,3,1,0.6273,0.6154,1,offerte_11_swiss_finish_anon_chunk_1|confusable_offerte_09_domizil_beratung_anon_0120_chunk_2|offerte_09_domizil_beratung_anon_chunk_2,0,0,3.2,0.0,3.2,ollama,True,CHF 4'250,,
2026-09-09T18:18:52,DOM_01,domizil,confusable,10,62,24,2,False,fehlgriff_confusable,False,offerte_07_gruendung_domizil_anon,offerte_09_domizil_beratung_anon|confusable_offerte_09_domizil_beratung_anon_0120|offerte_11_swiss_finish_anon,0.0,0.0,3,1,0.6543,0.6402,1,offerte_09_domizil_beratung_anon_chunk_0|confusable_offerte_09_domizil_beratung_anon_0120_chunk_0|offerte_11_swiss_finish_anon_chunk_1,0,0,3.21,0.0,3.21,ollama,True,CHF 1'700,,
2026-09-09T18:18:52,VR_02,verwaltungsrat,confusable,10,62,24,2,False,falsche_stelle,False,offerte_08_gruendung_vr_anon,offerte_08_gruendung_vr_anon|confusable_offerte_06_gruendung_klein_anon_0173|confusable_offerte_01_lohn_gross_anon_0000,0.0,0.0,3,1,0.6664,0.6618,2,offerte_08_gruendung_vr_anon_chunk_0|confusable_offerte_06_gruendung_klein_anon_0173_chunk_0|confusable_offerte_01_lohn_gross_anon_0000_chunk_0,0,0,3.16,0.0,3.16,ollama,True,CHF 5'500,,
2026-09-09T18:18:52,DOM_02,domizil,confusable,10,62,24,2,True,richtig,False,offerte_08_gruendung_vr_anon,offerte_08_gruendung_vr_anon|offerte_01_lohn_gross_anon|confusable_offerte_01_lohn_gross_anon_0098,0.3333,1.0,3,1,0.7624,0.7352,1,offerte_08_gruendung_vr_anon_chunk_0|offerte_01_lohn_gross_anon_chunk_0|confusable_offerte_01_lohn_gross_anon_0098_chunk_0,0,0,3.25,0.0,3.25,ollama,True,CHF 2'100,,
2026-09-09T18:18:52,DOM_03,domizil,confusable,10,62,24,2,False,falsche_stelle,False,offerte_09_domizil_beratung_anon,offerte_09_domizil_beratung_anon|confusable_offerte_09_domizil_beratung_anon_0120|offerte_03_accounting_branch_anon,0.0,0.0,3,1,0.6605,0.6502,1,offerte_09_domizil_beratung_anon_chunk_0|confusable_offerte_09_domizil_beratung_anon_0120_chunk_0|offerte_03_accounting_branch_anon_chunk_0,0,0,3.17,0.0,3.17,ollama,True,CHF 1'300,,
2026-09-09T18:18:52,DOM_04,domizil,confusable,10,62,24,2,False,falsche_stelle,False,offerte_09_domizil_beratung_anon,offerte_09_domizil_beratung_anon|confusable_offerte_09_domizil_beratung_anon_0120|offerte_03_accounting_branch_anon,0.0,0.0,3,1,0.6398,0.6269,1,offerte_09_domizil_beratung_anon_chunk_0|confusable_offerte_09_domizil_beratung_anon_0120_chunk_0|offerte_03_accounting_branch_anon_chunk_0,0,0,3.18,0.0,3.18,ollama,True,CHF 3'400,,
2026-09-09T18:18:52,VR_03,verwaltungsrat,confusable,10,62,24,2,False,falsche_stelle,False,offerte_09_domizil_beratung_anon,offerte_09_domizil_beratung_anon|confusable_offerte_09_domizil_beratung_anon_0120|offerte_07_gruendung_domizil_anon,0.0,0.0,3,1,0.6398,0.6346,1,offerte_09_domizil_beratung_anon_chunk_0|confusable_offerte_09_domizil_beratung_anon_0120_chunk_0|offerte_07_gruendung_domizil_anon_chunk_0,0,0,3.19,0.0,3.19,ollama,True,CHF 4'250,,
2026-09-09T18:18:52,BUCH_05,buchhaltung,confusable,10,62,24,2,False,fehlgriff_confusable,False,offerte_09_domizil_beratung_anon,offerte_05_stiftung_audit_anon|confusable_offerte_05_stiftung_audit_anon_0060|offerte_07_gruendung_domizil_anon,0.0,0.0,3,1,0.6524,0.6513,1,offerte_05_stiftung_audit_anon_chunk_2|confusable_offerte_05_stiftung_audit_anon_0060_chunk_2|offerte_07_gruendung_domizil_anon_chunk_1,0,0,3.17,0.0,3.17,ollama,True,CHF 3'400 - 3'800,,
2026-09-09T18:18:52,BUCH_06,buchhaltung,confusable,10,62,24,2,False,fehlgriff_confusable,False,offerte_10_accounting_medtech_anon,offerte_07_gruendung_domizil_anon|confusable_offerte_05_stiftung_audit_anon_0060|offerte_05_stiftung_audit_anon,0.0,0.0,3,1,0.6766,0.6703,1,offerte_07_gruendung_domizil_anon_chunk_1|confusable_offerte_05_stiftung_audit_anon_0060_chunk_2|offerte_05_stiftung_audit_anon_chunk_2,0,0,3.19,0.0,3.19,ollama,True,CHF 3'400 - 3'800,,
2026-09-09T18:18:52,LOHN_04,lohn,confusable,10,62,24,2,False,falsches_dokument,False,offerte_10_accounting_medtech_anon,offerte_11_swiss_finish_anon|offerte_03_accounting_branch_anon|offerte_09_domizil_beratung_anon,0.0,0.0,3,1,0.618,0.6146,0,offerte_11_swiss_finish_anon_chunk_0|offerte_03_accounting_branch_anon_chunk_0|offerte_09_domizil_beratung_anon_chunk_2,0,0,3.19,0.0,3.19,ollama,True,CHF 1'000,,
2026-09-09T18:18:52,BUCH_07,buchhaltung,confusable,10,62,24,2,False,falsche_stelle,False,offerte_11_swiss_finish_anon,offerte_11_swiss_finish_anon|offerte_03_accounting_branch_anon|confusable_offerte_05_stiftung_audit_anon_0060,0.0,0.0,3,1,0.733,0.7196,1,offerte_11_swiss_finish_anon_chunk_1|offerte_03_accounting_branch_anon_chunk_1|confusable_offerte_05_stiftung_audit_anon_0060_chunk_1,0,0,3.16,0.0,3.16,ollama,True,CHF 210,,
2026-09-09T18:18:52,MWST_03,mwst,confusable,10,62,24,2,False,falsche_stelle,False,offerte_11_swiss_finish_anon,offerte_11_swiss_finish_anon|offerte_07_gruendung_domizil_anon|offerte_03_accounting_branch_anon,0.0,0.0,3,1,0.6868,0.6577,0,offerte_11_swiss_finish_anon_chunk_0|offerte_07_gruendung_domizil_anon_chunk_1|offerte_03_accounting_branch_anon_chunk_0,0,0,3.28,0.0,3.28,ollama,True,CHF 2'550,,
2026-09-09T18:18:52,SETUP_05,setup,confusable,10,62,24,2,False,falsche_stelle,False,offerte_11_swiss_finish_anon,offerte_11_swiss_finish_anon|confusable_offerte_13_holding_spaltung_anon_0180|offerte_13_holding_spaltung_anon,0.0,0.0,3,1,0.6062,0.5892,1,offerte_11_swiss_finish_anon_chunk_0|confusable_offerte_13_holding_spaltung_anon_0180_chunk_2|offerte_13_holding_spaltung_anon_chunk_2,0,0,3.28,0.0,3.28,ollama,True,CHF 340,,
2026-09-09T18:18:52,BUCH_08,buchhaltung,confusable,10,62,24,2,False,fehlgriff_confusable,False,offerte_12_lohn_reinigung_anon,offerte_01_lohn_gross_anon|confusable_offerte_01_lohn_gross_anon_0000|offerte_14_buchhaltung_klein_anon,0.0,0.0,3,1,0.7331,0.724,1,offerte_01_lohn_gross_anon_chunk_0|confusable_offerte_01_lohn_gross_anon_0000_chunk_0|offerte_14_buchhaltung_klein_anon_chunk_0,0,0,3.34,0.0,3.34,ollama,True,CHF 2'550 - 3'000,,
2026-09-09T18:18:52,LOHN_05,lohn,confusable,10,62,24,2,False,falsche_stelle,False,offerte_12_lohn_reinigung_anon,offerte_01_lohn_gross_anon|offerte_12_lohn_reinigung_anon|offerte_14_buchhaltung_klein_anon,0.0,0.0,3,1,0.7668,0.7586,0,offerte_01_lohn_gross_anon_chunk_0|offerte_12_lohn_reinigung_anon_chunk_0|offerte_14_buchhaltung_klein_anon_chunk_0,0,0,3.3,0.0,3.3,ollama,True,CHF 600 - 1'000,,
2026-09-09T18:18:53,SETUP_06,setup,confusable,10,62,24,2,False,falsche_stelle,False,offerte_12_lohn_reinigung_anon,offerte_01_lohn_gross_anon|confusable_offerte_01_lohn_gross_anon_0000|offerte_12_lohn_reinigung_anon,0.0,0.0,3,1,0.7273,0.7084,1,offerte_01_lohn_gross_anon_chunk_0|confusable_offerte_01_lohn_gross_anon_0000_chunk_0|offerte_12_lohn_reinigung_anon_chunk_0,0,0,3.29,0.0,3.29,ollama,True,CHF 420 - 640,,
2026-09-09T18:18:53,BUCH_09,buchhaltung,confusable,10,62,24,2,False,fehlgriff_confusable,False,offerte_13_holding_spaltung_anon,offerte_05_stiftung_audit_anon|confusable_offerte_05_stiftung_audit_anon_0060|offerte_07_gruendung_domizil_anon,0.0,0.0,3,1,0.6601,0.6588,1,offerte_05_stiftung_audit_anon_chunk_2|confusable_offerte_05_stiftung_audit_anon_0060_chunk_2|offerte_07_gruendung_domizil_anon_chunk_1,0,0,3.31,0.0,3.31,ollama,True,CHF 2'550 - 3'000,,
2026-09-09T18:18:53,SONST_01,sonstiges,confusable,10,62,24,2,True,richtig,False,offerte_13_holding_spaltung_anon,offerte_13_holding_spaltung_anon|confusable_offerte_13_holding_spaltung_anon_0180|confusable_offerte_05_stiftung_audit_anon_0060,0.3333,1.0,3,1,0.6525,0.6398,2,offerte_13_holding_spaltung_anon_chunk_2|confusable_offerte_13_holding_spaltung_anon_0180_chunk_2|confusable_offerte_05_stiftung_audit_anon_0060_chunk_2,0,0,3.27,0.0,3.27,ollama,True,CHF 1'700,,
2026-09-09T18:18:53,BUCH_10,buchhaltung,confusable,10,62,24,2,True,richtig,False,offerte_14_buchhaltung_klein_anon,confusable_offerte_06_gruendung_klein_anon_0173|confusable_offerte_01_lohn_gross_anon_0098|offerte_14_buchhaltung_klein_anon,0.3333,1.0,3,1,0.6841,0.683,2,confusable_offerte_06_gruendung_klein_anon_0173_chunk_0|confusable_offerte_01_lohn_gross_anon_0098_chunk_1|offerte_14_buchhaltung_klein_anon_chunk_1,0,0,3.31,0.0,3.31,ollama,True,CHF 850 - 1'300,,
2026-09-09T18:18:53,STEU_03,steuern,confusable,10,62,24,2,False,falsche_stelle,False,offerte_14_buchhaltung_klein_anon,offerte_01_lohn_gross_anon|offerte_14_buchhaltung_klein_anon|confusable_offerte_01_lohn_gross_anon_0000,0.0,0.0,3,1,0.7572,0.7468,1,offerte_01_lohn_gross_anon_chunk_0|offerte_14_buchhaltung_klein_anon_chunk_0|confusable_offerte_01_lohn_gross_anon_0000_chunk_0,0,0,3.29,0.0,3.29,ollama,True,CHF 640,,
2026-09-09T18:18:53,UNB_01,unbeantwortbar,confusable,10,62,24,2,False,material_fuer_halluzination,True,,offerte_12_lohn_reinigung_anon|confusable_offerte_06_gruendung_klein_anon_0173|confusable_offerte_12_lohn_reinigung_anon_0151,0.0,0.0,3,0,0.6655,0.6633,2,offerte_12_lohn_reinigung_anon_chunk_0|confusable_offerte_06_gruendung_klein_anon_0173_chunk_0|confusable_offerte_12_lohn_reinigung_anon_0151_chunk_0,0,0,3.29,0.0,3.29,ollama,True,nicht in den Unterlagen,,
2026-09-09T18:18:53,UNB_02,unbeantwortbar,confusable,10,62,24,2,False,material_fuer_halluzination,True,,offerte_01_lohn_gross_anon|confusable_offerte_01_lohn_gross_anon_0000|confusable_offerte_01_lohn_gross_anon_0098,0.0,0.0,3,0,0.6035,0.6,2,offerte_01_lohn_gross_anon_chunk_0|confusable_offerte_01_lohn_gross_anon_0000_chunk_0|confusable_offerte_01_lohn_gross_anon_0098_chunk_0,0,0,3.31,0.0,3.31,ollama,True,nicht in den Unterlagen,,
2026-09-09T18:18:53,UNB_03,unbeantwortbar,confusable,10,62,24,2,False,material_fuer_halluzination,True,,offerte_08_gruendung_vr_anon|confusable_offerte_06_gruendung_klein_anon_0173|confusable_offerte_01_lohn_gross_anon_0098,0.0,0.0,3,0,0.6503,0.6376,2,offerte_08_gruendung_vr_anon_chunk_0|confusable_offerte_06_gruendung_klein_anon_0173_chunk_0|confusable_offerte_01_lohn_gross_anon_0098_chunk_0,0,0,3.27,0.0,3.27,ollama,True,nicht in den Unterlagen,,
2026-09-09T18:18:53,UNB_04,unbeantwortbar,confusable,10,62,24,2,False,material_fuer_halluzination,True,,offerte_14_buchhaltung_klein_anon|offerte_08_gruendung_vr_anon|offerte_12_lohn_reinigung_anon,0.0,0.0,3,0,0.6694,0.6641,0,offerte_14_buchhaltung_klein_anon_chunk_1|offerte_08_gruendung_vr_anon_chunk_0|offerte_12_lohn_reinigung_anon_chunk_1,0,0,3.31,0.0,3.31,ollama,True,nicht in den Unterlagen,,
2026-09-09T18:18:53,UNB_05,unbeantwortbar,confusable,10,62,24,2,False,material_fuer_halluzination,True,,offerte_14_buchhaltung_klein_anon|offerte_01_lohn_gross_anon|offerte_12_lohn_reinigung_anon,0.0,0.0,3,0,0.6542,0.6495,0,offerte_14_buchhaltung_klein_anon_chunk_0|offerte_01_lohn_gross_anon_chunk_0|offerte_12_lohn_reinigung_anon_chunk_0,0,0,3.28,0.0,3.28,ollama,True,nicht in den Unterlagen,,
2026-09-09T18:18:56,LOHN_01,lohn,confusable,10,63,24,3,False,falsche_stelle,False,offerte_01_lohn_gross_anon,offerte_01_lohn_gross_anon|offerte_14_buchhaltung_klein_anon|offerte_12_lohn_reinigung_anon,0.0,0.0,3,1,0.7905,0.778,0,offerte_01_lohn_gross_anon_chunk_0|offerte_14_buchhaltung_klein_anon_chunk_0|offerte_12_lohn_reinigung_anon_chunk_0,0,0,3.14,0.0,3.14,ollama,True,CHF 680,,
2026-09-09T18:18:56,BUCH_01,buchhaltung,confusable,10,63,24,3,True,richtig,False,offerte_01_lohn_gross_anon,offerte_01_lohn_gross_anon|offerte_14_buchhaltung_klein_anon|offerte_08_gruendung_vr_anon,0.3333,1.0,3,1,0.6493,0.6429,0,offerte_01_lohn_gross_anon_chunk_1|offerte_14_buchhaltung_klein_anon_chunk_1|offerte_08_gruendung_vr_anon_chunk_2,0,0,3.15,0.0,3.15,ollama,True,CHF 12'750 - 15'300,,
2026-09-09T18:18:56,MWST_01,mwst,confusable,10,63,24,3,False,falsche_stelle,False,offerte_01_lohn_gross_anon,offerte_01_lohn_gross_anon|offerte_14_buchhaltung_klein_anon|offerte_12_lohn_reinigung_anon,0.0,0.0,3,1,0.7884,0.7667,0,offerte_01_lohn_gross_anon_chunk_0|offerte_14_buchhaltung_klein_anon_chunk_0|offerte_12_lohn_reinigung_anon_chunk_0,0,0,3.09,0.0,3.09,ollama,True,CHF 1'300,,
2026-09-09T18:18:56,STEU_01,steuern,confusable,10,63,24,3,False,falsche_stelle,False,offerte_01_lohn_gross_anon,offerte_01_lohn_gross_anon|offerte_14_buchhaltung_klein_anon|offerte_12_lohn_reinigung_anon,0.0,0.0,3,1,0.773,0.7444,0,offerte_01_lohn_gross_anon_chunk_0|offerte_14_buchhaltung_klein_anon_chunk_0|offerte_12_lohn_reinigung_anon_chunk_0,0,0,3.1,0.0,3.1,ollama,True,CHF 850,,
2026-09-09T18:18:56,SETUP_01,setup,confusable,10,63,24,3,False,falsche_stelle,False,offerte_01_lohn_gross_anon,offerte_01_lohn_gross_anon|offerte_14_buchhaltung_klein_anon|offerte_12_lohn_reinigung_anon,0.0,0.0,3,1,0.7224,0.6967,0,offerte_01_lohn_gross_anon_chunk_0|offerte_14_buchhaltung_klein_anon_chunk_0|offerte_12_lohn_reinigung_anon_chunk_0,0,0,3.13,0.0,3.13,ollama,True,CHF 420,,
2026-09-09T18:18:56,SETUP_02,setup,confusable,10,63,24,3,False,falsche_stelle,False,offerte_01_lohn_gross_anon,offerte_01_lohn_gross_anon|offerte_14_buchhaltung_klein_anon|offerte_12_lohn_reinigung_anon,0.0,0.0,3,1,0.7594,0.7247,0,offerte_01_lohn_gross_anon_chunk_0|offerte_14_buchhaltung_klein_anon_chunk_0|offerte_12_lohn_reinigung_anon_chunk_0,0,0,3.09,0.0,3.09,ollama,True,CHF 640,,
2026-09-09T18:18:56,RATE_01,stundensatz,confusable,10,63,24,3,True,richtig,False,offerte_01_lohn_gross_anon,offerte_01_lohn_gross_anon|offerte_14_buchhaltung_klein_anon|confusable_offerte_04_revision_anon_0073,0.3333,1.0,3,1,0.7751,0.7696,1,offerte_01_lohn_gross_anon_chunk_0|offerte_14_buchhaltung_klein_anon_chunk_0|confusable_offerte_04_revision_anon_0073_chunk_0,0,0,3.16,0.0,3.16,ollama,True,CHF 140,,
2026-09-09T18:18:56,BUCH_02,buchhaltung,confusable,10,63,24,3,False,falsches_dokument,False,offerte_02_accounting_intl_anon,offerte_05_stiftung_audit_anon|offerte_07_gruendung_domizil_anon|offerte_11_swiss_finish_anon,0.0,0.0,3,1,0.6578,0.6541,0,offerte_05_stiftung_audit_anon_chunk_2|offerte_07_gruendung_domizil_anon_chunk_1|offerte_11_swiss_finish_anon_chunk_1,0,0,3.08,0.0,3.08,ollama,True,CHF 1'700 - 2'100,,
2026-09-09T18:18:56,LOHN_02,lohn,confusable,10,63,24,3,False,fehlgriff_confusable,False,offerte_02_accounting_intl_anon,confusable_offerte_03_accounting_branch_anon_0198|offerte_03_accounting_branch_anon|offerte_11_swiss_finish_anon,0.0,0.0,3,1,0.6224,0.6131,1,confusable_offerte_03_accounting_branch_anon_0198_chunk_0|offerte_03_accounting_branch_anon_chunk_0|offerte_11_swiss_finish_anon_chunk_0,0,0,3.1,0.0,3.1,ollama,True,CHF 1'000,,
2026-09-09T18:18:56,SETUP_03,setup,confusable,10,63,24,3,False,falsche_stelle,False,offerte_02_accounting_intl_anon,offerte_02_accounting_intl_anon|offerte_07_gruendung_domizil_anon|confusable_offerte_13_holding_spaltung_anon_0040,0.0,0.0,3,1,0.6348,0.6307,1,offerte_02_accounting_intl_anon_chunk_0|offerte_07_gruendung_domizil_anon_chunk_1|confusable_offerte_13_holding_spaltung_anon_0040_chunk_2,0,0,3.1,0.0,3.1,ollama,True,CHF 1'300,,
2026-09-09T18:18:56,MWST_02,mwst,confusable,10,63,24,3,False,falsche_stelle,False,offerte_02_accounting_intl_anon,offerte_02_accounting_intl_anon|offerte_07_gruendung_domizil_anon|offerte_11_swiss_finish_anon,0.0,0.0,3,1,0.6487,0.6444,0,offerte_02_accounting_intl_anon_chunk_0|offerte_07_gruendung_domizil_anon_chunk_1|offerte_11_swiss_finish_anon_chunk_0,0,0,3.07,0.0,3.07,ollama,True,CHF 850,,
2026-09-09T18:18:56,VERS_01,versicherung,confusable,10,63,24,3,False,falsche_stelle,False,offerte_02_accounting_intl_anon,offerte_11_swiss_finish_anon|offerte_02_accounting_intl_anon|offerte_03_accounting_branch_anon,0.0,0.0,3,1,0.6259,0.6231,0,offerte_11_swiss_finish_anon_chunk_0|offerte_02_accounting_intl_anon_chunk_0|offerte_03_accounting_branch_anon_chunk_0,0,0,3.18,0.0,3.18,ollama,True,CHF 850 - 1'700,,
2026-09-09T18:18:56,BUCH_03,buchhaltung,confusable,10,63,24,3,False,falsche_stelle,False,offerte_03_accounting_branch_anon,offerte_03_accounting_branch_anon|offerte_13_holding_spaltung_anon|confusable_offerte_13_holding_spaltung_anon_0040,0.0,0.0,3,1,0.6963,0.6838,1,offerte_03_accounting_branch_anon_chunk_0|offerte_13_holding_spaltung_anon_chunk_2|confusable_offerte_13_holding_spaltung_anon_0040_chunk_2,0,0,3.11,0.0,3.11,ollama,True,CHF 3'400 - 3'800,,
2026-09-09T18:18:56,SETUP_04,setup,confusable,10,63,24,3,False,falsche_stelle,False,offerte_03_accounting_branch_anon,offerte_03_accounting_branch_anon|confusable_offerte_03_accounting_branch_anon_0198|offerte_13_holding_spaltung_anon,0.0,0.0,3,1,0.6634,0.6356,1,offerte_03_accounting_branch_anon_chunk_0|confusable_offerte_03_accounting_branch_anon_0198_chunk_0|offerte_13_holding_spaltung_anon_chunk_0,0,0,3.11,0.0,3.11,ollama,True,CHF 1'300,,
2026-09-09T18:18:56,STEU_02,steuern,confusable,10,63,24,3,False,falsche_stelle,False,offerte_03_accounting_branch_anon,offerte_03_accounting_branch_anon|offerte_13_holding_spaltung_anon|confusable_offerte_13_holding_spaltung_anon_0040,0.0,0.0,3,1,0.6383,0.6337,1,offerte_03_accounting_branch_anon_chunk_0|offerte_13_holding_spaltung_anon_chunk_2|confusable_offerte_13_holding_spaltung_anon_0040_chunk_2,0,0,3.11,0.0,3.11,ollama,True,CHF 850,,
2026-09-09T18:18:56,REV_01,revision,confusable,10,63,24,3,True,richtig,False,offerte_04_revision_anon,offerte_04_revision_anon|confusable_offerte_04_revision_anon_0073|confusable_offerte_04_revision_anon_0003,0.3333,1.0,3,1,0.8388,0.8077,2,offerte_04_revision_anon_chunk_0|confusable_offerte_04_revision_anon_0073_chunk_0|confusable_offerte_04_revision_anon_0003_chunk_0,0,0,3.08,0.0,3.08,ollama,True,CHF 3'250,,
2026-09-09T18:18:56,REV_02,revision,confusable,10,63,24,3,True,richtig,False,offerte_04_revision_anon,confusable_offerte_06_gruendung_klein_anon_0187|offerte_04_revision_anon|offerte_14_buchhaltung_klein_anon,0.3333,1.0,3,1,0.6345,0.6269,1,confusable_offerte_06_gruendung_klein_anon_0187_chunk_0|offerte_04_revision_anon_chunk_0|offerte_14_buchhaltung_klein_anon_chunk_0,0,0,3.15,0.0,3.15,ollama,True,CHF 1'300,,
2026-09-09T18:18:56,AUD_01,revision,confusable,10,63,24,3,True,richtig,False,offerte_05_stiftung_audit_anon,offerte_05_stiftung_audit_anon|offerte_07_gruendung_domizil_anon,0.3333,1.0,3,1,0.6236,0.6012,0,offerte_05_stiftung_audit_anon_chunk_0|offerte_05_stiftung_audit_anon_chunk_2|offerte_07_gruendung_domizil_anon_chunk_1,0,0,3.12,0.0,3.12,ollama,True,CHF 1'550 - 2'100,,
2026-09-09T18:18:56,AUD_02,revision,confusable,10,63,24,3,True,richtig,False,offerte_05_stiftung_audit_anon,offerte_05_stiftung_audit_anon|offerte_07_gruendung_domizil_anon,0.3333,1.0,3,1,0.6687,0.6471,0,offerte_05_stiftung_audit_anon_chunk_2|offerte_05_stiftung_audit_anon_chunk_0|offerte_07_gruendung_domizil_anon_chunk_1,0,0,3.1,0.0,3.1,ollama,True,CHF 3'800 - 4'700,,
2026-09-09T18:18:56,LOHN_03,lohn,confusable,10,63,24,3,False,falsche_stelle,False,offerte_05_stiftung_audit_anon,offerte_05_stiftung_audit_anon|offerte_02_accounting_intl_anon|confusable_offerte_02_accounting_intl_anon_0127,0.0,0.0,3,1,0.6248,0.6224,1,offerte_05_stiftung_audit_anon_chunk_0|offerte_02_accounting_intl_anon_chunk_2|confusable_offerte_02_accounting_intl_anon_0127_chunk_2,0,0,3.09,0.0,3.09,ollama,True,CHF 760,,
2026-09-09T18:18:56,GRUE_01,gruendung,confusable,10,63,24,3,True,richtig,False,offerte_06_gruendung_klein_anon,offerte_06_gruendung_klein_anon|offerte_08_gruendung_vr_anon|confusable_offerte_06_gruendung_klein_anon_0187,0.3333,1.0,3,1,0.6768,0.6674,1,offerte_06_gruendung_klein_anon_chunk_0|offerte_08_gruendung_vr_anon_chunk_0|confusable_offerte_06_gruendung_klein_anon_0187_chunk_0,0,0,3.11,0.0,3.11,ollama,True,CHF 1'700,,
2026-09-09T18:18:56,BUCH_04,buchhaltung,confusable,10,63,24,3,False,fehlgriff_confusable,False,offerte_06_gruendung_klein_anon,offerte_01_lohn_gross_anon|offerte_08_gruendung_vr_anon|confusable_offerte_06_gruendung_klein_anon_0187,0.0,0.0,3,1,0.6856,0.6671,1,offerte_01_lohn_gross_anon_chunk_1|offerte_08_gruendung_vr_anon_chunk_2|confusable_offerte_06_gruendung_klein_anon_0187_chunk_0,0,0,3.1,0.0,3.1,ollama,True,CHF 1'700 - 2'550,,
2026-09-09T18:18:56,VERS_02,versicherung,confusable,10,63,24,3,False,fehlgriff_confusable,False,offerte_06_gruendung_klein_anon,offerte_12_lohn_reinigung_anon|offerte_14_buchhaltung_klein_anon|confusable_offerte_04_revision_anon_0073,0.0,0.0,3,1,0.674,0.6632,1,offerte_12_lohn_reinigung_anon_chunk_0|offerte_14_buchhaltung_klein_anon_chunk_0|confusable_offerte_04_revision_anon_0073_chunk_0,0,0,3.16,0.0,3.16,ollama,True,CHF 210,,
2026-09-09T18:18:56,GRUE_02,gruendung,confusable,10,63,24,3,True,richtig,False,offerte_07_gruendung_domizil_anon,offerte_07_gruendung_domizil_anon|offerte_09_domizil_beratung_anon|confusable_offerte_09_domizil_beratung_anon_0092,0.3333,1.0,3,1,0.6324,0.6105,1,offerte_07_gruendung_domizil_anon_chunk_1|offerte_09_domizil_beratung_anon_chunk_2|confusable_offerte_09_domizil_beratung_anon_0092_chunk_2,0,0,3.08,0.0,3.08,ollama,True,CHF 2'100,,
2026-09-09T18:18:56,VR_01,verwaltungsrat,confusable,10,63,24,3,False,fehlgriff_confusable,False,offerte_07_gruendung_domizil_anon,offerte_11_swiss_finish_anon|confusable_offerte_09_domizil_beratung_anon_0092|offerte_09_domizil_beratung_anon,0.0,0.0,3,1,0.6273,0.6158,1,offerte_11_swiss_finish_anon_chunk_1|confusable_offerte_09_domizil_beratung_anon_0092_chunk_2|offerte_09_domizil_beratung_anon_chunk_2,0,0,3.1,0.0,3.1,ollama,True,CHF 4'250,,
2026-09-09T18:18:56,DOM_01,domizil,confusable,10,63,24,3,False,fehlgriff_confusable,False,offerte_07_gruendung_domizil_anon,confusable_offerte_09_domizil_beratung_anon_0092|offerte_09_domizil_beratung_anon|confusable_offerte_03_accounting_branch_anon_0198,0.0,0.0,3,1,0.6591,0.6535,2,confusable_offerte_09_domizil_beratung_anon_0092_chunk_0|offerte_09_domizil_beratung_anon_chunk_0|confusable_offerte_03_accounting_branch_anon_0198_chunk_0,0,0,3.13,0.0,3.13,ollama,True,CHF 1'700,,
2026-09-09T18:18:56,VR_02,verwaltungsrat,confusable,10,63,24,3,False,falsche_stelle,False,offerte_08_gruendung_vr_anon,offerte_08_gruendung_vr_anon|offerte_06_gruendung_klein_anon|confusable_offerte_06_gruendung_klein_anon_0187,0.0,0.0,3,1,0.6664,0.6583,1,offerte_08_gruendung_vr_anon_chunk_0|offerte_06_gruendung_klein_anon_chunk_0|confusable_offerte_06_gruendung_klein_anon_0187_chunk_0,0,0,3.12,0.0,3.12,ollama,True,CHF 5'500,,
2026-09-09T18:18:56,DOM_02,domizil,confusable,10,63,24,3,True,richtig,False,offerte_08_gruendung_vr_anon,offerte_08_gruendung_vr_anon|offerte_01_lohn_gross_anon|confusable_offerte_02_accounting_intl_anon_0113,0.3333,1.0,3,1,0.7624,0.7351,1,offerte_08_gruendung_vr_anon_chunk_0|offerte_01_lohn_gross_anon_chunk_0|confusable_offerte_02_accounting_intl_anon_0113_chunk_0,0,0,3.19,0.0,3.19,ollama,True,CHF 2'100,,
2026-09-09T18:18:56,DOM_03,domizil,confusable,10,63,24,3,False,falsche_stelle,False,offerte_09_domizil_beratung_anon,offerte_09_domizil_beratung_anon|confusable_offerte_09_domizil_beratung_anon_0092|confusable_offerte_09_domizil_beratung_anon_0050,0.0,0.0,3,1,0.6605,0.6537,2,offerte_09_domizil_beratung_anon_chunk_0|confusable_offerte_09_domizil_beratung_anon_0092_chunk_0|confusable_offerte_09_domizil_beratung_anon_0050_chunk_0,0,0,3.13,0.0,3.13,ollama,True,CHF 1'300,,
2026-09-09T18:18:56,DOM_04,domizil,confusable,10,63,24,3,False,falsche_stelle,False,offerte_09_domizil_beratung_anon,offerte_09_domizil_beratung_anon|confusable_offerte_09_domizil_beratung_anon_0092|confusable_offerte_09_domizil_beratung_anon_0050,0.0,0.0,3,1,0.6398,0.6336,2,offerte_09_domizil_beratung_anon_chunk_0|confusable_offerte_09_domizil_beratung_anon_0092_chunk_0|confusable_offerte_09_domizil_beratung_anon_0050_chunk_0,0,0,3.14,0.0,3.14,ollama,True,CHF 3'400,,
2026-09-09T18:18:56,VR_03,verwaltungsrat,confusable,10,63,24,3,False,falsche_stelle,False,offerte_09_domizil_beratung_anon,confusable_offerte_09_domizil_beratung_anon_0092|offerte_09_domizil_beratung_anon|confusable_offerte_03_accounting_branch_anon_0198,0.0,0.0,3,1,0.6483,0.6424,2,confusable_offerte_09_domizil_beratung_anon_0092_chunk_0|offerte_09_domizil_beratung_anon_chunk_0|confusable_offerte_03_accounting_branch_anon_0198_chunk_0,0,0,3.17,0.0,3.17,ollama,True,CHF 4'250,,
2026-09-09T18:18:56,BUCH_05,buchhaltung,confusable,10,63,24,3,False,falsches_dokument,False,offerte_09_domizil_beratung_anon,offerte_05_stiftung_audit_anon|offerte_07_gruendung_domizil_anon|offerte_11_swiss_finish_anon,0.0,0.0,3,1,0.6524,0.6453,0,offerte_05_stiftung_audit_anon_chunk_2|offerte_07_gruendung_domizil_anon_chunk_1|offerte_11_swiss_finish_anon_chunk_1,0,0,3.15,0.0,3.15,ollama,True,CHF 3'400 - 3'800,,
2026-09-09T18:18:56,BUCH_06,buchhaltung,confusable,10,63,24,3,False,fehlgriff_confusable,False,offerte_10_accounting_medtech_anon,offerte_07_gruendung_domizil_anon|offerte_05_stiftung_audit_anon|confusable_offerte_13_holding_spaltung_anon_0040,0.0,0.0,3,1,0.6766,0.6676,1,offerte_07_gruendung_domizil_anon_chunk_1|offerte_05_stiftung_audit_anon_chunk_2|confusable_offerte_13_holding_spaltung_anon_0040_chunk_2,0,0,3.18,0.0,3.18,ollama,True,CHF 3'400 - 3'800,,
2026-09-09T18:18:56,LOHN_04,lohn,confusable,10,63,24,3,False,fehlgriff_confusable,False,offerte_10_accounting_medtech_anon,confusable_offerte_03_accounting_branch_anon_0198|offerte_11_swiss_finish_anon|offerte_03_accounting_branch_anon,0.0,0.0,3,1,0.6308,0.6214,1,confusable_offerte_03_accounting_branch_anon_0198_chunk_0|offerte_11_swiss_finish_anon_chunk_0|offerte_03_accounting_branch_anon_chunk_0,0,0,3.16,0.0,3.16,ollama,True,CHF 1'000,,
2026-09-09T18:18:56,BUCH_07,buchhaltung,confusable,10,63,24,3,False,falsche_stelle,False,offerte_11_swiss_finish_anon,offerte_11_swiss_finish_anon|confusable_offerte_03_accounting_branch_anon_0198|offerte_03_accounting_branch_anon,0.0,0.0,3,1,0.733,0.7218,1,offerte_11_swiss_finish_anon_chunk_1|confusable_offerte_03_accounting_branch_anon_0198_chunk_1|offerte_03_accounting_branch_anon_chunk_1,0,0,3.14,0.0,3.14,ollama,True,CHF 210,,
2026-09-09T18:18:56,MWST_03,mwst,confusable,10,63,24,3,False,falsche_stelle,False,offerte_11_swiss_finish_anon,offerte_11_swiss_finish_anon|offerte_07_gruendung_domizil_anon|offerte_03_accounting_branch_anon,0.0,0.0,3,1,0.6868,0.6577,0,offerte_11_swiss_finish_anon_chunk_0|offerte_07_gruendung_domizil_anon_chunk_1|offerte_03_accounting_branch_anon_chunk_0,0,0,3.17,0.0,3.17,ollama,True,CHF 2'550,,
2026-09-09T18:18:56,SETUP_05,setup,confusable,10,63,24,3,False,falsche_stelle,False,offerte_11_swiss_finish_anon,offerte_11_swiss_finish_anon|confusable_offerte_13_holding_spaltung_anon_0040|offerte_13_holding_spaltung_anon,0.0,0.0,3,1,0.6062,0.5887,1,offerte_11_swiss_finish_anon_chunk_0|confusable_offerte_13_holding_spaltung_anon_0040_chunk_2|offerte_13_holding_spaltung_anon_chunk_2,0,0,3.16,0.0,3.16,ollama,True,CHF 340,,
2026-09-09T18:18:56,BUCH_08,buchhaltung,confusable,10,63,24,3,False,falsche_stelle,False,offerte_12_lohn_reinigung_anon,offerte_01_lohn_gross_anon|offerte_14_buchhaltung_klein_anon|offerte_12_lohn_reinigung_anon,0.0,0.0,3,1,0.7331,0.7218,0,offerte_01_lohn_gross_anon_chunk_0|offerte_14_buchhaltung_klein_anon_chunk_0|offerte_12_lohn_reinigung_anon_chunk_0,0,0,3.14,0.0,3.14,ollama,True,CHF 2'550 - 3'000,,
2026-09-09T18:18:56,LOHN_05,lohn,confusable,10,63,24,3,False,falsche_stelle,False,offerte_12_lohn_reinigung_anon,offerte_01_lohn_gross_anon|offerte_12_lohn_reinigung_anon|offerte_14_buchhaltung_klein_anon,0.0,0.0,3,1,0.7668,0.7586,0,offerte_01_lohn_gross_anon_chunk_0|offerte_12_lohn_reinigung_anon_chunk_0|offerte_14_buchhaltung_klein_anon_chunk_0,0,0,3.2,0.0,3.2,ollama,True,CHF 600 - 1'000,,
2026-09-09T18:18:56,SETUP_06,setup,confusable,10,63,24,3,False,falsche_stelle,False,offerte_12_lohn_reinigung_anon,offerte_01_lohn_gross_anon|offerte_12_lohn_reinigung_anon|offerte_14_buchhaltung_klein_anon,0.0,0.0,3,1,0.7273,0.706,0,offerte_01_lohn_gross_anon_chunk_0|offerte_12_lohn_reinigung_anon_chunk_0|offerte_14_buchhaltung_klein_anon_chunk_0,0,0,3.14,0.0,3.14,ollama,True,CHF 420 - 640,,
2026-09-09T18:18:56,BUCH_09,buchhaltung,confusable,10,63,24,3,False,falsches_dokument,False,offerte_13_holding_spaltung_anon,offerte_05_stiftung_audit_anon|offerte_07_gruendung_domizil_anon|offerte_11_swiss_finish_anon,0.0,0.0,3,1,0.6601,0.6558,0,offerte_05_stiftung_audit_anon_chunk_2|offerte_07_gruendung_domizil_anon_chunk_1|offerte_11_swiss_finish_anon_chunk_1,0,0,3.17,0.0,3.17,ollama,True,CHF 2'550 - 3'000,,
2026-09-09T18:18:56,SONST_01,sonstiges,confusable,10,63,24,3,True,richtig,False,offerte_13_holding_spaltung_anon,offerte_13_holding_spaltung_anon|confusable_offerte_13_holding_spaltung_anon_0040|offerte_05_stiftung_audit_anon,0.3333,1.0,3,1,0.6525,0.6394,1,offerte_13_holding_spaltung_anon_chunk_2|confusable_offerte_13_holding_spaltung_anon_0040_chunk_2|offerte_05_stiftung_audit_anon_chunk_2,0,0,3.15,0.0,3.15,ollama,True,CHF 1'700,,
2026-09-09T18:18:56,BUCH_10,buchhaltung,confusable,10,63,24,3,True,richtig,False,offerte_14_buchhaltung_klein_anon,offerte_14_buchhaltung_klein_anon|offerte_01_lohn_gross_anon|confusable_offerte_14_buchhaltung_klein_anon_0111,0.3333,1.0,3,1,0.6815,0.6775,1,offerte_14_buchhaltung_klein_anon_chunk_1|offerte_01_lohn_gross_anon_chunk_1|confusable_offerte_14_buchhaltung_klein_anon_0111_chunk_1,0,0,3.16,0.0,3.16,ollama,True,CHF 850 - 1'300,,
2026-09-09T18:18:56,STEU_03,steuern,confusable,10,63,24,3,False,falsche_stelle,False,offerte_14_buchhaltung_klein_anon,offerte_01_lohn_gross_anon|offerte_14_buchhaltung_klein_anon|confusable_offerte_04_revision_anon_0073,0.0,0.0,3,1,0.7572,0.7433,1,offerte_01_lohn_gross_anon_chunk_0|offerte_14_buchhaltung_klein_anon_chunk_0|confusable_offerte_04_revision_anon_0073_chunk_0,0,0,3.2,0.0,3.2,ollama,True,CHF 640,,
2026-09-09T18:18:56,UNB_01,unbeantwortbar,confusable,10,63,24,3,False,material_fuer_halluzination,True,,offerte_12_lohn_reinigung_anon|confusable_offerte_06_gruendung_klein_anon_0187|offerte_14_buchhaltung_klein_anon,0.0,0.0,3,0,0.6655,0.6621,1,offerte_12_lohn_reinigung_anon_chunk_0|confusable_offerte_06_gruendung_klein_anon_0187_chunk_0|offerte_14_buchhaltung_klein_anon_chunk_0,0,0,3.15,0.0,3.15,ollama,True,nicht in den Unterlagen,,
2026-09-09T18:18:56,UNB_02,unbeantwortbar,confusable,10,63,24,3,False,material_fuer_halluzination,True,,offerte_01_lohn_gross_anon|confusable_offerte_06_gruendung_klein_anon_0187|offerte_08_gruendung_vr_anon,0.0,0.0,3,0,0.6035,0.5978,1,offerte_01_lohn_gross_anon_chunk_0|confusable_offerte_06_gruendung_klein_anon_0187_chunk_0|offerte_08_gruendung_vr_anon_chunk_0,0,0,3.14,0.0,3.14,ollama,True,nicht in den Unterlagen,,
2026-09-09T18:18:56,UNB_03,unbeantwortbar,confusable,10,63,24,3,False,material_fuer_halluzination,True,,offerte_08_gruendung_vr_anon|confusable_offerte_06_gruendung_klein_anon_0187|confusable_offerte_14_buchhaltung_klein_anon_0111,0.0,0.0,3,0,0.6503,0.6358,2,offerte_08_gruendung_vr_anon_chunk_0|confusable_offerte_06_gruendung_klein_anon_0187_chunk_0|confusable_offerte_14_buchhaltung_klein_anon_0111_chunk_0,0,0,3.15,0.0,3.15,ollama,True,nicht in den Unterlagen,,
2026-09-09T18:18:56,UNB_04,unbeantwortbar,confusable,10,63,24,3,False,material_fuer_halluzination,True,,offerte_14_buchhaltung_klein_anon|confusable_offerte_14_buchhaltung_klein_anon_0111|offerte_08_gruendung_vr_anon,0.0,0.0,3,0,0.6694,0.6656,1,offerte_14_buchhaltung_klein_anon_chunk_1|confusable_offerte_14_buchhaltung_klein_anon_0111_chunk_1|offerte_08_gruendung_vr_anon_chunk_0,0,0,3.13,0.0,3.13,ollama,True,nicht in den Unterlagen,,
2026-09-09T18:18:56,UNB_05,unbeantwortbar,confusable,10,63,24,3,False,material_fuer_halluzination,True,,offerte_14_buchhaltung_klein_anon|offerte_01_lohn_gross_anon|offerte_12_lohn_reinigung_anon,0.0,0.0,3,0,0.6542,0.6495,0,offerte_14_buchhaltung_klein_anon_chunk_0|offerte_01_lohn_gross_anon_chunk_0|offerte_12_lohn_reinigung_anon_chunk_0,0,0,3.2,0.0,3.2,ollama,True,nicht in den Unterlagen,,
2026-09-09T18:19:08,LOHN_01,lohn,confusable,50,161,64,1,False,falsche_stelle,False,offerte_01_lohn_gross_anon,offerte_01_lohn_gross_anon|confusable_offerte_12_lohn_reinigung_anon_0123|confusable_offerte_01_lohn_gross_anon_0168,0.0,0.0,3,1,0.7905,0.7828,2,offerte_01_lohn_gross_anon_chunk_0|confusable_offerte_12_lohn_reinigung_anon_0123_chunk_0|confusable_offerte_01_lohn_gross_anon_0168_chunk_0,0,0,8.02,0.0,8.02,ollama,True,CHF 680,,
2026-09-09T18:19:08,BUCH_01,buchhaltung,confusable,50,161,64,1,True,richtig,False,offerte_01_lohn_gross_anon,confusable_offerte_01_lohn_gross_anon_0168|offerte_01_lohn_gross_anon|confusable_offerte_01_lohn_gross_anon_0014,0.3333,1.0,3,1,0.6516,0.6478,2,confusable_offerte_01_lohn_gross_anon_0168_chunk_1|offerte_01_lohn_gross_anon_chunk_1|confusable_offerte_01_lohn_gross_anon_0014_chunk_1,0,0,8.0,0.0,8.0,ollama,True,CHF 12'750 - 15'300,,
2026-09-09T18:19:08,MWST_01,mwst,confusable,50,161,64,1,False,falsche_stelle,False,offerte_01_lohn_gross_anon,confusable_offerte_01_lohn_gross_anon_0168|offerte_01_lohn_gross_anon|confusable_offerte_14_buchhaltung_klein_anon_0181,0.0,0.0,3,1,0.7886,0.7855,2,confusable_offerte_01_lohn_gross_anon_0168_chunk_0|offerte_01_lohn_gross_anon_chunk_0|confusable_offerte_14_buchhaltung_klein_anon_0181_chunk_0,0,0,7.99,0.0,7.99,ollama,True,CHF 1'300,,
2026-09-09T18:19:08,STEU_01,steuern,confusable,50,161,64,1,False,falsche_stelle,False,offerte_01_lohn_gross_anon,confusable_offerte_01_lohn_gross_anon_0168|offerte_01_lohn_gross_anon|confusable_offerte_14_buchhaltung_klein_anon_0181,0.0,0.0,3,1,0.7765,0.7684,2,confusable_offerte_01_lohn_gross_anon_0168_chunk_0|offerte_01_lohn_gross_anon_chunk_0|confusable_offerte_14_buchhaltung_klein_anon_0181_chunk_0,0,0,8.0,0.0,8.0,ollama,True,CHF 850,,
2026-09-09T18:19:08,SETUP_01,setup,confusable,50,161,64,1,False,falsche_stelle,False,offerte_01_lohn_gross_anon,offerte_01_lohn_gross_anon|confusable_offerte_01_lohn_gross_anon_0154|confusable_offerte_01_lohn_gross_anon_0014,0.0,0.0,3,1,0.7224,0.7061,2,offerte_01_lohn_gross_anon_chunk_0|confusable_offerte_01_lohn_gross_anon_0154_chunk_0|confusable_offerte_01_lohn_gross_anon_0014_chunk_0,0,0,7.95,0.0,7.95,ollama,True,CHF 420,,
2026-09-09T18:19:08,SETUP_02,setup,confusable,50,161,64,1,False,falsche_stelle,False,offerte_01_lohn_gross_anon,offerte_01_lohn_gross_anon|confusable_offerte_01_lohn_gross_anon_0014|confusable_offerte_01_lohn_gross_anon_0154,0.0,0.0,3,1,0.7594,0.732,2,offerte_01_lohn_gross_anon_chunk_0|confusable_offerte_01_lohn_gross_anon_0014_chunk_0|confusable_offerte_01_lohn_gross_anon_0154_chunk_0,0,0,8.02,0.0,8.02,ollama,True,CHF 640,,
2026-09-09T18:19:08,RATE_01,stundensatz,confusable,50,161,64,1,True,richtig,False,offerte_01_lohn_gross_anon,confusable_offerte_01_lohn_gross_anon_0168|offerte_01_lohn_gross_anon|confusable_offerte_14_buchhaltung_klein_anon_0181,0.3333,1.0,3,1,0.7791,0.7763,2,confusable_offerte_01_lohn_gross_anon_0168_chunk_0|offerte_01_lohn_gross_anon_chunk_0|confusable_offerte_14_buchhaltung_klein_anon_0181_chunk_0,0,0,7.96,0.0,7.96,ollama,True,CHF 140,,
2026-09-09T18:19:08,BUCH_02,buchhaltung,confusable,50,161,64,1,False,fehlgriff_confusable,False,offerte_02_accounting_intl_anon,confusable_offerte_07_gruendung_domizil_anon_0062|confusable_offerte_05_stiftung_audit_anon_0130|confusable_offerte_07_gruendung_domizil_anon_0188,0.0,0.0,3,1,0.6585,0.6583,3,confusable_offerte_07_gruendung_domizil_anon_0062_chunk_1|confusable_offerte_05_stiftung_audit_anon_0130_chunk_2|confusable_offerte_07_gruendung_domizil_anon_0188_chunk_1,0,0,7.98,0.0,7.98,ollama,True,CHF 1'700 - 2'100,,
2026-09-09T18:19:08,LOHN_02,lohn,confusable,50,161,64,1,False,fehlgriff_confusable,False,offerte_02_accounting_intl_anon,confusable_offerte_03_accounting_branch_anon_0156|confusable_offerte_03_accounting_branch_anon_0002|offerte_03_accounting_branch_anon,0.0,0.0,3,1,0.6175,0.6132,2,confusable_offerte_03_accounting_branch_anon_0156_chunk_0|confusable_offerte_03_accounting_branch_anon_0002_chunk_0|offerte_03_accounting_branch_anon_chunk_0,0,0,7.94,0.0,7.94,ollama,True,CHF 1'000,,
2026-09-09T18:19:08,SETUP_03,setup,confusable,50,161,64,1,False,falsche_stelle,False,offerte_02_accounting_intl_anon,offerte_02_accounting_intl_anon|confusable_offerte_07_gruendung_domizil_anon_0188|confusable_offerte_07_gruendung_domizil_anon_0034,0.0,0.0,3,1,0.6348,0.6334,2,offerte_02_accounting_intl_anon_chunk_0|confusable_offerte_07_gruendung_domizil_anon_0188_chunk_1|confusable_offerte_07_gruendung_domizil_anon_0034_chunk_1,0,0,8.0,0.0,8.0,ollama,True,CHF 1'300,,
2026-09-09T18:19:09,MWST_02,mwst,confusable,50,161,64,1,False,falsche_stelle,False,offerte_02_accounting_intl_anon,offerte_02_accounting_intl_anon|confusable_offerte_07_gruendung_domizil_anon_0188|offerte_07_gruendung_domizil_anon,0.0,0.0,3,1,0.6487,0.6462,1,offerte_02_accounting_intl_anon_chunk_0|confusable_offerte_07_gruendung_domizil_anon_0188_chunk_1|offerte_07_gruendung_domizil_anon_chunk_1,0,0,7.98,0.0,7.98,ollama,True,CHF 850,,
2026-09-09T18:19:09,VERS_01,versicherung,confusable,50,161,64,1,False,falsche_stelle,False,offerte_02_accounting_intl_anon,offerte_11_swiss_finish_anon|confusable_offerte_11_swiss_finish_anon_0010|offerte_02_accounting_intl_anon,0.0,0.0,3,1,0.6259,0.6243,1,offerte_11_swiss_finish_anon_chunk_0|confusable_offerte_11_swiss_finish_anon_0010_chunk_0|offerte_02_accounting_intl_anon_chunk_0,0,0,7.96,0.0,7.96,ollama,True,CHF 850 - 1'700,,
2026-09-09T18:19:09,BUCH_03,buchhaltung,confusable,50,161,64,1,False,falsche_stelle,False,offerte_03_accounting_branch_anon,offerte_03_accounting_branch_anon|offerte_13_holding_spaltung_anon|confusable_offerte_13_holding_spaltung_anon_0068,0.0,0.0,3,1,0.6963,0.6835,1,offerte_03_accounting_branch_anon_chunk_0|offerte_13_holding_spaltung_anon_chunk_2|confusable_offerte_13_holding_spaltung_anon_0068_chunk_2,0,0,7.92,0.0,7.92,ollama,True,CHF 3'400 - 3'800,,
2026-09-09T18:19:09,SETUP_04,setup,confusable,50,161,64,1,False,falsche_stelle,False,offerte_03_accounting_branch_anon,offerte_03_accounting_branch_anon|confusable_offerte_03_accounting_branch_anon_0072|confusable_offerte_03_accounting_branch_anon_0044,0.0,0.0,3,1,0.6634,0.6436,2,offerte_03_accounting_branch_anon_chunk_0|confusable_offerte_03_accounting_branch_anon_0072_chunk_0|confusable_offerte_03_accounting_branch_anon_0044_chunk_0,0,0,8.03,0.0,8.03,ollama,True,CHF 1'300,,
2026-09-09T18:19:09,STEU_02,steuern,confusable,50,161,64,1,False,falsche_stelle,False,offerte_03_accounting_branch_anon,offerte_03_accounting_branch_anon|offerte_13_holding_spaltung_anon|confusable_offerte_13_holding_spaltung_anon_0166,0.0,0.0,3,1,0.6383,0.6343,1,offerte_03_accounting_branch_anon_chunk_0|offerte_13_holding_spaltung_anon_chunk_2|confusable_offerte_13_holding_spaltung_anon_0166_chunk_2,0,0,8.07,0.0,8.07,ollama,True,CHF 850,,
2026-09-09T18:19:09,REV_01,revision,confusable,50,161,64,1,True,richtig,False,offerte_04_revision_anon,offerte_04_revision_anon|confusable_offerte_04_revision_anon_0045|confusable_offerte_04_revision_anon_0129,0.3333,1.0,3,1,0.8388,0.827,2,offerte_04_revision_anon_chunk_0|confusable_offerte_04_revision_anon_0045_chunk_0|confusable_offerte_04_revision_anon_0129_chunk_0,0,0,8.06,0.0,8.06,ollama,True,CHF 3'250,,
2026-09-09T18:19:09,REV_02,revision,confusable,50,161,64,1,False,fehlgriff_confusable,False,offerte_04_revision_anon,confusable_offerte_08_gruendung_vr_anon_0147|confusable_offerte_06_gruendung_klein_anon_0061|confusable_offerte_06_gruendung_klein_anon_0187,0.0,0.0,3,1,0.6432,0.6375,3,confusable_offerte_08_gruendung_vr_anon_0147_chunk_0|confusable_offerte_06_gruendung_klein_anon_0061_chunk_0|confusable_offerte_06_gruendung_klein_anon_0187_chunk_0,0,0,8.08,0.0,8.08,ollama,True,CHF 1'300,,
2026-09-09T18:19:09,AUD_01,revision,confusable,50,161,64,1,True,richtig,False,offerte_05_stiftung_audit_anon,offerte_05_stiftung_audit_anon|confusable_offerte_05_stiftung_audit_anon_0130,0.3333,1.0,3,1,0.6236,0.6125,1,offerte_05_stiftung_audit_anon_chunk_0|offerte_05_stiftung_audit_anon_chunk_2|confusable_offerte_05_stiftung_audit_anon_0130_chunk_2,0,0,8.08,0.0,8.08,ollama,True,CHF 1'550 - 2'100,,
2026-09-09T18:19:09,AUD_02,revision,confusable,50,161,64,1,True,richtig,False,offerte_05_stiftung_audit_anon,confusable_offerte_05_stiftung_audit_anon_0130|confusable_offerte_05_stiftung_audit_anon_0116|offerte_05_stiftung_audit_anon,0.3333,1.0,3,1,0.6698,0.6691,2,confusable_offerte_05_stiftung_audit_anon_0130_chunk_2|confusable_offerte_05_stiftung_audit_anon_0116_chunk_2|offerte_05_stiftung_audit_anon_chunk_2,0,0,8.01,0.0,8.01,ollama,True,CHF 3'800 - 4'700,,
2026-09-09T18:19:09,LOHN_03,lohn,confusable,50,161,64,1,False,falsche_stelle,False,offerte_05_stiftung_audit_anon,confusable_offerte_05_stiftung_audit_anon_0046|offerte_05_stiftung_audit_anon|offerte_02_accounting_intl_anon,0.0,0.0,3,1,0.6281,0.6249,1,confusable_offerte_05_stiftung_audit_anon_0046_chunk_0|offerte_05_stiftung_audit_anon_chunk_0|offerte_02_accounting_intl_anon_chunk_2,0,0,8.05,0.0,8.05,ollama,True,CHF 760,,
2026-09-09T18:19:09,GRUE_01,gruendung,confusable,50,161,64,1,True,richtig,False,offerte_06_gruendung_klein_anon,offerte_06_gruendung_klein_anon|offerte_08_gruendung_vr_anon|confusable_offerte_08_gruendung_vr_anon_0147,0.3333,1.0,3,1,0.6768,0.6718,1,offerte_06_gruendung_klein_anon_chunk_0|offerte_08_gruendung_vr_anon_chunk_0|confusable_offerte_08_gruendung_vr_anon_0147_chunk_0,0,0,8.02,0.0,8.02,ollama,True,CHF 1'700,,
2026-09-09T18:19:09,BUCH_04,buchhaltung,confusable,50,161,64,1,False,fehlgriff_confusable,False,offerte_06_gruendung_klein_anon,confusable_offerte_01_lohn_gross_anon_0014|confusable_offerte_01_lohn_gross_anon_0154|offerte_01_lohn_gross_anon,0.0,0.0,3,1,0.6921,0.6881,2,confusable_offerte_01_lohn_gross_anon_0014_chunk_1|confusable_offerte_01_lohn_gross_anon_0154_chunk_1|offerte_01_lohn_gross_anon_chunk_1,0,0,8.07,0.0,8.07,ollama,True,CHF 1'700 - 2'550,,
2026-09-09T18:19:09,VERS_02,versicherung,confusable,50,161,64,1,False,fehlgriff_confusable,False,offerte_06_gruendung_klein_anon,confusable_offerte_12_lohn_reinigung_anon_0123|confusable_offerte_14_buchhaltung_klein_anon_0181|offerte_12_lohn_reinigung_anon,0.0,0.0,3,1,0.7189,0.6985,2,confusable_offerte_12_lohn_reinigung_anon_0123_chunk_0|confusable_offerte_14_buchhaltung_klein_anon_0181_chunk_0|offerte_12_lohn_reinigung_anon_chunk_0,0,0,8.0,0.0,8.0,ollama,True,CHF 210,,
2026-09-09T18:19:09,GRUE_02,gruendung,confusable,50,161,64,1,True,richtig,False,offerte_07_gruendung_domizil_anon,confusable_offerte_07_gruendung_domizil_anon_0188|offerte_07_gruendung_domizil_anon|confusable_offerte_07_gruendung_domizil_anon_0034,0.3333,1.0,3,1,0.6328,0.6321,2,confusable_offerte_07_gruendung_domizil_anon_0188_chunk_1|offerte_07_gruendung_domizil_anon_chunk_1|confusable_offerte_07_gruendung_domizil_anon_0034_chunk_1,0,0,7.99,0.0,7.99,ollama,True,CHF 2'100,,
2026-09-09T18:19:09,VR_01,verwaltungsrat,confusable,50,161,64,1,False,fehlgriff_confusable,False,offerte_07_gruendung_domizil_anon,offerte_11_swiss_finish_anon|confusable_offerte_11_swiss_finish_anon_0122|confusable_offerte_11_swiss_finish_anon_0080,0.0,0.0,3,1,0.6273,0.6271,2,offerte_11_swiss_finish_anon_chunk_1|confusable_offerte_11_swiss_finish_anon_0122_chunk_1|confusable_offerte_11_swiss_finish_anon_0080_chunk_1,0,0,8.08,0.0,8.08,ollama,True,CHF 4'250,,
2026-09-09T18:19:09,DOM_01,domizil,confusable,50,161,64,1,False,fehlgriff_confusable,False,offerte_07_gruendung_domizil_anon,confusable_offerte_09_domizil_beratung_anon_0092|offerte_09_domizil_beratung_anon|confusable_offerte_07_gruendung_domizil_anon_0062,0.0,0.0,3,1,0.6591,0.6533,2,confusable_offerte_09_domizil_beratung_anon_0092_chunk_0|offerte_09_domizil_beratung_anon_chunk_0|confusable_offerte_07_gruendung_domizil_anon_0062_chunk_0,0,0,8.1,0.0,8.1,ollama,True,CHF 1'700,,
2026-09-09T18:19:09,VR_02,verwaltungsrat,confusable,50,161,64,1,False,falsche_stelle,False,offerte_08_gruendung_vr_anon,confusable_offerte_08_gruendung_vr_anon_0147|offerte_08_gruendung_vr_anon|confusable_offerte_04_revision_anon_0157,0.0,0.0,3,1,0.6702,0.6674,2,confusable_offerte_08_gruendung_vr_anon_0147_chunk_0|offerte_08_gruendung_vr_anon_chunk_0|confusable_offerte_04_revision_anon_0157_chunk_0,0,0,8.14,0.0,8.14,ollama,True,CHF 5'500,,
2026-09-09T18:19:09,DOM_02,domizil,confusable,50,161,64,1,True,richtig,False,offerte_08_gruendung_vr_anon,offerte_08_gruendung_vr_anon|confusable_offerte_08_gruendung_vr_anon_0147|confusable_offerte_08_gruendung_vr_anon_0189,0.3333,1.0,3,1,0.7624,0.755,2,offerte_08_gruendung_vr_anon_chunk_0|confusable_offerte_08_gruendung_vr_anon_0147_chunk_0|confusable_offerte_08_gruendung_vr_anon_0189_chunk_0,0,0,8.13,0.0,8.13,ollama,True,CHF 2'100,,
2026-09-09T18:19:09,DOM_03,domizil,confusable,50,161,64,1,False,falsche_stelle,False,offerte_09_domizil_beratung_anon,offerte_09_domizil_beratung_anon|confusable_offerte_09_domizil_beratung_anon_0092|confusable_offerte_09_domizil_beratung_anon_0120,0.0,0.0,3,1,0.6605,0.6581,2,offerte_09_domizil_beratung_anon_chunk_0|confusable_offerte_09_domizil_beratung_anon_0092_chunk_0|confusable_offerte_09_domizil_beratung_anon_0120_chunk_0,0,0,8.13,0.0,8.13,ollama,True,CHF 1'300,,
2026-09-09T18:19:09,DOM_04,domizil,confusable,50,161,64,1,False,falsche_stelle,False,offerte_09_domizil_beratung_anon,offerte_09_domizil_beratung_anon|confusable_offerte_09_domizil_beratung_anon_0092|confusable_offerte_09_domizil_beratung_anon_0120,0.0,0.0,3,1,0.6398,0.6375,2,offerte_09_domizil_beratung_anon_chunk_0|confusable_offerte_09_domizil_beratung_anon_0092_chunk_0|confusable_offerte_09_domizil_beratung_anon_0120_chunk_0,0,0,8.13,0.0,8.13,ollama,True,CHF 3'400,,
2026-09-09T18:19:09,VR_03,verwaltungsrat,confusable,50,161,64,1,False,fehlgriff_confusable,False,offerte_09_domizil_beratung_anon,confusable_offerte_09_domizil_beratung_anon_0092|confusable_offerte_07_gruendung_domizil_anon_0062|confusable_offerte_05_stiftung_audit_anon_0046,0.0,0.0,3,1,0.6483,0.6469,3,confusable_offerte_09_domizil_beratung_anon_0092_chunk_0|confusable_offerte_07_gruendung_domizil_anon_0062_chunk_0|confusable_offerte_05_stiftung_audit_anon_0046_chunk_0,0,0,8.13,0.0,8.13,ollama,True,CHF 4'250,,
2026-09-09T18:19:09,BUCH_05,buchhaltung,confusable,50,161,64,1,False,fehlgriff_confusable,False,offerte_09_domizil_beratung_anon,confusable_offerte_05_stiftung_audit_anon_0130|confusable_offerte_05_stiftung_audit_anon_0116|offerte_05_stiftung_audit_anon,0.0,0.0,3,1,0.653,0.6528,2,confusable_offerte_05_stiftung_audit_anon_0130_chunk_2|confusable_offerte_05_stiftung_audit_anon_0116_chunk_2|offerte_05_stiftung_audit_anon_chunk_2,0,0,8.15,0.0,8.15,ollama,True,CHF 3'400 - 3'800,,
2026-09-09T18:19:09,BUCH_06,buchhaltung,confusable,50,161,64,1,False,fehlgriff_confusable,False,offerte_10_accounting_medtech_anon,confusable_offerte_07_gruendung_domizil_anon_0188|offerte_07_gruendung_domizil_anon|confusable_offerte_07_gruendung_domizil_anon_0062,0.0,0.0,3,1,0.6776,0.6769,2,confusable_offerte_07_gruendung_domizil_anon_0188_chunk_1|offerte_07_gruendung_domizil_anon_chunk_1|confusable_offerte_07_gruendung_domizil_anon_0062_chunk_1,0,0,8.16,0.0,8.16,ollama,True,CHF 3'400 - 3'800,,
2026-09-09T18:19:09,LOHN_04,lohn,confusable,50,161,64,1,False,fehlgriff_confusable,False,offerte_10_accounting_medtech_anon,confusable_offerte_03_accounting_branch_anon_0156|confusable_offerte_03_accounting_branch_anon_0002|offerte_11_swiss_finish_anon,0.0,0.0,3,1,0.6258,0.6215,2,confusable_offerte_03_accounting_branch_anon_0156_chunk_0|confusable_offerte_03_accounting_branch_anon_0002_chunk_0|offerte_11_swiss_finish_anon_chunk_0,0,0,8.18,0.0,8.18,ollama,True,CHF 1'000,,
2026-09-09T18:19:09,BUCH_07,buchhaltung,confusable,50,161,64,1,False,fehlgriff_confusable,False,offerte_11_swiss_finish_anon,confusable_offerte_11_swiss_finish_anon_0080|confusable_offerte_11_swiss_finish_anon_0010|confusable_offerte_11_swiss_finish_anon_0052,0.0,0.0,3,1,0.7355,0.735,3,confusable_offerte_11_swiss_finish_anon_0080_chunk_1|confusable_offerte_11_swiss_finish_anon_0010_chunk_1|confusable_offerte_11_swiss_finish_anon_0052_chunk_1,0,0,8.12,0.0,8.12,ollama,True,CHF 210,,
2026-09-09T18:19:09,MWST_03,mwst,confusable,50,161,64,1,False,falsche_stelle,False,offerte_11_swiss_finish_anon,offerte_11_swiss_finish_anon|confusable_offerte_11_swiss_finish_anon_0010|confusable_offerte_11_swiss_finish_anon_0052,0.0,0.0,3,1,0.6868,0.6761,2,offerte_11_swiss_finish_anon_chunk_0|confusable_offerte_11_swiss_finish_anon_0010_chunk_0|confusable_offerte_11_swiss_finish_anon_0052_chunk_0,0,0,8.16,0.0,8.16,ollama,True,CHF 2'550,,
2026-09-09T18:19:09,SETUP_05,setup,confusable,50,161,64,1,False,falsche_stelle,False,offerte_11_swiss_finish_anon,offerte_11_swiss_finish_anon|confusable_offerte_11_swiss_finish_anon_0010|confusable_offerte_11_swiss_finish_anon_0122,0.0,0.0,3,1,0.6062,0.5907,2,offerte_11_swiss_finish_anon_chunk_0|confusable_offerte_11_swiss_finish_anon_0010_chunk_0|confusable_offerte_11_swiss_finish_anon_0122_chunk_0,0,0,8.22,0.0,8.22,ollama,True,CHF 340,,
2026-09-09T18:19:09,BUCH_08,buchhaltung,confusable,50,161,64,1,False,fehlgriff_confusable,False,offerte_12_lohn_reinigung_anon,confusable_offerte_01_lohn_gross_anon_0168|offerte_01_lohn_gross_anon|confusable_offerte_12_lohn_reinigung_anon_0123,0.0,0.0,3,1,0.7339,0.7325,2,confusable_offerte_01_lohn_gross_anon_0168_chunk_0|offerte_01_lohn_gross_anon_chunk_0|confusable_offerte_12_lohn_reinigung_anon_0123_chunk_0,0,0,8.25,0.0,8.25,ollama,True,CHF 2'550 - 3'000,,
2026-09-09T18:19:09,LOHN_05,lohn,confusable,50,161,64,1,False,falsche_stelle,False,offerte_12_lohn_reinigung_anon,offerte_01_lohn_gross_anon|offerte_12_lohn_reinigung_anon|offerte_14_buchhaltung_klein_anon,0.0,0.0,3,1,0.7668,0.7586,0,offerte_01_lohn_gross_anon_chunk_0|offerte_12_lohn_reinigung_anon_chunk_0|offerte_14_buchhaltung_klein_anon_chunk_0,0,0,8.29,0.0,8.29,ollama,True,CHF 600 - 1'000,,
2026-09-09T18:19:09,SETUP_06,setup,confusable,50,161,64,1,False,fehlgriff_confusable,False,offerte_12_lohn_reinigung_anon,offerte_01_lohn_gross_anon|confusable_offerte_01_lohn_gross_anon_0014|confusable_offerte_12_lohn_reinigung_anon_0025,0.0,0.0,3,1,0.7273,0.7125,2,offerte_01_lohn_gross_anon_chunk_0|confusable_offerte_01_lohn_gross_anon_0014_chunk_0|confusable_offerte_12_lohn_reinigung_anon_0025_chunk_0,0,0,8.24,0.0,8.24,ollama,True,CHF 420 - 640,,
2026-09-09T18:19:09,BUCH_09,buchhaltung,confusable,50,161,64,1,False,fehlgriff_confusable,False,offerte_13_holding_spaltung_anon,confusable_offerte_05_stiftung_audit_anon_0130|offerte_05_stiftung_audit_anon|confusable_offerte_05_stiftung_audit_anon_0116,0.0,0.0,3,1,0.6609,0.6603,2,confusable_offerte_05_stiftung_audit_anon_0130_chunk_2|offerte_05_stiftung_audit_anon_chunk_2|confusable_offerte_05_stiftung_audit_anon_0116_chunk_2,0,0,8.25,0.0,8.25,ollama,True,CHF 2'550 - 3'000,,
2026-09-09T18:19:09,SONST_01,sonstiges,confusable,50,161,64,1,True,richtig,False,offerte_13_holding_spaltung_anon,offerte_13_holding_spaltung_anon|confusable_offerte_13_holding_spaltung_anon_0068|confusable_offerte_13_holding_spaltung_anon_0166,0.3333,1.0,3,1,0.6525,0.648,2,offerte_13_holding_spaltung_anon_chunk_2|confusable_offerte_13_holding_spaltung_anon_0068_chunk_2|confusable_offerte_13_holding_spaltung_anon_0166_chunk_2,0,0,8.27,0.0,8.27,ollama,True,CHF 1'700,,
2026-09-09T18:19:09,BUCH_10,buchhaltung,confusable,50,161,64,1,True,richtig,False,offerte_14_buchhaltung_klein_anon,offerte_14_buchhaltung_klein_anon|confusable_offerte_01_lohn_gross_anon_0168|confusable_offerte_01_lohn_gross_anon_0014,0.3333,1.0,3,1,0.6815,0.6808,2,offerte_14_buchhaltung_klein_anon_chunk_1|confusable_offerte_01_lohn_gross_anon_0168_chunk_1|confusable_offerte_01_lohn_gross_anon_0014_chunk_1,0,0,8.27,0.0,8.27,ollama,True,CHF 850 - 1'300,,
2026-09-09T18:19:09,STEU_03,steuern,confusable,50,161,64,1,False,fehlgriff_confusable,False,offerte_14_buchhaltung_klein_anon,confusable_offerte_01_lohn_gross_anon_0168|confusable_offerte_14_buchhaltung_klein_anon_0181|offerte_01_lohn_gross_anon,0.0,0.0,3,1,0.7719,0.7663,2,confusable_offerte_01_lohn_gross_anon_0168_chunk_0|confusable_offerte_14_buchhaltung_klein_anon_0181_chunk_0|offerte_01_lohn_gross_anon_chunk_0,0,0,8.29,0.0,8.29,ollama,True,CHF 640,,
2026-09-09T18:19:09,UNB_01,unbeantwortbar,confusable,50,161,64,1,False,material_fuer_halluzination,True,,confusable_offerte_12_lohn_reinigung_anon_0137|confusable_offerte_12_lohn_reinigung_anon_0025|confusable_offerte_05_stiftung_audit_anon_0116,0.0,0.0,3,0,0.6805,0.6793,3,confusable_offerte_12_lohn_reinigung_anon_0137_chunk_0|confusable_offerte_12_lohn_reinigung_anon_0025_chunk_0|confusable_offerte_05_stiftung_audit_anon_0116_chunk_0,0,0,8.26,0.0,8.26,ollama,True,nicht in den Unterlagen,,
2026-09-09T18:19:09,UNB_02,unbeantwortbar,confusable,50,161,64,1,False,material_fuer_halluzination,True,,confusable_offerte_01_lohn_gross_anon_0154|confusable_offerte_01_lohn_gross_anon_0014|confusable_offerte_08_gruendung_vr_anon_0147,0.0,0.0,3,0,0.6077,0.6067,3,confusable_offerte_01_lohn_gross_anon_0154_chunk_0|confusable_offerte_01_lohn_gross_anon_0014_chunk_0|confusable_offerte_08_gruendung_vr_anon_0147_chunk_0,0,0,8.26,0.0,8.26,ollama,True,nicht in den Unterlagen,,
2026-09-09T18:19:09,UNB_03,unbeantwortbar,confusable,50,161,64,1,False,material_fuer_halluzination,True,,offerte_08_gruendung_vr_anon|confusable_offerte_08_gruendung_vr_anon_0147|confusable_offerte_08_gruendung_vr_anon_0189,0.0,0.0,3,0,0.6503,0.6469,2,offerte_08_gruendung_vr_anon_chunk_0|confusable_offerte_08_gruendung_vr_anon_0147_chunk_0|confusable_offerte_08_gruendung_vr_anon_0189_chunk_0,0,0,8.27,0.0,8.27,ollama,True,nicht in den Unterlagen,,
2026-09-09T18:19:09,UNB_04,unbeantwortbar,confusable,50,161,64,1,False,material_fuer_halluzination,True,,offerte_14_buchhaltung_klein_anon|confusable_offerte_05_stiftung_audit_anon_0116|confusable_offerte_14_buchhaltung_klein_anon_0125,0.0,0.0,3,0,0.6694,0.6686,2,offerte_14_buchhaltung_klein_anon_chunk_1|confusable_offerte_05_stiftung_audit_anon_0116_chunk_0|confusable_offerte_14_buchhaltung_klein_anon_0125_chunk_1,0,0,8.42,0.0,8.42,ollama,True,nicht in den Unterlagen,,
2026-09-09T18:19:09,UNB_05,unbeantwortbar,confusable,50,161,64,1,False,material_fuer_halluzination,True,,confusable_offerte_14_buchhaltung_klein_anon_0125|confusable_offerte_01_lohn_gross_anon_0014|offerte_14_buchhaltung_klein_anon,0.0,0.0,3,0,0.6652,0.6601,2,confusable_offerte_14_buchhaltung_klein_anon_0125_chunk_0|confusable_offerte_01_lohn_gross_anon_0014_chunk_0|offerte_14_buchhaltung_klein_anon_chunk_0,0,0,8.54,0.0,8.54,ollama,True,nicht in den Unterlagen,,
2026-09-09T18:19:20,LOHN_01,lohn,confusable,50,165,64,2,False,falsche_stelle,False,offerte_01_lohn_gross_anon,offerte_01_lohn_gross_anon|confusable_offerte_01_lohn_gross_anon_0126|confusable_offerte_12_lohn_reinigung_anon_0067,0.0,0.0,3,1,0.7905,0.7861,2,offerte_01_lohn_gross_anon_chunk_0|confusable_offerte_01_lohn_gross_anon_0126_chunk_0|confusable_offerte_12_lohn_reinigung_anon_0067_chunk_0,0,0,8.2,0.0,8.2,ollama,True,CHF 680,,
2026-09-09T18:19:20,BUCH_01,buchhaltung,confusable,50,165,64,2,False,fehlgriff_confusable,False,offerte_01_lohn_gross_anon,confusable_offerte_01_lohn_gross_anon_0042|confusable_offerte_01_lohn_gross_anon_0168|confusable_offerte_01_lohn_gross_anon_0070,0.0,0.0,3,1,0.6526,0.6516,3,confusable_offerte_01_lohn_gross_anon_0042_chunk_1|confusable_offerte_01_lohn_gross_anon_0168_chunk_1|confusable_offerte_01_lohn_gross_anon_0070_chunk_1,0,0,8.22,0.0,8.22,ollama,True,CHF 12'750 - 15'300,,
2026-09-09T18:19:20,MWST_01,mwst,confusable,50,165,64,2,False,fehlgriff_confusable,False,offerte_01_lohn_gross_anon,confusable_offerte_01_lohn_gross_anon_0126|confusable_offerte_01_lohn_gross_anon_0070|confusable_offerte_01_lohn_gross_anon_0168,0.0,0.0,3,1,0.7993,0.7937,3,confusable_offerte_01_lohn_gross_anon_0126_chunk_0|confusable_offerte_01_lohn_gross_anon_0070_chunk_0|confusable_offerte_01_lohn_gross_anon_0168_chunk_0,0,0,8.06,0.0,8.06,ollama,True,CHF 1'300,,
2026-09-09T18:19:20,STEU_01,steuern,confusable,50,165,64,2,False,fehlgriff_confusable,False,offerte_01_lohn_gross_anon,confusable_offerte_01_lohn_gross_anon_0126|confusable_offerte_01_lohn_gross_anon_0070|confusable_offerte_01_lohn_gross_anon_0168,0.0,0.0,3,1,0.7878,0.7823,3,confusable_offerte_01_lohn_gross_anon_0126_chunk_0|confusable_offerte_01_lohn_gross_anon_0070_chunk_0|confusable_offerte_01_lohn_gross_anon_0168_chunk_0,0,0,8.14,0.0,8.14,ollama,True,CHF 850,,
2026-09-09T18:19:20,SETUP_01,setup,confusable,50,165,64,2,False,falsche_stelle,False,offerte_01_lohn_gross_anon,offerte_01_lohn_gross_anon|confusable_offerte_01_lohn_gross_anon_0084|confusable_offerte_01_lohn_gross_anon_0182,0.0,0.0,3,1,0.7224,0.7059,2,offerte_01_lohn_gross_anon_chunk_0|confusable_offerte_01_lohn_gross_anon_0084_chunk_0|confusable_offerte_01_lohn_gross_anon_0182_chunk_0,0,0,8.16,0.0,8.16,ollama,True,CHF 420,,
2026-09-09T18:19:20,SETUP_02,setup,confusable,50,165,64,2,False,falsche_stelle,False,offerte_01_lohn_gross_anon,offerte_01_lohn_gross_anon|confusable_offerte_01_lohn_gross_anon_0084|confusable_offerte_01_lohn_gross_anon_0182,0.0,0.0,3,1,0.7594,0.7391,2,offerte_01_lohn_gross_anon_chunk_0|confusable_offerte_01_lohn_gross_anon_0084_chunk_0|confusable_offerte_01_lohn_gross_anon_0182_chunk_0,0,0,8.15,0.0,8.15,ollama,True,CHF 640,,
2026-09-09T18:19:20,RATE_01,stundensatz,confusable,50,165,64,2,False,fehlgriff_confusable,False,offerte_01_lohn_gross_anon,confusable_offerte_01_lohn_gross_anon_0126|confusable_offerte_01_lohn_gross_anon_0070|confusable_offerte_01_lohn_gross_anon_0168,0.0,0.0,3,1,0.7872,0.7818,3,confusable_offerte_01_lohn_gross_anon_0126_chunk_0|confusable_offerte_01_lohn_gross_anon_0070_chunk_0|confusable_offerte_01_lohn_gross_anon_0168_chunk_0,0,0,8.1,0.0,8.1,ollama,True,CHF 140,,
2026-09-09T18:19:20,BUCH_02,buchhaltung,confusable,50,165,64,2,False,fehlgriff_confusable,False,offerte_02_accounting_intl_anon,confusable_offerte_05_stiftung_audit_anon_0172|confusable_offerte_05_stiftung_audit_anon_0158|confusable_offerte_05_stiftung_audit_anon_0102,0.0,0.0,3,1,0.6585,0.6584,3,confusable_offerte_05_stiftung_audit_anon_0172_chunk_2|confusable_offerte_05_stiftung_audit_anon_0158_chunk_2|confusable_offerte_05_stiftung_audit_anon_0102_chunk_2,0,0,8.17,0.0,8.17,ollama,True,CHF 1'700 - 2'100,,
2026-09-09T18:19:20,LOHN_02,lohn,confusable,50,165,64,2,False,fehlgriff_confusable,False,offerte_02_accounting_intl_anon,confusable_offerte_03_accounting_branch_anon_0002|confusable_offerte_03_accounting_branch_anon_0100|offerte_03_accounting_branch_anon,0.0,0.0,3,1,0.6123,0.6111,2,confusable_offerte_03_accounting_branch_anon_0002_chunk_0|confusable_offerte_03_accounting_branch_anon_0100_chunk_0|offerte_03_accounting_branch_anon_chunk_0,0,0,8.11,0.0,8.11,ollama,True,CHF 1'000,,
2026-09-09T18:19:20,SETUP_03,setup,confusable,50,165,64,2,False,falsche_stelle,False,offerte_02_accounting_intl_anon,offerte_02_accounting_intl_anon|confusable_offerte_07_gruendung_domizil_anon_0132|offerte_07_gruendung_domizil_anon,0.0,0.0,3,1,0.6348,0.6329,1,offerte_02_accounting_intl_anon_chunk_0|confusable_offerte_07_gruendung_domizil_anon_0132_chunk_1|offerte_07_gruendung_domizil_anon_chunk_1,0,0,8.24,0.0,8.24,ollama,True,CHF 1'300,,
2026-09-09T18:19:20,MWST_02,mwst,confusable,50,165,64,2,False,falsche_stelle,False,offerte_02_accounting_intl_anon,offerte_02_accounting_intl_anon|offerte_07_gruendung_domizil_anon|confusable_offerte_07_gruendung_domizil_anon_0132,0.0,0.0,3,1,0.6487,0.6459,1,offerte_02_accounting_intl_anon_chunk_0|offerte_07_gruendung_domizil_anon_chunk_1|confusable_offerte_07_gruendung_domizil_anon_0132_chunk_1,0,0,8.22,0.0,8.22,ollama,True,CHF 850,,
2026-09-09T18:19:20,VERS_01,versicherung,confusable,50,165,64,2,False,falsche_stelle,False,offerte_02_accounting_intl_anon,offerte_11_swiss_finish_anon|offerte_02_accounting_intl_anon|offerte_03_accounting_branch_anon,0.0,0.0,3,1,0.6259,0.6231,0,offerte_11_swiss_finish_anon_chunk_0|offerte_02_accounting_intl_anon_chunk_0|offerte_03_accounting_branch_anon_chunk_0,0,0,8.29,0.0,8.29,ollama,True,CHF 850 - 1'700,,
2026-09-09T18:19:20,BUCH_03,buchhaltung,confusable,50,165,64,2,False,falsche_stelle,False,offerte_03_accounting_branch_anon,offerte_03_accounting_branch_anon|offerte_13_holding_spaltung_anon|confusable_offerte_13_holding_spaltung_anon_0012,0.0,0.0,3,1,0.6963,0.684,1,offerte_03_accounting_branch_anon_chunk_0|offerte_13_holding_spaltung_anon_chunk_2|confusable_offerte_13_holding_spaltung_anon_0012_chunk_2,0,0,8.2,0.0,8.2,ollama,True,CHF 3'400 - 3'800,,
2026-09-09T18:19:20,SETUP_04,setup,confusable,50,165,64,2,False,falsche_stelle,False,offerte_03_accounting_branch_anon,offerte_03_accounting_branch_anon|confusable_offerte_03_accounting_branch_anon_0170|confusable_offerte_03_accounting_branch_anon_0100,0.0,0.0,3,1,0.6634,0.6437,2,offerte_03_accounting_branch_anon_chunk_0|confusable_offerte_03_accounting_branch_anon_0170_chunk_0|confusable_offerte_03_accounting_branch_anon_0100_chunk_0,0,0,8.28,0.0,8.28,ollama,True,CHF 1'300,,
2026-09-09T18:19:20,STEU_02,steuern,confusable,50,165,64,2,False,falsche_stelle,False,offerte_03_accounting_branch_anon,offerte_03_accounting_branch_anon|offerte_13_holding_spaltung_anon|confusable_offerte_13_holding_spaltung_anon_0026,0.0,0.0,3,1,0.6383,0.6344,1,offerte_03_accounting_branch_anon_chunk_0|offerte_13_holding_spaltung_anon_chunk_2|confusable_offerte_13_holding_spaltung_anon_0026_chunk_2,0,0,8.23,0.0,8.23,ollama,True,CHF 850,,
2026-09-09T18:19:20,REV_01,revision,confusable,50,165,64,2,True,richtig,False,offerte_04_revision_anon,offerte_04_revision_anon|confusable_offerte_04_revision_anon_0129|confusable_offerte_04_revision_anon_0171,0.3333,1.0,3,1,0.8388,0.8223,2,offerte_04_revision_anon_chunk_0|confusable_offerte_04_revision_anon_0129_chunk_0|confusable_offerte_04_revision_anon_0171_chunk_0,0,0,8.3,0.0,8.3,ollama,True,CHF 3'250,,
2026-09-09T18:19:21,REV_02,revision,confusable,50,165,64,2,True,richtig,False,offerte_04_revision_anon,confusable_offerte_06_gruendung_klein_anon_0187|confusable_offerte_04_revision_anon_0129|offerte_04_revision_anon,0.3333,1.0,3,1,0.6345,0.6308,2,confusable_offerte_06_gruendung_klein_anon_0187_chunk_0|confusable_offerte_04_revision_anon_0129_chunk_0|offerte_04_revision_anon_chunk_0,0,0,8.26,0.0,8.26,ollama,True,CHF 1'300,,
2026-09-09T18:19:21,AUD_01,revision,confusable,50,165,64,2,True,richtig,False,offerte_05_stiftung_audit_anon,offerte_05_stiftung_audit_anon|confusable_offerte_05_stiftung_audit_anon_0102,0.3333,1.0,3,1,0.6236,0.6126,1,offerte_05_stiftung_audit_anon_chunk_0|offerte_05_stiftung_audit_anon_chunk_2|confusable_offerte_05_stiftung_audit_anon_0102_chunk_2,0,0,8.28,0.0,8.28,ollama,True,CHF 1'550 - 2'100,,
2026-09-09T18:19:21,AUD_02,revision,confusable,50,165,64,2,False,fehlgriff_confusable,False,offerte_05_stiftung_audit_anon,confusable_offerte_05_stiftung_audit_anon_0172|confusable_offerte_05_stiftung_audit_anon_0158|confusable_offerte_05_stiftung_audit_anon_0102,0.0,0.0,3,1,0.6699,0.6696,3,confusable_offerte_05_stiftung_audit_anon_0172_chunk_2|confusable_offerte_05_stiftung_audit_anon_0158_chunk_2|confusable_offerte_05_stiftung_audit_anon_0102_chunk_2,0,0,8.27,0.0,8.27,ollama,True,CHF 3'800 - 4'700,,
2026-09-09T18:19:21,LOHN_03,lohn,confusable,50,165,64,2,False,falsche_stelle,False,offerte_05_stiftung_audit_anon,offerte_05_stiftung_audit_anon|confusable_offerte_02_accounting_intl_anon_0057|offerte_02_accounting_intl_anon,0.0,0.0,3,1,0.6248,0.6236,1,offerte_05_stiftung_audit_anon_chunk_0|confusable_offerte_02_accounting_intl_anon_0057_chunk_2|offerte_02_accounting_intl_anon_chunk_2,0,0,8.29,0.0,8.29,ollama,True,CHF 760,,
2026-09-09T18:19:21,GRUE_01,gruendung,confusable,50,165,64,2,True,richtig,False,offerte_06_gruendung_klein_anon,confusable_offerte_06_gruendung_klein_anon_0033|offerte_06_gruendung_klein_anon|offerte_08_gruendung_vr_anon,0.3333,1.0,3,1,0.6833,0.6768,1,confusable_offerte_06_gruendung_klein_anon_0033_chunk_0|offerte_06_gruendung_klein_anon_chunk_0|offerte_08_gruendung_vr_anon_chunk_0,0,0,8.49,0.0,8.49,ollama,True,CHF 1'700,,
2026-09-09T18:19:21,BUCH_04,buchhaltung,confusable,50,165,64,2,False,fehlgriff_confusable,False,offerte_06_gruendung_klein_anon,confusable_offerte_01_lohn_gross_anon_0182|confusable_offerte_01_lohn_gross_anon_0126|offerte_01_lohn_gross_anon,0.0,0.0,3,1,0.6929,0.6899,2,confusable_offerte_01_lohn_gross_anon_0182_chunk_1|confusable_offerte_01_lohn_gross_anon_0126_chunk_1|offerte_01_lohn_gross_anon_chunk_1,0,0,8.35,0.0,8.35,ollama,True,CHF 1'700 - 2'550,,
2026-09-09T18:19:21,VERS_02,versicherung,confusable,50,165,64,2,False,fehlgriff_confusable,False,offerte_06_gruendung_klein_anon,confusable_offerte_01_lohn_gross_anon_0126|confusable_offerte_12_lohn_reinigung_anon_0067|confusable_offerte_08_gruendung_vr_anon_0049,0.0,0.0,3,1,0.6794,0.6781,3,confusable_offerte_01_lohn_gross_anon_0126_chunk_0|confusable_offerte_12_lohn_reinigung_anon_0067_chunk_0|confusable_offerte_08_gruendung_vr_anon_0049_chunk_0,0,0,8.34,0.0,8.34,ollama,True,CHF 210,,
2026-09-09T18:19:21,GRUE_02,gruendung,confusable,50,165,64,2,True,richtig,False,offerte_07_gruendung_domizil_anon,confusable_offerte_07_gruendung_domizil_anon_0132|offerte_07_gruendung_domizil_anon|confusable_offerte_07_gruendung_domizil_anon_0020,0.3333,1.0,3,1,0.6327,0.6322,2,confusable_offerte_07_gruendung_domizil_anon_0132_chunk_1|offerte_07_gruendung_domizil_anon_chunk_1|confusable_offerte_07_gruendung_domizil_anon_0020_chunk_1,0,0,8.35,0.0,8.35,ollama,True,CHF 2'100,,
2026-09-09T18:19:21,VR_01,verwaltungsrat,confusable,50,165,64,2,False,fehlgriff_confusable,False,offerte_07_gruendung_domizil_anon,offerte_11_swiss_finish_anon|confusable_offerte_11_swiss_finish_anon_0122|confusable_offerte_11_swiss_finish_anon_0052,0.0,0.0,3,1,0.6273,0.6269,2,offerte_11_swiss_finish_anon_chunk_1|confusable_offerte_11_swiss_finish_anon_0122_chunk_1|confusable_offerte_11_swiss_finish_anon_0052_chunk_1,0,0,8.31,0.0,8.31,ollama,True,CHF 4'250,,
2026-09-09T18:19:21,DOM_01,domizil,confusable,50,165,64,2,False,fehlgriff_confusable,False,offerte_07_gruendung_domizil_anon,confusable_offerte_09_domizil_beratung_anon_0092|offerte_09_domizil_beratung_anon|confusable_offerte_07_gruendung_domizil_anon_0020,0.0,0.0,3,1,0.6591,0.6548,2,confusable_offerte_09_domizil_beratung_anon_0092_chunk_0|offerte_09_domizil_beratung_anon_chunk_0|confusable_offerte_07_gruendung_domizil_anon_0020_chunk_0,0,0,8.36,0.0,8.36,ollama,True,CHF 1'700,,
2026-09-09T18:19:21,VR_02,verwaltungsrat,confusable,50,165,64,2,False,falsche_stelle,False,offerte_08_gruendung_vr_anon,confusable_offerte_08_gruendung_vr_anon_0077|offerte_08_gruendung_vr_anon|confusable_offerte_08_gruendung_vr_anon_0063,0.0,0.0,3,1,0.6679,0.6667,2,confusable_offerte_08_gruendung_vr_anon_0077_chunk_0|offerte_08_gruendung_vr_anon_chunk_0|confusable_offerte_08_gruendung_vr_anon_0063_chunk_0,0,0,8.29,0.0,8.29,ollama,True,CHF 5'500,,
2026-09-09T18:19:21,DOM_02,domizil,confusable,50,165,64,2,True,richtig,False,offerte_08_gruendung_vr_anon,offerte_08_gruendung_vr_anon|confusable_offerte_08_gruendung_vr_anon_0063|confusable_offerte_05_stiftung_audit_anon_0102,0.3333,1.0,3,1,0.7624,0.744,2,offerte_08_gruendung_vr_anon_chunk_0|confusable_offerte_08_gruendung_vr_anon_0063_chunk_0|confusable_offerte_05_stiftung_audit_anon_0102_chunk_0,0,0,8.32,0.0,8.32,ollama,True,CHF 2'100,,
2026-09-09T18:19:21,DOM_03,domizil,confusable,50,165,64,2,False,falsche_stelle,False,offerte_09_domizil_beratung_anon,offerte_09_domizil_beratung_anon|confusable_offerte_09_domizil_beratung_anon_0092|confusable_offerte_09_domizil_beratung_anon_0050,0.0,0.0,3,1,0.6605,0.6537,2,offerte_09_domizil_beratung_anon_chunk_0|confusable_offerte_09_domizil_beratung_anon_0092_chunk_0|confusable_offerte_09_domizil_beratung_anon_0050_chunk_0,0,0,8.27,0.0,8.27,ollama,True,CHF 1'300,,
2026-09-09T18:19:21,DOM_04,domizil,confusable,50,165,64,2,False,falsche_stelle,False,offerte_09_domizil_beratung_anon,offerte_09_domizil_beratung_anon|confusable_offerte_09_domizil_beratung_anon_0092|confusable_offerte_09_domizil_beratung_anon_0050,0.0,0.0,3,1,0.6398,0.6336,2,offerte_09_domizil_beratung_anon_chunk_0|confusable_offerte_09_domizil_beratung_anon_0092_chunk_0|confusable_offerte_09_domizil_beratung_anon_0050_chunk_0,0,0,8.33,0.0,8.33,ollama,True,CHF 3'400,,
2026-09-09T18:19:21,VR_03,verwaltungsrat,confusable,50,165,64,2,False,falsche_stelle,False,offerte_09_domizil_beratung_anon,confusable_offerte_07_gruendung_domizil_anon_0020|confusable_offerte_09_domizil_beratung_anon_0092|offerte_09_domizil_beratung_anon,0.0,0.0,3,1,0.6492,0.6458,2,confusable_offerte_07_gruendung_domizil_anon_0020_chunk_0|confusable_offerte_09_domizil_beratung_anon_0092_chunk_0|offerte_09_domizil_beratung_anon_chunk_0,0,0,8.32,0.0,8.32,ollama,True,CHF 4'250,,
2026-09-09T18:19:21,BUCH_05,buchhaltung,confusable,50,165,64,2,False,fehlgriff_confusable,False,offerte_09_domizil_beratung_anon,confusable_offerte_05_stiftung_audit_anon_0172|confusable_offerte_05_stiftung_audit_anon_0158|confusable_offerte_05_stiftung_audit_anon_0102,0.0,0.0,3,1,0.6534,0.6533,3,confusable_offerte_05_stiftung_audit_anon_0172_chunk_2|confusable_offerte_05_stiftung_audit_anon_0158_chunk_2|confusable_offerte_05_stiftung_audit_anon_0102_chunk_2,0,0,8.43,0.0,8.43,ollama,True,CHF 3'400 - 3'800,,
2026-09-09T18:19:21,BUCH_06,buchhaltung,confusable,50,165,64,2,False,fehlgriff_confusable,False,offerte_10_accounting_medtech_anon,offerte_07_gruendung_domizil_anon|confusable_offerte_07_gruendung_domizil_anon_0020|confusable_offerte_07_gruendung_domizil_anon_0132,0.0,0.0,3,1,0.6766,0.6765,2,offerte_07_gruendung_domizil_anon_chunk_1|confusable_offerte_07_gruendung_domizil_anon_0020_chunk_1|confusable_offerte_07_gruendung_domizil_anon_0132_chunk_1,0,0,8.41,0.0,8.41,ollama,True,CHF 3'400 - 3'800,,
2026-09-09T18:19:21,LOHN_04,lohn,confusable,50,165,64,2,False,fehlgriff_confusable,False,offerte_10_accounting_medtech_anon,confusable_offerte_03_accounting_branch_anon_0100|confusable_offerte_03_accounting_branch_anon_0002|offerte_11_swiss_finish_anon,0.0,0.0,3,1,0.6225,0.6204,2,confusable_offerte_03_accounting_branch_anon_0100_chunk_0|confusable_offerte_03_accounting_branch_anon_0002_chunk_0|offerte_11_swiss_finish_anon_chunk_0,0,0,8.42,0.0,8.42,ollama,True,CHF 1'000,,
2026-09-09T18:19:21,BUCH_07,buchhaltung,confusable,50,165,64,2,False,fehlgriff_confusable,False,offerte_11_swiss_finish_anon,confusable_offerte_11_swiss_finish_anon_0094|confusable_offerte_11_swiss_finish_anon_0052|confusable_offerte_11_swiss_finish_anon_0122,0.0,0.0,3,1,0.7344,0.7341,3,confusable_offerte_11_swiss_finish_anon_0094_chunk_1|confusable_offerte_11_swiss_finish_anon_0052_chunk_1|confusable_offerte_11_swiss_finish_anon_0122_chunk_1,0,0,8.41,0.0,8.41,ollama,True,CHF 210,,
2026-09-09T18:19:21,MWST_03,mwst,confusable,50,165,64,2,False,falsche_stelle,False,offerte_11_swiss_finish_anon,offerte_11_swiss_finish_anon|confusable_offerte_11_swiss_finish_anon_0052|confusable_offerte_11_swiss_finish_anon_0094,0.0,0.0,3,1,0.6868,0.6694,2,offerte_11_swiss_finish_anon_chunk_0|confusable_offerte_11_swiss_finish_anon_0052_chunk_0|confusable_offerte_11_swiss_finish_anon_0094_chunk_0,0,0,8.47,0.0,8.47,ollama,True,CHF 2'550,,
2026-09-09T18:19:21,SETUP_05,setup,confusable,50,165,64,2,False,falsche_stelle,False,offerte_11_swiss_finish_anon,offerte_11_swiss_finish_anon|confusable_offerte_11_swiss_finish_anon_0122|confusable_offerte_13_holding_spaltung_anon_0068,0.0,0.0,3,1,0.6062,0.5903,2,offerte_11_swiss_finish_anon_chunk_0|confusable_offerte_11_swiss_finish_anon_0122_chunk_0|confusable_offerte_13_holding_spaltung_anon_0068_chunk_2,0,0,8.44,0.0,8.44,ollama,True,CHF 340,,
2026-09-09T18:19:21,BUCH_08,buchhaltung,confusable,50,165,64,2,False,fehlgriff_confusable,False,offerte_12_lohn_reinigung_anon,confusable_offerte_01_lohn_gross_anon_0126|confusable_offerte_01_lohn_gross_anon_0070|confusable_offerte_01_lohn_gross_anon_0168,0.0,0.0,3,1,0.7397,0.7376,3,confusable_offerte_01_lohn_gross_anon_0126_chunk_0|confusable_offerte_01_lohn_gross_anon_0070_chunk_0|confusable_offerte_01_lohn_gross_anon_0168_chunk_0,0,0,8.43,0.0,8.43,ollama,True,CHF 2'550 - 3'000,,
2026-09-09T18:19:21,LOHN_05,lohn,confusable,50,165,64,2,False,fehlgriff_confusable,False,offerte_12_lohn_reinigung_anon,confusable_offerte_12_lohn_reinigung_anon_0067|offerte_01_lohn_gross_anon|confusable_offerte_12_lohn_reinigung_anon_0053,0.0,0.0,3,1,0.7723,0.766,2,confusable_offerte_12_lohn_reinigung_anon_0067_chunk_0|offerte_01_lohn_gross_anon_chunk_0|confusable_offerte_12_lohn_reinigung_anon_0053_chunk_0,0,0,8.46,0.0,8.46,ollama,True,CHF 600 - 1'000,,
2026-09-09T18:19:21,SETUP_06,setup,confusable,50,165,64,2,False,fehlgriff_confusable,False,offerte_12_lohn_reinigung_anon,offerte_01_lohn_gross_anon|confusable_offerte_01_lohn_gross_anon_0084|confusable_offerte_12_lohn_reinigung_anon_0053,0.0,0.0,3,1,0.7273,0.7163,2,offerte_01_lohn_gross_anon_chunk_0|confusable_offerte_01_lohn_gross_anon_0084_chunk_0|confusable_offerte_12_lohn_reinigung_anon_0053_chunk_0,0,0,8.45,0.0,8.45,ollama,True,CHF 420 - 640,,
2026-09-09T18:19:21,BUCH_09,buchhaltung,confusable,50,165,64,2,False,fehlgriff_confusable,False,offerte_13_holding_spaltung_anon,confusable_offerte_05_stiftung_audit_anon_0172|confusable_offerte_05_stiftung_audit_anon_0158|confusable_offerte_05_stiftung_audit_anon_0102,0.0,0.0,3,1,0.661,0.6608,3,confusable_offerte_05_stiftung_audit_anon_0172_chunk_2|confusable_offerte_05_stiftung_audit_anon_0158_chunk_2|confusable_offerte_05_stiftung_audit_anon_0102_chunk_2,0,0,8.4,0.0,8.4,ollama,True,CHF 2'550 - 3'000,,
2026-09-09T18:19:21,SONST_01,sonstiges,confusable,50,165,64,2,True,richtig,False,offerte_13_holding_spaltung_anon,offerte_13_holding_spaltung_anon|confusable_offerte_13_holding_spaltung_anon_0012|confusable_offerte_13_holding_spaltung_anon_0026,0.3333,1.0,3,1,0.6525,0.6505,2,offerte_13_holding_spaltung_anon_chunk_2|confusable_offerte_13_holding_spaltung_anon_0012_chunk_2|confusable_offerte_13_holding_spaltung_anon_0026_chunk_2,0,0,8.67,0.0,8.67,ollama,True,CHF 1'700,,
2026-09-09T18:19:21,BUCH_10,buchhaltung,confusable,50,165,64,2,False,fehlgriff_confusable,False,offerte_14_buchhaltung_klein_anon,confusable_offerte_01_lohn_gross_anon_0126|confusable_offerte_01_lohn_gross_anon_0084|confusable_offerte_14_buchhaltung_klein_anon_0153,0.0,0.0,3,1,0.6874,0.6862,3,confusable_offerte_01_lohn_gross_anon_0126_chunk_1|confusable_offerte_01_lohn_gross_anon_0084_chunk_1|confusable_offerte_14_buchhaltung_klein_anon_0153_chunk_1,0,0,8.67,0.0,8.67,ollama,True,CHF 850 - 1'300,,
2026-09-09T18:19:21,STEU_03,steuern,confusable,50,165,64,2,False,fehlgriff_confusable,False,offerte_14_buchhaltung_klein_anon,confusable_offerte_01_lohn_gross_anon_0126|confusable_offerte_01_lohn_gross_anon_0070|confusable_offerte_01_lohn_gross_anon_0168,0.0,0.0,3,1,0.7839,0.778,3,confusable_offerte_01_lohn_gross_anon_0126_chunk_0|confusable_offerte_01_lohn_gross_anon_0070_chunk_0|confusable_offerte_01_lohn_gross_anon_0168_chunk_0,0,0,8.71,0.0,8.71,ollama,True,CHF 640,,
2026-09-09T18:19:21,UNB_01,unbeantwortbar,confusable,50,165,64,2,False,material_fuer_halluzination,True,,confusable_offerte_12_lohn_reinigung_anon_0067|confusable_offerte_14_buchhaltung_klein_anon_0055|confusable_offerte_12_lohn_reinigung_anon_0137,0.0,0.0,3,0,0.6833,0.6822,3,confusable_offerte_12_lohn_reinigung_anon_0067_chunk_0|confusable_offerte_14_buchhaltung_klein_anon_0055_chunk_0|confusable_offerte_12_lohn_reinigung_anon_0137_chunk_0,0,0,8.7,0.0,8.7,ollama,True,nicht in den Unterlagen,,
2026-09-09T18:19:21,UNB_02,unbeantwortbar,confusable,50,165,64,2,False,material_fuer_halluzination,True,,confusable_offerte_01_lohn_gross_anon_0084|offerte_01_lohn_gross_anon|confusable_offerte_01_lohn_gross_anon_0182,0.0,0.0,3,0,0.6168,0.6061,2,confusable_offerte_01_lohn_gross_anon_0084_chunk_0|offerte_01_lohn_gross_anon_chunk_0|confusable_offerte_01_lohn_gross_anon_0182_chunk_0,0,0,8.72,0.0,8.72,ollama,True,nicht in den Unterlagen,,
2026-09-09T18:19:21,UNB_03,unbeantwortbar,confusable,50,165,64,2,False,material_fuer_halluzination,True,,offerte_08_gruendung_vr_anon|confusable_offerte_14_buchhaltung_klein_anon_0153|confusable_offerte_06_gruendung_klein_anon_0033,0.0,0.0,3,0,0.6503,0.6403,2,offerte_08_gruendung_vr_anon_chunk_0|confusable_offerte_14_buchhaltung_klein_anon_0153_chunk_0|confusable_offerte_06_gruendung_klein_anon_0033_chunk_0,0,0,8.7,0.0,8.7,ollama,True,nicht in den Unterlagen,,
2026-09-09T18:19:21,UNB_04,unbeantwortbar,confusable,50,165,64,2,False,material_fuer_halluzination,True,,confusable_offerte_06_gruendung_klein_anon_0033|confusable_offerte_14_buchhaltung_klein_anon_0153|offerte_14_buchhaltung_klein_anon,0.0,0.0,3,0,0.6706,0.6699,2,confusable_offerte_06_gruendung_klein_anon_0033_chunk_0|confusable_offerte_14_buchhaltung_klein_anon_0153_chunk_1|offerte_14_buchhaltung_klein_anon_chunk_1,0,0,8.71,0.0,8.71,ollama,True,nicht in den Unterlagen,,
2026-09-09T18:19:21,UNB_05,unbeantwortbar,confusable,50,165,64,2,False,material_fuer_halluzination,True,,confusable_offerte_12_lohn_reinigung_anon_0053|confusable_offerte_14_buchhaltung_klein_anon_0055|confusable_offerte_12_lohn_reinigung_anon_0067,0.0,0.0,3,0,0.6722,0.6706,3,confusable_offerte_12_lohn_reinigung_anon_0053_chunk_0|confusable_offerte_14_buchhaltung_klein_anon_0055_chunk_0|confusable_offerte_12_lohn_reinigung_anon_0067_chunk_0,0,0,8.7,0.0,8.7,ollama,True,nicht in den Unterlagen,,
2026-09-09T18:19:28,LOHN_01,lohn,confusable,50,169,64,3,False,falsche_stelle,False,offerte_01_lohn_gross_anon,offerte_01_lohn_gross_anon|confusable_offerte_01_lohn_gross_anon_0056|confusable_offerte_01_lohn_gross_anon_0126,0.0,0.0,3,1,0.7905,0.7888,2,offerte_01_lohn_gross_anon_chunk_0|confusable_offerte_01_lohn_gross_anon_0056_chunk_0|confusable_offerte_01_lohn_gross_anon_0126_chunk_0,0,0,8.44,0.0,8.44,ollama,True,CHF 680,,
2026-09-09T18:19:28,BUCH_01,buchhaltung,confusable,50,169,64,3,True,richtig,False,offerte_01_lohn_gross_anon,confusable_offerte_08_gruendung_vr_anon_0175|confusable_offerte_06_gruendung_klein_anon_0033|offerte_01_lohn_gross_anon,0.3333,1.0,3,1,0.6614,0.6536,2,confusable_offerte_08_gruendung_vr_anon_0175_chunk_0|confusable_offerte_06_gruendung_klein_anon_0033_chunk_0|offerte_01_lohn_gross_anon_chunk_1,0,0,8.47,0.0,8.47,ollama,True,CHF 12'750 - 15'300,,
2026-09-09T18:19:28,MWST_01,mwst,confusable,50,169,64,3,False,falsche_stelle,False,offerte_01_lohn_gross_anon,confusable_offerte_01_lohn_gross_anon_0126|offerte_01_lohn_gross_anon|confusable_offerte_01_lohn_gross_anon_0056,0.0,0.0,3,1,0.7993,0.7898,2,confusable_offerte_01_lohn_gross_anon_0126_chunk_0|offerte_01_lohn_gross_anon_chunk_0|confusable_offerte_01_lohn_gross_anon_0056_chunk_0,0,0,8.45,0.0,8.45,ollama,True,CHF 1'300,,
2026-09-09T18:19:28,STEU_01,steuern,confusable,50,169,64,3,False,falsche_stelle,False,offerte_01_lohn_gross_anon,confusable_offerte_01_lohn_gross_anon_0126|offerte_01_lohn_gross_anon|confusable_offerte_01_lohn_gross_anon_0056,0.0,0.0,3,1,0.7878,0.7765,2,confusable_offerte_01_lohn_gross_anon_0126_chunk_0|offerte_01_lohn_gross_anon_chunk_0|confusable_offerte_01_lohn_gross_anon_0056_chunk_0,0,0,8.51,0.0,8.51,ollama,True,CHF 850,,
2026-09-09T18:19:28,SETUP_01,setup,confusable,50,169,64,3,False,falsche_stelle,False,offerte_01_lohn_gross_anon,offerte_01_lohn_gross_anon|confusable_offerte_01_lohn_gross_anon_0056|confusable_offerte_01_lohn_gross_anon_0196,0.0,0.0,3,1,0.7224,0.7114,2,offerte_01_lohn_gross_anon_chunk_0|confusable_offerte_01_lohn_gross_anon_0056_chunk_0|confusable_offerte_01_lohn_gross_anon_0196_chunk_0,0,0,8.46,0.0,8.46,ollama,True,CHF 420,,
2026-09-09T18:19:28,SETUP_02,setup,confusable,50,169,64,3,False,falsche_stelle,False,offerte_01_lohn_gross_anon,offerte_01_lohn_gross_anon|confusable_offerte_01_lohn_gross_anon_0056|confusable_offerte_01_lohn_gross_anon_0182,0.0,0.0,3,1,0.7594,0.7436,2,offerte_01_lohn_gross_anon_chunk_0|confusable_offerte_01_lohn_gross_anon_0056_chunk_0|confusable_offerte_01_lohn_gross_anon_0182_chunk_0,0,0,8.49,0.0,8.49,ollama,True,CHF 640,,
2026-09-09T18:19:28,RATE_01,stundensatz,confusable,50,169,64,3,True,richtig,False,offerte_01_lohn_gross_anon,confusable_offerte_01_lohn_gross_anon_0126|offerte_01_lohn_gross_anon|offerte_14_buchhaltung_klein_anon,0.3333,1.0,3,1,0.7872,0.7767,1,confusable_offerte_01_lohn_gross_anon_0126_chunk_0|offerte_01_lohn_gross_anon_chunk_0|offerte_14_buchhaltung_klein_anon_chunk_0,0,0,8.45,0.0,8.45,ollama,True,CHF 140,,
2026-09-09T18:19:28,BUCH_02,buchhaltung,confusable,50,169,64,3,False,fehlgriff_confusable,False,offerte_02_accounting_intl_anon,confusable_offerte_05_stiftung_audit_anon_0088|confusable_offerte_05_stiftung_audit_anon_0158|confusable_offerte_07_gruendung_domizil_anon_0118,0.0,0.0,3,1,0.6593,0.6586,3,confusable_offerte_05_stiftung_audit_anon_0088_chunk_2|confusable_offerte_05_stiftung_audit_anon_0158_chunk_2|confusable_offerte_07_gruendung_domizil_anon_0118_chunk_1,0,0,8.49,0.0,8.49,ollama,True,CHF 1'700 - 2'100,,
2026-09-09T18:19:28,LOHN_02,lohn,confusable,50,169,64,3,False,fehlgriff_confusable,False,offerte_02_accounting_intl_anon,confusable_offerte_03_accounting_branch_anon_0016|offerte_03_accounting_branch_anon|confusable_offerte_11_swiss_finish_anon_0150,0.0,0.0,3,1,0.6108,0.6095,2,confusable_offerte_03_accounting_branch_anon_0016_chunk_0|offerte_03_accounting_branch_anon_chunk_0|confusable_offerte_11_swiss_finish_anon_0150_chunk_0,0,0,8.53,0.0,8.53,ollama,True,CHF 1'000,,
2026-09-09T18:19:28,SETUP_03,setup,confusable,50,169,64,3,False,falsche_stelle,False,offerte_02_accounting_intl_anon,offerte_02_accounting_intl_anon|offerte_07_gruendung_domizil_anon|confusable_offerte_07_gruendung_domizil_anon_0118,0.0,0.0,3,1,0.6348,0.6328,1,offerte_02_accounting_intl_anon_chunk_0|offerte_07_gruendung_domizil_anon_chunk_1|confusable_offerte_07_gruendung_domizil_anon_0118_chunk_1,0,0,8.58,0.0,8.58,ollama,True,CHF 1'300,,
2026-09-09T18:19:28,MWST_02,mwst,confusable,50,169,64,3,False,falsche_stelle,False,offerte_02_accounting_intl_anon,offerte_02_accounting_intl_anon|offerte_07_gruendung_domizil_anon|confusable_offerte_07_gruendung_domizil_anon_0118,0.0,0.0,3,1,0.6487,0.6456,1,offerte_02_accounting_intl_anon_chunk_0|offerte_07_gruendung_domizil_anon_chunk_1|confusable_offerte_07_gruendung_domizil_anon_0118_chunk_1,0,0,8.59,0.0,8.59,ollama,True,CHF 850,,
2026-09-09T18:19:28,VERS_01,versicherung,confusable,50,169,64,3,False,falsche_stelle,False,offerte_02_accounting_intl_anon,offerte_11_swiss_finish_anon|offerte_02_accounting_intl_anon|offerte_03_accounting_branch_anon,0.0,0.0,3,1,0.6259,0.6231,0,offerte_11_swiss_finish_anon_chunk_0|offerte_02_accounting_intl_anon_chunk_0|offerte_03_accounting_branch_anon_chunk_0,0,0,8.53,0.0,8.53,ollama,True,CHF 850 - 1'700,,
2026-09-09T18:19:28,BUCH_03,buchhaltung,confusable,50,169,64,3,False,falsche_stelle,False,offerte_03_accounting_branch_anon,offerte_03_accounting_branch_anon|confusable_offerte_13_holding_spaltung_anon_0152|offerte_13_holding_spaltung_anon,0.0,0.0,3,1,0.6963,0.6846,1,offerte_03_accounting_branch_anon_chunk_0|confusable_offerte_13_holding_spaltung_anon_0152_chunk_2|offerte_13_holding_spaltung_anon_chunk_2,0,0,8.53,0.0,8.53,ollama,True,CHF 3'400 - 3'800,,
2026-09-09T18:19:28,SETUP_04,setup,confusable,50,169,64,3,False,falsche_stelle,False,offerte_03_accounting_branch_anon,offerte_03_accounting_branch_anon|confusable_offerte_03_accounting_branch_anon_0170|confusable_offerte_03_accounting_branch_anon_0044,0.0,0.0,3,1,0.6634,0.6449,2,offerte_03_accounting_branch_anon_chunk_0|confusable_offerte_03_accounting_branch_anon_0170_chunk_0|confusable_offerte_03_accounting_branch_anon_0044_chunk_0,0,0,8.55,0.0,8.55,ollama,True,CHF 1'300,,
2026-09-09T18:19:28,STEU_02,steuern,confusable,50,169,64,3,False,falsche_stelle,False,offerte_03_accounting_branch_anon,offerte_03_accounting_branch_anon|confusable_offerte_13_holding_spaltung_anon_0152|offerte_13_holding_spaltung_anon,0.0,0.0,3,1,0.6383,0.6354,1,offerte_03_accounting_branch_anon_chunk_0|confusable_offerte_13_holding_spaltung_anon_0152_chunk_2|offerte_13_holding_spaltung_anon_chunk_2,0,0,8.52,0.0,8.52,ollama,True,CHF 850,,
2026-09-09T18:19:28,REV_01,revision,confusable,50,169,64,3,True,richtig,False,offerte_04_revision_anon,offerte_04_revision_anon|confusable_offerte_04_revision_anon_0045|confusable_offerte_04_revision_anon_0115,0.3333,1.0,3,1,0.8388,0.825,2,offerte_04_revision_anon_chunk_0|confusable_offerte_04_revision_anon_0045_chunk_0|confusable_offerte_04_revision_anon_0115_chunk_0,0,0,8.61,0.0,8.61,ollama,True,CHF 3'250,,
2026-09-09T18:19:28,REV_02,revision,confusable,50,169,64,3,False,fehlgriff_confusable,False,offerte_04_revision_anon,confusable_offerte_08_gruendung_vr_anon_0021|confusable_offerte_04_revision_anon_0017|confusable_offerte_06_gruendung_klein_anon_0187,0.0,0.0,3,1,0.6491,0.6394,3,confusable_offerte_08_gruendung_vr_anon_0021_chunk_0|confusable_offerte_04_revision_anon_0017_chunk_0|confusable_offerte_06_gruendung_klein_anon_0187_chunk_0,0,0,8.67,0.0,8.67,ollama,True,CHF 1'300,,
2026-09-09T18:19:28,AUD_01,revision,confusable,50,169,64,3,True,richtig,False,offerte_05_stiftung_audit_anon,offerte_05_stiftung_audit_anon|confusable_offerte_05_stiftung_audit_anon_0088,0.3333,1.0,3,1,0.6236,0.6128,1,offerte_05_stiftung_audit_anon_chunk_0|offerte_05_stiftung_audit_anon_chunk_2|confusable_offerte_05_stiftung_audit_anon_0088_chunk_2,0,0,8.63,0.0,8.63,ollama,True,CHF 1'550 - 2'100,,
2026-09-09T18:19:28,AUD_02,revision,confusable,50,169,64,3,False,fehlgriff_confusable,False,offerte_05_stiftung_audit_anon,confusable_offerte_05_stiftung_audit_anon_0088|confusable_offerte_05_stiftung_audit_anon_0158|confusable_offerte_05_stiftung_audit_anon_0116,0.0,0.0,3,1,0.6709,0.6698,3,confusable_offerte_05_stiftung_audit_anon_0088_chunk_2|confusable_offerte_05_stiftung_audit_anon_0158_chunk_2|confusable_offerte_05_stiftung_audit_anon_0116_chunk_2,0,0,8.67,0.0,8.67,ollama,True,CHF 3'800 - 4'700,,
2026-09-09T18:19:28,LOHN_03,lohn,confusable,50,169,64,3,False,falsche_stelle,False,offerte_05_stiftung_audit_anon,offerte_05_stiftung_audit_anon|confusable_offerte_02_accounting_intl_anon_0155|offerte_02_accounting_intl_anon,0.0,0.0,3,1,0.6248,0.6231,1,offerte_05_stiftung_audit_anon_chunk_0|confusable_offerte_02_accounting_intl_anon_0155_chunk_2|offerte_02_accounting_intl_anon_chunk_2,0,0,8.63,0.0,8.63,ollama,True,CHF 760,,
2026-09-09T18:19:28,GRUE_01,gruendung,confusable,50,169,64,3,False,fehlgriff_confusable,False,offerte_06_gruendung_klein_anon,confusable_offerte_08_gruendung_vr_anon_0175|confusable_offerte_08_gruendung_vr_anon_0161|confusable_offerte_06_gruendung_klein_anon_0033,0.0,0.0,3,1,0.7051,0.693,3,confusable_offerte_08_gruendung_vr_anon_0175_chunk_0|confusable_offerte_08_gruendung_vr_anon_0161_chunk_0|confusable_offerte_06_gruendung_klein_anon_0033_chunk_0,0,0,8.67,0.0,8.67,ollama,True,CHF 1'700,,
2026-09-09T18:19:28,BUCH_04,buchhaltung,confusable,50,169,64,3,False,fehlgriff_confusable,False,offerte_06_gruendung_klein_anon,confusable_offerte_01_lohn_gross_anon_0182|confusable_offerte_01_lohn_gross_anon_0126|confusable_offerte_01_lohn_gross_anon_0056,0.0,0.0,3,1,0.6929,0.6901,3,confusable_offerte_01_lohn_gross_anon_0182_chunk_1|confusable_offerte_01_lohn_gross_anon_0126_chunk_1|confusable_offerte_01_lohn_gross_anon_0056_chunk_1,0,0,8.66,0.0,8.66,ollama,True,CHF 1'700 - 2'550,,
2026-09-09T18:19:28,VERS_02,versicherung,confusable,50,169,64,3,False,fehlgriff_confusable,False,offerte_06_gruendung_klein_anon,confusable_offerte_06_gruendung_klein_anon_0117|confusable_offerte_01_lohn_gross_anon_0126|confusable_offerte_12_lohn_reinigung_anon_0067,0.0,0.0,3,1,0.6939,0.6837,3,confusable_offerte_06_gruendung_klein_anon_0117_chunk_0|confusable_offerte_01_lohn_gross_anon_0126_chunk_0|confusable_offerte_12_lohn_reinigung_anon_0067_chunk_0,0,0,8.72,0.0,8.72,ollama,True,CHF 210,,
2026-09-09T18:19:28,GRUE_02,gruendung,confusable,50,169,64,3,True,richtig,False,offerte_07_gruendung_domizil_anon,offerte_07_gruendung_domizil_anon|confusable_offerte_07_gruendung_domizil_anon_0118|confusable_offerte_09_domizil_beratung_anon_0008,0.3333,1.0,3,1,0.6324,0.6218,2,offerte_07_gruendung_domizil_anon_chunk_1|confusable_offerte_07_gruendung_domizil_anon_0118_chunk_1|confusable_offerte_09_domizil_beratung_anon_0008_chunk_2,0,0,8.68,0.0,8.68,ollama,True,CHF 2'100,,
2026-09-09T18:19:28,VR_01,verwaltungsrat,confusable,50,169,64,3,False,fehlgriff_confusable,False,offerte_07_gruendung_domizil_anon,confusable_offerte_11_swiss_finish_anon_0150|offerte_11_swiss_finish_anon|confusable_offerte_11_swiss_finish_anon_0122,0.0,0.0,3,1,0.6273,0.6272,2,confusable_offerte_11_swiss_finish_anon_0150_chunk_1|offerte_11_swiss_finish_anon_chunk_1|confusable_offerte_11_swiss_finish_anon_0122_chunk_1,0,0,8.7,0.0,8.7,ollama,True,CHF 4'250,,
2026-09-09T18:19:28,DOM_01,domizil,confusable,50,169,64,3,False,fehlgriff_confusable,False,offerte_07_gruendung_domizil_anon,offerte_09_domizil_beratung_anon|confusable_offerte_09_domizil_beratung_anon_0008|confusable_offerte_09_domizil_beratung_anon_0162,0.0,0.0,3,1,0.6543,0.6524,2,offerte_09_domizil_beratung_anon_chunk_0|confusable_offerte_09_domizil_beratung_anon_0008_chunk_0|confusable_offerte_09_domizil_beratung_anon_0162_chunk_0,0,0,8.68,0.0,8.68,ollama,True,CHF 1'700,,
2026-09-09T18:19:28,VR_02,verwaltungsrat,confusable,50,169,64,3,False,fehlgriff_confusable,False,offerte_08_gruendung_vr_anon,confusable_offerte_08_gruendung_vr_anon_0175|confusable_offerte_01_lohn_gross_anon_0056|confusable_offerte_08_gruendung_vr_anon_0077,0.0,0.0,3,1,0.6885,0.6776,3,confusable_offerte_08_gruendung_vr_anon_0175_chunk_0|confusable_offerte_01_lohn_gross_anon_0056_chunk_0|confusable_offerte_08_gruendung_vr_anon_0077_chunk_0,0,0,8.94,0.0,8.94,ollama,True,CHF 5'500,,
2026-09-09T18:19:28,DOM_02,domizil,confusable,50,169,64,3,True,richtig,False,offerte_08_gruendung_vr_anon,offerte_08_gruendung_vr_anon|confusable_offerte_08_gruendung_vr_anon_0021|confusable_offerte_08_gruendung_vr_anon_0175,0.3333,1.0,3,1,0.7624,0.753,2,offerte_08_gruendung_vr_anon_chunk_0|confusable_offerte_08_gruendung_vr_anon_0021_chunk_0|confusable_offerte_08_gruendung_vr_anon_0175_chunk_0,0,0,8.95,0.0,8.95,ollama,True,CHF 2'100,,
2026-09-09T18:19:28,DOM_03,domizil,confusable,50,169,64,3,False,falsche_stelle,False,offerte_09_domizil_beratung_anon,offerte_09_domizil_beratung_anon|confusable_offerte_09_domizil_beratung_anon_0162|confusable_offerte_09_domizil_beratung_anon_0008,0.0,0.0,3,1,0.6605,0.6576,2,offerte_09_domizil_beratung_anon_chunk_0|confusable_offerte_09_domizil_beratung_anon_0162_chunk_0|confusable_offerte_09_domizil_beratung_anon_0008_chunk_0,0,0,8.95,0.0,8.95,ollama,True,CHF 1'300,,
2026-09-09T18:19:28,DOM_04,domizil,confusable,50,169,64,3,False,falsche_stelle,False,offerte_09_domizil_beratung_anon,offerte_09_domizil_beratung_anon|confusable_offerte_09_domizil_beratung_anon_0008|confusable_offerte_09_domizil_beratung_anon_0120,0.0,0.0,3,1,0.6398,0.6371,2,offerte_09_domizil_beratung_anon_chunk_0|confusable_offerte_09_domizil_beratung_anon_0008_chunk_0|confusable_offerte_09_domizil_beratung_anon_0120_chunk_0,0,0,8.96,0.0,8.96,ollama,True,CHF 3'400,,
2026-09-09T18:19:28,VR_03,verwaltungsrat,confusable,50,169,64,3,False,falsche_stelle,False,offerte_09_domizil_beratung_anon,confusable_offerte_09_domizil_beratung_anon_0162|confusable_offerte_09_domizil_beratung_anon_0106|offerte_09_domizil_beratung_anon,0.0,0.0,3,1,0.653,0.6468,2,confusable_offerte_09_domizil_beratung_anon_0162_chunk_0|confusable_offerte_09_domizil_beratung_anon_0106_chunk_0|offerte_09_domizil_beratung_anon_chunk_0,0,0,9.01,0.0,9.01,ollama,True,CHF 4'250,,
2026-09-09T18:19:28,BUCH_05,buchhaltung,confusable,50,169,64,3,False,fehlgriff_confusable,False,offerte_09_domizil_beratung_anon,confusable_offerte_05_stiftung_audit_anon_0088|confusable_offerte_05_stiftung_audit_anon_0158|confusable_offerte_05_stiftung_audit_anon_0116,0.0,0.0,3,1,0.6539,0.6534,3,confusable_offerte_05_stiftung_audit_anon_0088_chunk_2|confusable_offerte_05_stiftung_audit_anon_0158_chunk_2|confusable_offerte_05_stiftung_audit_anon_0116_chunk_2,0,0,8.99,0.0,8.99,ollama,True,CHF 3'400 - 3'800,,
2026-09-09T18:19:28,BUCH_06,buchhaltung,confusable,50,169,64,3,False,fehlgriff_confusable,False,offerte_10_accounting_medtech_anon,confusable_offerte_07_gruendung_domizil_anon_0118|offerte_07_gruendung_domizil_anon|confusable_offerte_05_stiftung_audit_anon_0088,0.0,0.0,3,1,0.677,0.6742,2,confusable_offerte_07_gruendung_domizil_anon_0118_chunk_1|offerte_07_gruendung_domizil_anon_chunk_1|confusable_offerte_05_stiftung_audit_anon_0088_chunk_2,0,0,8.95,0.0,8.95,ollama,True,CHF 3'400 - 3'800,,
2026-09-09T18:19:28,LOHN_04,lohn,confusable,50,169,64,3,False,fehlgriff_confusable,False,offerte_10_accounting_medtech_anon,confusable_offerte_03_accounting_branch_anon_0016|confusable_offerte_11_swiss_finish_anon_0150|offerte_11_swiss_finish_anon,0.0,0.0,3,1,0.6225,0.6196,2,confusable_offerte_03_accounting_branch_anon_0016_chunk_0|confusable_offerte_11_swiss_finish_anon_0150_chunk_0|offerte_11_swiss_finish_anon_chunk_0,0,0,8.96,0.0,8.96,ollama,True,CHF 1'000,,
2026-09-09T18:19:28,BUCH_07,buchhaltung,confusable,50,169,64,3,False,fehlgriff_confusable,False,offerte_11_swiss_finish_anon,confusable_offerte_11_swiss_finish_anon_0108|confusable_offerte_11_swiss_finish_anon_0094|confusable_offerte_11_swiss_finish_anon_0150,0.0,0.0,3,1,0.7366,0.7351,3,confusable_offerte_11_swiss_finish_anon_0108_chunk_1|confusable_offerte_11_swiss_finish_anon_0094_chunk_1|confusable_offerte_11_swiss_finish_anon_0150_chunk_1,0,0,8.95,0.0,8.95,ollama,True,CHF 210,,
2026-09-09T18:19:28,MWST_03,mwst,confusable,50,169,64,3,False,falsche_stelle,False,offerte_11_swiss_finish_anon,offerte_11_swiss_finish_anon|confusable_offerte_11_swiss_finish_anon_0150|confusable_offerte_11_swiss_finish_anon_0094,0.0,0.0,3,1,0.6868,0.6662,2,offerte_11_swiss_finish_anon_chunk_0|confusable_offerte_11_swiss_finish_anon_0150_chunk_0|confusable_offerte_11_swiss_finish_anon_0094_chunk_0,0,0,8.98,0.0,8.98,ollama,True,CHF 2'550,,
2026-09-09T18:19:28,SETUP_05,setup,confusable,50,169,64,3,False,falsche_stelle,False,offerte_11_swiss_finish_anon,offerte_11_swiss_finish_anon|confusable_offerte_11_swiss_finish_anon_0122|confusable_offerte_13_holding_spaltung_anon_0152,0.0,0.0,3,1,0.6062,0.5905,2,offerte_11_swiss_finish_anon_chunk_0|confusable_offerte_11_swiss_finish_anon_0122_chunk_0|confusable_offerte_13_holding_spaltung_anon_0152_chunk_2,0,0,8.94,0.0,8.94,ollama,True,CHF 340,,
2026-09-09T18:19:28,BUCH_08,buchhaltung,confusable,50,169,64,3,False,fehlgriff_confusable,False,offerte_12_lohn_reinigung_anon,confusable_offerte_01_lohn_gross_anon_0056|confusable_offerte_01_lohn_gross_anon_0126|offerte_01_lohn_gross_anon,0.0,0.0,3,1,0.7422,0.7383,2,confusable_offerte_01_lohn_gross_anon_0056_chunk_0|confusable_offerte_01_lohn_gross_anon_0126_chunk_0|offerte_01_lohn_gross_anon_chunk_0,0,0,8.98,0.0,8.98,ollama,True,CHF 2'550 - 3'000,,
2026-09-09T18:19:28,LOHN_05,lohn,confusable,50,169,64,3,False,fehlgriff_confusable,False,offerte_12_lohn_reinigung_anon,confusable_offerte_12_lohn_reinigung_anon_0067|confusable_offerte_01_lohn_gross_anon_0056|offerte_01_lohn_gross_anon,0.0,0.0,3,1,0.7723,0.7692,2,confusable_offerte_12_lohn_reinigung_anon_0067_chunk_0|confusable_offerte_01_lohn_gross_anon_0056_chunk_0|offerte_01_lohn_gross_anon_chunk_0,0,0,9.32,0.0,9.32,ollama,True,CHF 600 - 1'000,,
2026-09-09T18:19:28,SETUP_06,setup,confusable,50,169,64,3,False,fehlgriff_confusable,False,offerte_12_lohn_reinigung_anon,offerte_01_lohn_gross_anon|confusable_offerte_01_lohn_gross_anon_0056|confusable_offerte_01_lohn_gross_anon_0182,0.0,0.0,3,1,0.7273,0.718,2,offerte_01_lohn_gross_anon_chunk_0|confusable_offerte_01_lohn_gross_anon_0056_chunk_0|confusable_offerte_01_lohn_gross_anon_0182_chunk_0,0,0,9.28,0.0,9.28,ollama,True,CHF 420 - 640,,
2026-09-09T18:19:28,BUCH_09,buchhaltung,confusable,50,169,64,3,False,fehlgriff_confusable,False,offerte_13_holding_spaltung_anon,confusable_offerte_05_stiftung_audit_anon_0088|confusable_offerte_05_stiftung_audit_anon_0158|offerte_05_stiftung_audit_anon,0.0,0.0,3,1,0.6614,0.6608,2,confusable_offerte_05_stiftung_audit_anon_0088_chunk_2|confusable_offerte_05_stiftung_audit_anon_0158_chunk_2|offerte_05_stiftung_audit_anon_chunk_2,0,0,9.29,0.0,9.29,ollama,True,CHF 2'550 - 3'000,,
2026-09-09T18:19:28,SONST_01,sonstiges,confusable,50,169,64,3,True,richtig,False,offerte_13_holding_spaltung_anon,offerte_13_holding_spaltung_anon|confusable_offerte_13_holding_spaltung_anon_0012|confusable_offerte_13_holding_spaltung_anon_0152,0.3333,1.0,3,1,0.6525,0.6503,2,offerte_13_holding_spaltung_anon_chunk_2|confusable_offerte_13_holding_spaltung_anon_0012_chunk_2|confusable_offerte_13_holding_spaltung_anon_0152_chunk_2,0,0,9.3,0.0,9.3,ollama,True,CHF 1'700,,
2026-09-09T18:19:28,BUCH_10,buchhaltung,confusable,50,169,64,3,True,richtig,False,offerte_14_buchhaltung_klein_anon,confusable_offerte_01_lohn_gross_anon_0126|confusable_offerte_12_lohn_reinigung_anon_0067|offerte_14_buchhaltung_klein_anon,0.3333,1.0,3,1,0.6874,0.684,2,confusable_offerte_01_lohn_gross_anon_0126_chunk_1|confusable_offerte_12_lohn_reinigung_anon_0067_chunk_0|offerte_14_buchhaltung_klein_anon_chunk_1,0,0,9.3,0.0,9.3,ollama,True,CHF 850 - 1'300,,
2026-09-09T18:19:29,STEU_03,steuern,confusable,50,169,64,3,False,fehlgriff_confusable,False,offerte_14_buchhaltung_klein_anon,confusable_offerte_01_lohn_gross_anon_0126|offerte_01_lohn_gross_anon|confusable_offerte_01_lohn_gross_anon_0056,0.0,0.0,3,1,0.7839,0.7657,2,confusable_offerte_01_lohn_gross_anon_0126_chunk_0|offerte_01_lohn_gross_anon_chunk_0|confusable_offerte_01_lohn_gross_anon_0056_chunk_0,0,0,9.27,0.0,9.27,ollama,True,CHF 640,,
2026-09-09T18:19:29,UNB_01,unbeantwortbar,confusable,50,169,64,3,False,material_fuer_halluzination,True,,confusable_offerte_12_lohn_reinigung_anon_0067|confusable_offerte_14_buchhaltung_klein_anon_0055|confusable_offerte_08_gruendung_vr_anon_0175,0.0,0.0,3,0,0.6833,0.6818,3,confusable_offerte_12_lohn_reinigung_anon_0067_chunk_0|confusable_offerte_14_buchhaltung_klein_anon_0055_chunk_0|confusable_offerte_08_gruendung_vr_anon_0175_chunk_0,0,0,9.33,0.0,9.33,ollama,True,nicht in den Unterlagen,,
2026-09-09T18:19:29,UNB_02,unbeantwortbar,confusable,50,169,64,3,False,material_fuer_halluzination,True,,confusable_offerte_01_lohn_gross_anon_0056|confusable_offerte_08_gruendung_vr_anon_0021|confusable_offerte_01_lohn_gross_anon_0196,0.0,0.0,3,0,0.6109,0.6077,3,confusable_offerte_01_lohn_gross_anon_0056_chunk_0|confusable_offerte_08_gruendung_vr_anon_0021_chunk_0|confusable_offerte_01_lohn_gross_anon_0196_chunk_0,0,0,9.29,0.0,9.29,ollama,True,nicht in den Unterlagen,,
2026-09-09T18:19:29,UNB_03,unbeantwortbar,confusable,50,169,64,3,False,material_fuer_halluzination,True,,offerte_08_gruendung_vr_anon|confusable_offerte_08_gruendung_vr_anon_0021|confusable_offerte_08_gruendung_vr_anon_0133,0.0,0.0,3,0,0.6503,0.6468,2,offerte_08_gruendung_vr_anon_chunk_0|confusable_offerte_08_gruendung_vr_anon_0021_chunk_0|confusable_offerte_08_gruendung_vr_anon_0133_chunk_0,0,0,9.26,0.0,9.26,ollama,True,nicht in den Unterlagen,,
2026-09-09T18:19:29,UNB_04,unbeantwortbar,confusable,50,169,64,3,False,material_fuer_halluzination,True,,confusable_offerte_06_gruendung_klein_anon_0033|confusable_offerte_14_buchhaltung_klein_anon_0097|offerte_14_buchhaltung_klein_anon,0.0,0.0,3,0,0.6706,0.67,2,confusable_offerte_06_gruendung_klein_anon_0033_chunk_0|confusable_offerte_14_buchhaltung_klein_anon_0097_chunk_1|offerte_14_buchhaltung_klein_anon_chunk_1,0,0,9.29,0.0,9.29,ollama,True,nicht in den Unterlagen,,
2026-09-09T18:19:29,UNB_05,unbeantwortbar,confusable,50,169,64,3,False,material_fuer_halluzination,True,,confusable_offerte_14_buchhaltung_klein_anon_0055|confusable_offerte_12_lohn_reinigung_anon_0067|confusable_offerte_14_buchhaltung_klein_anon_0125,0.0,0.0,3,0,0.671,0.6682,3,confusable_offerte_14_buchhaltung_klein_anon_0055_chunk_0|confusable_offerte_12_lohn_reinigung_anon_0067_chunk_0|confusable_offerte_14_buchhaltung_klein_anon_0125_chunk_0,0,0,9.26,0.0,9.26,ollama,True,nicht in den Unterlagen,,
2026-09-09T18:19:41,LOHN_01,lohn,confusable,100,305,114,1,False,falsche_stelle,False,offerte_01_lohn_gross_anon,offerte_01_lohn_gross_anon|confusable_offerte_01_lohn_gross_anon_0126|confusable_offerte_12_lohn_reinigung_anon_0067,0.0,0.0,3,1,0.7905,0.7861,2,offerte_01_lohn_gross_anon_chunk_0|confusable_offerte_01_lohn_gross_anon_0126_chunk_0|confusable_offerte_12_lohn_reinigung_anon_0067_chunk_0,0,0,15.17,0.0,15.17,ollama,True,CHF 680,,
2026-09-09T18:19:41,BUCH_01,buchhaltung,confusable,100,305,114,1,False,fehlgriff_confusable,False,offerte_01_lohn_gross_anon,confusable_offerte_01_lohn_gross_anon_0028|confusable_offerte_08_gruendung_vr_anon_0175|confusable_offerte_01_lohn_gross_anon_0000,0.0,0.0,3,1,0.6622,0.6608,3,confusable_offerte_01_lohn_gross_anon_0028_chunk_1|confusable_offerte_08_gruendung_vr_anon_0175_chunk_0|confusable_offerte_01_lohn_gross_anon_0000_chunk_1,0,0,15.08,0.0,15.08,ollama,True,CHF 12'750 - 15'300,,
2026-09-09T18:19:41,MWST_01,mwst,confusable,100,305,114,1,False,falsche_stelle,False,offerte_01_lohn_gross_anon,confusable_offerte_01_lohn_gross_anon_0126|confusable_offerte_01_lohn_gross_anon_0028|offerte_01_lohn_gross_anon,0.0,0.0,3,1,0.7993,0.7936,2,confusable_offerte_01_lohn_gross_anon_0126_chunk_0|confusable_offerte_01_lohn_gross_anon_0028_chunk_0|offerte_01_lohn_gross_anon_chunk_0,0,0,14.97,0.0,14.97,ollama,True,CHF 1'300,,
2026-09-09T18:19:41,STEU_01,steuern,confusable,100,305,114,1,False,falsche_stelle,False,offerte_01_lohn_gross_anon,confusable_offerte_01_lohn_gross_anon_0126|confusable_offerte_01_lohn_gross_anon_0028|offerte_01_lohn_gross_anon,0.0,0.0,3,1,0.7878,0.7806,2,confusable_offerte_01_lohn_gross_anon_0126_chunk_0|confusable_offerte_01_lohn_gross_anon_0028_chunk_0|offerte_01_lohn_gross_anon_chunk_0,0,0,15.08,0.0,15.08,ollama,True,CHF 850,,
2026-09-09T18:19:41,SETUP_01,setup,confusable,100,305,114,1,False,falsche_stelle,False,offerte_01_lohn_gross_anon,offerte_01_lohn_gross_anon|confusable_offerte_01_lohn_gross_anon_0084|confusable_offerte_01_lohn_gross_anon_0154,0.0,0.0,3,1,0.7224,0.7083,2,offerte_01_lohn_gross_anon_chunk_0|confusable_offerte_01_lohn_gross_anon_0084_chunk_0|confusable_offerte_01_lohn_gross_anon_0154_chunk_0,0,0,15.05,0.0,15.05,ollama,True,CHF 420,,
2026-09-09T18:19:41,SETUP_02,setup,confusable,100,305,114,1,False,falsche_stelle,False,offerte_01_lohn_gross_anon,offerte_01_lohn_gross_anon|confusable_offerte_01_lohn_gross_anon_0084|confusable_offerte_01_lohn_gross_anon_0000,0.0,0.0,3,1,0.7594,0.7421,2,offerte_01_lohn_gross_anon_chunk_0|confusable_offerte_01_lohn_gross_anon_0084_chunk_0|confusable_offerte_01_lohn_gross_anon_0000_chunk_0,0,0,15.0,0.0,15.0,ollama,True,CHF 640,,
2026-09-09T18:19:41,RATE_01,stundensatz,confusable,100,305,114,1,True,richtig,False,offerte_01_lohn_gross_anon,confusable_offerte_01_lohn_gross_anon_0126|confusable_offerte_01_lohn_gross_anon_0028|offerte_01_lohn_gross_anon,0.3333,1.0,3,1,0.7872,0.782,2,confusable_offerte_01_lohn_gross_anon_0126_chunk_0|confusable_offerte_01_lohn_gross_anon_0028_chunk_0|offerte_01_lohn_gross_anon_chunk_0,0,0,15.16,0.0,15.16,ollama,True,CHF 140,,
2026-09-09T18:19:41,BUCH_02,buchhaltung,confusable,100,305,114,1,False,fehlgriff_confusable,False,offerte_02_accounting_intl_anon,confusable_offerte_05_stiftung_audit_anon_0088|confusable_offerte_07_gruendung_domizil_anon_0062|confusable_offerte_05_stiftung_audit_anon_0172,0.0,0.0,3,1,0.6593,0.6588,3,confusable_offerte_05_stiftung_audit_anon_0088_chunk_2|confusable_offerte_07_gruendung_domizil_anon_0062_chunk_1|confusable_offerte_05_stiftung_audit_anon_0172_chunk_2,0,0,15.11,0.0,15.11,ollama,True,CHF 1'700 - 2'100,,
2026-09-09T18:19:41,LOHN_02,lohn,confusable,100,305,114,1,False,fehlgriff_confusable,False,offerte_02_accounting_intl_anon,confusable_offerte_03_accounting_branch_anon_0198|confusable_offerte_11_swiss_finish_anon_0024|confusable_offerte_03_accounting_branch_anon_0002,0.0,0.0,3,1,0.6224,0.6175,3,confusable_offerte_03_accounting_branch_anon_0198_chunk_0|confusable_offerte_11_swiss_finish_anon_0024_chunk_0|confusable_offerte_03_accounting_branch_anon_0002_chunk_0,0,0,15.16,0.0,15.16,ollama,True,CHF 1'000,,
2026-09-09T18:19:41,SETUP_03,setup,confusable,100,305,114,1,False,falsche_stelle,False,offerte_02_accounting_intl_anon,offerte_02_accounting_intl_anon|confusable_offerte_07_gruendung_domizil_anon_0034|confusable_offerte_07_gruendung_domizil_anon_0076,0.0,0.0,3,1,0.6348,0.6331,2,offerte_02_accounting_intl_anon_chunk_0|confusable_offerte_07_gruendung_domizil_anon_0034_chunk_1|confusable_offerte_07_gruendung_domizil_anon_0076_chunk_1,0,0,15.2,0.0,15.2,ollama,True,CHF 1'300,,
2026-09-09T18:19:41,MWST_02,mwst,confusable,100,305,114,1,False,falsche_stelle,False,offerte_02_accounting_intl_anon,offerte_02_accounting_intl_anon|confusable_offerte_07_gruendung_domizil_anon_0076|offerte_07_gruendung_domizil_anon,0.0,0.0,3,1,0.6487,0.646,1,offerte_02_accounting_intl_anon_chunk_0|confusable_offerte_07_gruendung_domizil_anon_0076_chunk_1|offerte_07_gruendung_domizil_anon_chunk_1,0,0,15.22,0.0,15.22,ollama,True,CHF 850,,
2026-09-09T18:19:41,VERS_01,versicherung,confusable,100,305,114,1,False,falsche_stelle,False,offerte_02_accounting_intl_anon,offerte_11_swiss_finish_anon|offerte_02_accounting_intl_anon|offerte_03_accounting_branch_anon,0.0,0.0,3,1,0.6259,0.6231,0,offerte_11_swiss_finish_anon_chunk_0|offerte_02_accounting_intl_anon_chunk_0|offerte_03_accounting_branch_anon_chunk_0,0,0,15.21,0.0,15.21,ollama,True,CHF 850 - 1'700,,
2026-09-09T18:19:41,BUCH_03,buchhaltung,confusable,100,305,114,1,False,falsche_stelle,False,offerte_03_accounting_branch_anon,offerte_03_accounting_branch_anon|confusable_offerte_13_holding_spaltung_anon_0152|offerte_13_holding_spaltung_anon,0.0,0.0,3,1,0.6963,0.6846,1,offerte_03_accounting_branch_anon_chunk_0|confusable_offerte_13_holding_spaltung_anon_0152_chunk_2|offerte_13_holding_spaltung_anon_chunk_2,0,0,15.25,0.0,15.25,ollama,True,CHF 3'400 - 3'800,,
2026-09-09T18:19:41,SETUP_04,setup,confusable,100,305,114,1,False,falsche_stelle,False,offerte_03_accounting_branch_anon,offerte_03_accounting_branch_anon|confusable_offerte_03_accounting_branch_anon_0114|confusable_offerte_03_accounting_branch_anon_0072,0.0,0.0,3,1,0.6634,0.646,2,offerte_03_accounting_branch_anon_chunk_0|confusable_offerte_03_accounting_branch_anon_0114_chunk_0|confusable_offerte_03_accounting_branch_anon_0072_chunk_0,0,0,15.27,0.0,15.27,ollama,True,CHF 1'300,,
2026-09-09T18:19:41,STEU_02,steuern,confusable,100,305,114,1,False,falsche_stelle,False,offerte_03_accounting_branch_anon,offerte_03_accounting_branch_anon|confusable_offerte_13_holding_spaltung_anon_0152|offerte_13_holding_spaltung_anon,0.0,0.0,3,1,0.6383,0.6354,1,offerte_03_accounting_branch_anon_chunk_0|confusable_offerte_13_holding_spaltung_anon_0152_chunk_2|offerte_13_holding_spaltung_anon_chunk_2,0,0,15.32,0.0,15.32,ollama,True,CHF 850,,
2026-09-09T18:19:41,REV_01,revision,confusable,100,305,114,1,True,richtig,False,offerte_04_revision_anon,offerte_04_revision_anon|confusable_offerte_04_revision_anon_0115|confusable_offerte_04_revision_anon_0073,0.3333,1.0,3,1,0.8388,0.8183,2,offerte_04_revision_anon_chunk_0|confusable_offerte_04_revision_anon_0115_chunk_0|confusable_offerte_04_revision_anon_0073_chunk_0,0,0,15.46,0.0,15.46,ollama,True,CHF 3'250,,
2026-09-09T18:19:41,REV_02,revision,confusable,100,305,114,1,False,fehlgriff_confusable,False,offerte_04_revision_anon,confusable_offerte_08_gruendung_vr_anon_0147|confusable_offerte_12_lohn_reinigung_anon_0179|confusable_offerte_04_revision_anon_0017,0.0,0.0,3,1,0.6432,0.638,3,confusable_offerte_08_gruendung_vr_anon_0147_chunk_0|confusable_offerte_12_lohn_reinigung_anon_0179_chunk_0|confusable_offerte_04_revision_anon_0017_chunk_0,0,0,15.4,0.0,15.4,ollama,True,CHF 1'300,,
2026-09-09T18:19:41,AUD_01,revision,confusable,100,305,114,1,True,richtig,False,offerte_05_stiftung_audit_anon,offerte_05_stiftung_audit_anon|confusable_offerte_05_stiftung_audit_anon_0088,0.3333,1.0,3,1,0.6236,0.6128,1,offerte_05_stiftung_audit_anon_chunk_0|offerte_05_stiftung_audit_anon_chunk_2|confusable_offerte_05_stiftung_audit_anon_0088_chunk_2,0,0,15.42,0.0,15.42,ollama,True,CHF 1'550 - 2'100,,
2026-09-09T18:19:41,AUD_02,revision,confusable,100,305,114,1,False,fehlgriff_confusable,False,offerte_05_stiftung_audit_anon,confusable_offerte_05_stiftung_audit_anon_0088|confusable_offerte_05_stiftung_audit_anon_0172|confusable_offerte_05_stiftung_audit_anon_0158,0.0,0.0,3,1,0.6709,0.6701,3,confusable_offerte_05_stiftung_audit_anon_0088_chunk_2|confusable_offerte_05_stiftung_audit_anon_0172_chunk_2|confusable_offerte_05_stiftung_audit_anon_0158_chunk_2,0,0,15.38,0.0,15.38,ollama,True,CHF 3'800 - 4'700,,
2026-09-09T18:19:41,LOHN_03,lohn,confusable,100,305,114,1,False,falsche_stelle,False,offerte_05_stiftung_audit_anon,confusable_offerte_05_stiftung_audit_anon_0046|offerte_05_stiftung_audit_anon|confusable_offerte_02_accounting_intl_anon_0155,0.0,0.0,3,1,0.6281,0.6251,2,confusable_offerte_05_stiftung_audit_anon_0046_chunk_0|offerte_05_stiftung_audit_anon_chunk_0|confusable_offerte_02_accounting_intl_anon_0155_chunk_2,0,0,15.37,0.0,15.37,ollama,True,CHF 760,,
2026-09-09T18:19:41,GRUE_01,gruendung,confusable,100,305,114,1,False,fehlgriff_confusable,False,offerte_06_gruendung_klein_anon,confusable_offerte_08_gruendung_vr_anon_0175|confusable_offerte_08_gruendung_vr_anon_0119|confusable_offerte_06_gruendung_klein_anon_0103,0.0,0.0,3,1,0.7051,0.6921,3,confusable_offerte_08_gruendung_vr_anon_0175_chunk_0|confusable_offerte_08_gruendung_vr_anon_0119_chunk_0|confusable_offerte_06_gruendung_klein_anon_0103_chunk_0,0,0,15.41,0.0,15.41,ollama,True,CHF 1'700,,
2026-09-09T18:19:41,BUCH_04,buchhaltung,confusable,100,305,114,1,False,fehlgriff_confusable,False,offerte_06_gruendung_klein_anon,confusable_offerte_01_lohn_gross_anon_0014|confusable_offerte_01_lohn_gross_anon_0112|confusable_offerte_01_lohn_gross_anon_0126,0.0,0.0,3,1,0.6921,0.6916,3,confusable_offerte_01_lohn_gross_anon_0014_chunk_1|confusable_offerte_01_lohn_gross_anon_0112_chunk_1|confusable_offerte_01_lohn_gross_anon_0126_chunk_1,0,0,15.66,0.0,15.66,ollama,True,CHF 1'700 - 2'550,,
2026-09-09T18:19:41,VERS_02,versicherung,confusable,100,305,114,1,False,fehlgriff_confusable,False,offerte_06_gruendung_klein_anon,confusable_offerte_12_lohn_reinigung_anon_0123|confusable_offerte_12_lohn_reinigung_anon_0095|confusable_offerte_14_buchhaltung_klein_anon_0181,0.0,0.0,3,1,0.7189,0.7115,3,confusable_offerte_12_lohn_reinigung_anon_0123_chunk_0|confusable_offerte_12_lohn_reinigung_anon_0095_chunk_0|confusable_offerte_14_buchhaltung_klein_anon_0181_chunk_0,0,0,15.62,0.0,15.62,ollama,True,CHF 210,,
2026-09-09T18:19:41,GRUE_02,gruendung,confusable,100,305,114,1,True,richtig,False,offerte_07_gruendung_domizil_anon,offerte_07_gruendung_domizil_anon|confusable_offerte_07_gruendung_domizil_anon_0048|confusable_offerte_07_gruendung_domizil_anon_0006,0.3333,1.0,3,1,0.6324,0.6322,2,offerte_07_gruendung_domizil_anon_chunk_1|confusable_offerte_07_gruendung_domizil_anon_0048_chunk_1|confusable_offerte_07_gruendung_domizil_anon_0006_chunk_1,0,0,15.6,0.0,15.6,ollama,True,CHF 2'100,,
2026-09-09T18:19:41,VR_01,verwaltungsrat,confusable,100,305,114,1,False,fehlgriff_confusable,False,offerte_07_gruendung_domizil_anon,confusable_offerte_11_swiss_finish_anon_0178|offerte_11_swiss_finish_anon|confusable_offerte_11_swiss_finish_anon_0122,0.0,0.0,3,1,0.6293,0.6279,2,confusable_offerte_11_swiss_finish_anon_0178_chunk_1|offerte_11_swiss_finish_anon_chunk_1|confusable_offerte_11_swiss_finish_anon_0122_chunk_1,0,0,15.72,0.0,15.72,ollama,True,CHF 4'250,,
2026-09-09T18:19:41,DOM_01,domizil,confusable,100,305,114,1,False,fehlgriff_confusable,False,offerte_07_gruendung_domizil_anon,confusable_offerte_09_domizil_beratung_anon_0134|offerte_09_domizil_beratung_anon|confusable_offerte_09_domizil_beratung_anon_0008,0.0,0.0,3,1,0.6626,0.6569,2,confusable_offerte_09_domizil_beratung_anon_0134_chunk_0|offerte_09_domizil_beratung_anon_chunk_0|confusable_offerte_09_domizil_beratung_anon_0008_chunk_0,0,0,15.65,0.0,15.65,ollama,True,CHF 1'700,,
2026-09-09T18:19:41,VR_02,verwaltungsrat,confusable,100,305,114,1,False,fehlgriff_confusable,False,offerte_08_gruendung_vr_anon,confusable_offerte_08_gruendung_vr_anon_0175|confusable_offerte_08_gruendung_vr_anon_0119|confusable_offerte_08_gruendung_vr_anon_0147,0.0,0.0,3,1,0.6885,0.6807,3,confusable_offerte_08_gruendung_vr_anon_0175_chunk_0|confusable_offerte_08_gruendung_vr_anon_0119_chunk_0|confusable_offerte_08_gruendung_vr_anon_0147_chunk_0,0,0,15.62,0.0,15.62,ollama,True,CHF 5'500,,
2026-09-09T18:19:41,DOM_02,domizil,confusable,100,305,114,1,True,richtig,False,offerte_08_gruendung_vr_anon,offerte_08_gruendung_vr_anon|confusable_offerte_08_gruendung_vr_anon_0119|confusable_offerte_08_gruendung_vr_anon_0147,0.3333,1.0,3,1,0.7624,0.7587,2,offerte_08_gruendung_vr_anon_chunk_0|confusable_offerte_08_gruendung_vr_anon_0119_chunk_0|confusable_offerte_08_gruendung_vr_anon_0147_chunk_0,0,0,16.09,0.0,16.09,ollama,True,CHF 2'100,,
2026-09-09T18:19:41,DOM_03,domizil,confusable,100,305,114,1,False,falsche_stelle,False,offerte_09_domizil_beratung_anon,confusable_offerte_09_domizil_beratung_anon_0176|offerte_09_domizil_beratung_anon|confusable_offerte_09_domizil_beratung_anon_0162,0.0,0.0,3,1,0.6659,0.6609,2,confusable_offerte_09_domizil_beratung_anon_0176_chunk_0|offerte_09_domizil_beratung_anon_chunk_0|confusable_offerte_09_domizil_beratung_anon_0162_chunk_0,0,0,16.22,0.0,16.22,ollama,True,CHF 1'300,,
2026-09-09T18:19:41,DOM_04,domizil,confusable,100,305,114,1,False,falsche_stelle,False,offerte_09_domizil_beratung_anon,confusable_offerte_09_domizil_beratung_anon_0176|offerte_09_domizil_beratung_anon|confusable_offerte_09_domizil_beratung_anon_0008,0.0,0.0,3,1,0.6461,0.641,2,confusable_offerte_09_domizil_beratung_anon_0176_chunk_0|offerte_09_domizil_beratung_anon_chunk_0|confusable_offerte_09_domizil_beratung_anon_0008_chunk_0,0,0,16.13,0.0,16.13,ollama,True,CHF 3'400,,
2026-09-09T18:19:41,VR_03,verwaltungsrat,confusable,100,305,114,1,False,fehlgriff_confusable,False,offerte_09_domizil_beratung_anon,confusable_offerte_09_domizil_beratung_anon_0162|confusable_offerte_09_domizil_beratung_anon_0134|confusable_offerte_09_domizil_beratung_anon_0148,0.0,0.0,3,1,0.653,0.6528,3,confusable_offerte_09_domizil_beratung_anon_0162_chunk_0|confusable_offerte_09_domizil_beratung_anon_0134_chunk_0|confusable_offerte_09_domizil_beratung_anon_0148_chunk_0,0,0,16.11,0.0,16.11,ollama,True,CHF 4'250,,
2026-09-09T18:19:41,BUCH_05,buchhaltung,confusable,100,305,114,1,False,fehlgriff_confusable,False,offerte_09_domizil_beratung_anon,confusable_offerte_05_stiftung_audit_anon_0088|confusable_offerte_05_stiftung_audit_anon_0172|confusable_offerte_05_stiftung_audit_anon_0158,0.0,0.0,3,1,0.6539,0.6535,3,confusable_offerte_05_stiftung_audit_anon_0088_chunk_2|confusable_offerte_05_stiftung_audit_anon_0172_chunk_2|confusable_offerte_05_stiftung_audit_anon_0158_chunk_2,0,0,16.11,0.0,16.11,ollama,True,CHF 3'400 - 3'800,,
2026-09-09T18:19:41,BUCH_06,buchhaltung,confusable,100,305,114,1,False,fehlgriff_confusable,False,offerte_10_accounting_medtech_anon,confusable_offerte_07_gruendung_domizil_anon_0048|confusable_offerte_07_gruendung_domizil_anon_0006|offerte_07_gruendung_domizil_anon,0.0,0.0,3,1,0.6771,0.6769,2,confusable_offerte_07_gruendung_domizil_anon_0048_chunk_1|confusable_offerte_07_gruendung_domizil_anon_0006_chunk_1|offerte_07_gruendung_domizil_anon_chunk_1,0,0,16.14,0.0,16.14,ollama,True,CHF 3'400 - 3'800,,
2026-09-09T18:19:41,LOHN_04,lohn,confusable,100,305,114,1,False,fehlgriff_confusable,False,offerte_10_accounting_medtech_anon,confusable_offerte_03_accounting_branch_anon_0198|confusable_offerte_11_swiss_finish_anon_0024|confusable_offerte_03_accounting_branch_anon_0100,0.0,0.0,3,1,0.6308,0.6271,3,confusable_offerte_03_accounting_branch_anon_0198_chunk_0|confusable_offerte_11_swiss_finish_anon_0024_chunk_0|confusable_offerte_03_accounting_branch_anon_0100_chunk_0,0,0,16.16,0.0,16.16,ollama,True,CHF 1'000,,
2026-09-09T18:19:41,BUCH_07,buchhaltung,confusable,100,305,114,1,False,fehlgriff_confusable,False,offerte_11_swiss_finish_anon,confusable_offerte_11_swiss_finish_anon_0178|confusable_offerte_11_swiss_finish_anon_0080|confusable_offerte_11_swiss_finish_anon_0024,0.0,0.0,3,1,0.7356,0.7352,3,confusable_offerte_11_swiss_finish_anon_0178_chunk_1|confusable_offerte_11_swiss_finish_anon_0080_chunk_1|confusable_offerte_11_swiss_finish_anon_0024_chunk_1,0,0,16.12,0.0,16.12,ollama,True,CHF 210,,
2026-09-09T18:19:41,MWST_03,mwst,confusable,100,305,114,1,False,falsche_stelle,False,offerte_11_swiss_finish_anon,offerte_11_swiss_finish_anon|confusable_offerte_11_swiss_finish_anon_0052|confusable_offerte_11_swiss_finish_anon_0178,0.0,0.0,3,1,0.6868,0.6715,2,offerte_11_swiss_finish_anon_chunk_0|confusable_offerte_11_swiss_finish_anon_0052_chunk_0|confusable_offerte_11_swiss_finish_anon_0178_chunk_0,0,0,16.54,0.0,16.54,ollama,True,CHF 2'550,,
2026-09-09T18:19:41,SETUP_05,setup,confusable,100,305,114,1,False,falsche_stelle,False,offerte_11_swiss_finish_anon,offerte_11_swiss_finish_anon|confusable_offerte_11_swiss_finish_anon_0024|confusable_offerte_11_swiss_finish_anon_0122,0.0,0.0,3,1,0.6062,0.5914,2,offerte_11_swiss_finish_anon_chunk_0|confusable_offerte_11_swiss_finish_anon_0024_chunk_0|confusable_offerte_11_swiss_finish_anon_0122_chunk_0,0,0,16.73,0.0,16.73,ollama,True,CHF 340,,
2026-09-09T18:19:41,BUCH_08,buchhaltung,confusable,100,305,114,1,False,fehlgriff_confusable,False,offerte_12_lohn_reinigung_anon,confusable_offerte_01_lohn_gross_anon_0126|confusable_offerte_01_lohn_gross_anon_0028|offerte_01_lohn_gross_anon,0.0,0.0,3,1,0.7397,0.7369,2,confusable_offerte_01_lohn_gross_anon_0126_chunk_0|confusable_offerte_01_lohn_gross_anon_0028_chunk_0|offerte_01_lohn_gross_anon_chunk_0,0,0,16.77,0.0,16.77,ollama,True,CHF 2'550 - 3'000,,
2026-09-09T18:19:41,LOHN_05,lohn,confusable,100,305,114,1,False,fehlgriff_confusable,False,offerte_12_lohn_reinigung_anon,confusable_offerte_12_lohn_reinigung_anon_0067|offerte_01_lohn_gross_anon|confusable_offerte_12_lohn_reinigung_anon_0053,0.0,0.0,3,1,0.7723,0.766,2,confusable_offerte_12_lohn_reinigung_anon_0067_chunk_0|offerte_01_lohn_gross_anon_chunk_0|confusable_offerte_12_lohn_reinigung_anon_0053_chunk_0,0,0,16.82,0.0,16.82,ollama,True,CHF 600 - 1'000,,
2026-09-09T18:19:41,SETUP_06,setup,confusable,100,305,114,1,False,fehlgriff_confusable,False,offerte_12_lohn_reinigung_anon,offerte_01_lohn_gross_anon|confusable_offerte_01_lohn_gross_anon_0084|confusable_offerte_01_lohn_gross_anon_0014,0.0,0.0,3,1,0.7273,0.7172,2,offerte_01_lohn_gross_anon_chunk_0|confusable_offerte_01_lohn_gross_anon_0084_chunk_0|confusable_offerte_01_lohn_gross_anon_0014_chunk_0,0,0,16.76,0.0,16.76,ollama,True,CHF 420 - 640,,
2026-09-09T18:19:41,BUCH_09,buchhaltung,confusable,100,305,114,1,False,fehlgriff_confusable,False,offerte_13_holding_spaltung_anon,confusable_offerte_05_stiftung_audit_anon_0088|confusable_offerte_05_stiftung_audit_anon_0172|confusable_offerte_05_stiftung_audit_anon_0158,0.0,0.0,3,1,0.6614,0.6611,3,confusable_offerte_05_stiftung_audit_anon_0088_chunk_2|confusable_offerte_05_stiftung_audit_anon_0172_chunk_2|confusable_offerte_05_stiftung_audit_anon_0158_chunk_2,0,0,16.71,0.0,16.71,ollama,True,CHF 2'550 - 3'000,,
2026-09-09T18:19:41,SONST_01,sonstiges,confusable,100,305,114,1,True,richtig,False,offerte_13_holding_spaltung_anon,offerte_13_holding_spaltung_anon|confusable_offerte_13_holding_spaltung_anon_0152|confusable_offerte_13_holding_spaltung_anon_0180,0.3333,1.0,3,1,0.6525,0.6498,2,offerte_13_holding_spaltung_anon_chunk_2|confusable_offerte_13_holding_spaltung_anon_0152_chunk_2|confusable_offerte_13_holding_spaltung_anon_0180_chunk_2,0,0,16.75,0.0,16.75,ollama,True,CHF 1'700,,
2026-09-09T18:19:41,BUCH_10,buchhaltung,confusable,100,305,114,1,False,fehlgriff_confusable,False,offerte_14_buchhaltung_klein_anon,confusable_offerte_01_lohn_gross_anon_0126|confusable_offerte_01_lohn_gross_anon_0028|confusable_offerte_01_lohn_gross_anon_0084,0.0,0.0,3,1,0.6874,0.687,3,confusable_offerte_01_lohn_gross_anon_0126_chunk_1|confusable_offerte_01_lohn_gross_anon_0028_chunk_1|confusable_offerte_01_lohn_gross_anon_0084_chunk_1,0,0,16.78,0.0,16.78,ollama,True,CHF 850 - 1'300,,
2026-09-09T18:19:41,STEU_03,steuern,confusable,100,305,114,1,False,fehlgriff_confusable,False,offerte_14_buchhaltung_klein_anon,confusable_offerte_01_lohn_gross_anon_0126|confusable_offerte_01_lohn_gross_anon_0028|confusable_offerte_14_buchhaltung_klein_anon_0181,0.0,0.0,3,1,0.7839,0.7773,3,confusable_offerte_01_lohn_gross_anon_0126_chunk_0|confusable_offerte_01_lohn_gross_anon_0028_chunk_0|confusable_offerte_14_buchhaltung_klein_anon_0181_chunk_0,0,0,16.8,0.0,16.8,ollama,True,CHF 640,,
2026-09-09T18:19:41,UNB_01,unbeantwortbar,confusable,100,305,114,1,False,material_fuer_halluzination,True,,confusable_offerte_12_lohn_reinigung_anon_0067|confusable_offerte_12_lohn_reinigung_anon_0053|confusable_offerte_12_lohn_reinigung_anon_0025,0.0,0.0,3,0,0.6833,0.6812,3,confusable_offerte_12_lohn_reinigung_anon_0067_chunk_0|confusable_offerte_12_lohn_reinigung_anon_0053_chunk_0|confusable_offerte_12_lohn_reinigung_anon_0025_chunk_0,0,0,16.69,0.0,16.69,ollama,True,nicht in den Unterlagen,,
2026-09-09T18:19:41,UNB_02,unbeantwortbar,confusable,100,305,114,1,False,material_fuer_halluzination,True,,confusable_offerte_01_lohn_gross_anon_0084|confusable_offerte_08_gruendung_vr_anon_0119|confusable_offerte_01_lohn_gross_anon_0154,0.0,0.0,3,0,0.6168,0.6117,3,confusable_offerte_01_lohn_gross_anon_0084_chunk_0|confusable_offerte_08_gruendung_vr_anon_0119_chunk_0|confusable_offerte_01_lohn_gross_anon_0154_chunk_0,0,0,16.74,0.0,16.74,ollama,True,nicht in den Unterlagen,,
2026-09-09T18:19:41,UNB_03,unbeantwortbar,confusable,100,305,114,1,False,material_fuer_halluzination,True,,confusable_offerte_08_gruendung_vr_anon_0119|offerte_08_gruendung_vr_anon|confusable_offerte_08_gruendung_vr_anon_0147,0.0,0.0,3,0,0.6559,0.6511,2,confusable_offerte_08_gruendung_vr_anon_0119_chunk_0|offerte_08_gruendung_vr_anon_chunk_0|confusable_offerte_08_gruendung_vr_anon_0147_chunk_0,0,0,16.72,0.0,16.72,ollama,True,nicht in den Unterlagen,,
2026-09-09T18:19:41,UNB_04,unbeantwortbar,confusable,100,305,114,1,False,material_fuer_halluzination,True,,confusable_offerte_08_gruendung_vr_anon_0119|confusable_offerte_14_buchhaltung_klein_anon_0013|offerte_14_buchhaltung_klein_anon,0.0,0.0,3,0,0.6823,0.6739,2,confusable_offerte_08_gruendung_vr_anon_0119_chunk_0|confusable_offerte_14_buchhaltung_klein_anon_0013_chunk_1|offerte_14_buchhaltung_klein_anon_chunk_1,0,0,16.73,0.0,16.73,ollama,True,nicht in den Unterlagen,,
2026-09-09T18:19:41,UNB_05,unbeantwortbar,confusable,100,305,114,1,False,material_fuer_halluzination,True,,confusable_offerte_12_lohn_reinigung_anon_0053|confusable_offerte_12_lohn_reinigung_anon_0067|confusable_offerte_14_buchhaltung_klein_anon_0125,0.0,0.0,3,0,0.6722,0.6687,3,confusable_offerte_12_lohn_reinigung_anon_0053_chunk_0|confusable_offerte_12_lohn_reinigung_anon_0067_chunk_0|confusable_offerte_14_buchhaltung_klein_anon_0125_chunk_0,0,0,16.78,0.0,16.78,ollama,True,nicht in den Unterlagen,,
2026-09-09T18:19:46,LOHN_01,lohn,confusable,100,298,114,2,False,falsche_stelle,False,offerte_01_lohn_gross_anon,offerte_01_lohn_gross_anon|confusable_offerte_01_lohn_gross_anon_0056|confusable_offerte_01_lohn_gross_anon_0126,0.0,0.0,3,1,0.7905,0.7888,2,offerte_01_lohn_gross_anon_chunk_0|confusable_offerte_01_lohn_gross_anon_0056_chunk_0|confusable_offerte_01_lohn_gross_anon_0126_chunk_0,0,0,14.95,0.0,14.95,ollama,True,CHF 680,,
2026-09-09T18:19:46,BUCH_01,buchhaltung,confusable,100,298,114,2,False,fehlgriff_confusable,False,offerte_01_lohn_gross_anon,confusable_offerte_01_lohn_gross_anon_0028|confusable_offerte_08_gruendung_vr_anon_0175|confusable_offerte_01_lohn_gross_anon_0000,0.0,0.0,3,1,0.6622,0.6608,3,confusable_offerte_01_lohn_gross_anon_0028_chunk_1|confusable_offerte_08_gruendung_vr_anon_0175_chunk_0|confusable_offerte_01_lohn_gross_anon_0000_chunk_1,0,0,15.0,0.0,15.0,ollama,True,CHF 12'750 - 15'300,,
2026-09-09T18:19:46,MWST_01,mwst,confusable,100,298,114,2,False,fehlgriff_confusable,False,offerte_01_lohn_gross_anon,confusable_offerte_01_lohn_gross_anon_0126|confusable_offerte_01_lohn_gross_anon_0028|confusable_offerte_01_lohn_gross_anon_0168,0.0,0.0,3,1,0.7993,0.7937,3,confusable_offerte_01_lohn_gross_anon_0126_chunk_0|confusable_offerte_01_lohn_gross_anon_0028_chunk_0|confusable_offerte_01_lohn_gross_anon_0168_chunk_0,0,0,14.98,0.0,14.98,ollama,True,CHF 1'300,,
2026-09-09T18:19:46,STEU_01,steuern,confusable,100,298,114,2,False,fehlgriff_confusable,False,offerte_01_lohn_gross_anon,confusable_offerte_01_lohn_gross_anon_0126|confusable_offerte_01_lohn_gross_anon_0028|confusable_offerte_01_lohn_gross_anon_0168,0.0,0.0,3,1,0.7878,0.7817,3,confusable_offerte_01_lohn_gross_anon_0126_chunk_0|confusable_offerte_01_lohn_gross_anon_0028_chunk_0|confusable_offerte_01_lohn_gross_anon_0168_chunk_0,0,0,15.05,0.0,15.05,ollama,True,CHF 850,,
2026-09-09T18:19:46,SETUP_01,setup,confusable,100,298,114,2,False,falsche_stelle,False,offerte_01_lohn_gross_anon,offerte_01_lohn_gross_anon|confusable_offerte_01_lohn_gross_anon_0056|confusable_offerte_01_lohn_gross_anon_0084,0.0,0.0,3,1,0.7224,0.7133,2,offerte_01_lohn_gross_anon_chunk_0|confusable_offerte_01_lohn_gross_anon_0056_chunk_0|confusable_offerte_01_lohn_gross_anon_0084_chunk_0,0,0,15.06,0.0,15.06,ollama,True,CHF 420,,
2026-09-09T18:19:46,SETUP_02,setup,confusable,100,298,114,2,False,falsche_stelle,False,offerte_01_lohn_gross_anon,offerte_01_lohn_gross_anon|confusable_offerte_01_lohn_gross_anon_0056|confusable_offerte_01_lohn_gross_anon_0084,0.0,0.0,3,1,0.7594,0.7482,2,offerte_01_lohn_gross_anon_chunk_0|confusable_offerte_01_lohn_gross_anon_0056_chunk_0|confusable_offerte_01_lohn_gross_anon_0084_chunk_0,0,0,15.15,0.0,15.15,ollama,True,CHF 640,,
2026-09-09T18:19:46,RATE_01,stundensatz,confusable,100,298,114,2,False,fehlgriff_confusable,False,offerte_01_lohn_gross_anon,confusable_offerte_01_lohn_gross_anon_0126|confusable_offerte_01_lohn_gross_anon_0028|confusable_offerte_01_lohn_gross_anon_0168,0.0,0.0,3,1,0.7872,0.7833,3,confusable_offerte_01_lohn_gross_anon_0126_chunk_0|confusable_offerte_01_lohn_gross_anon_0028_chunk_0|confusable_offerte_01_lohn_gross_anon_0168_chunk_0,0,0,15.05,0.0,15.05,ollama,True,CHF 140,,
2026-09-09T18:19:46,BUCH_02,buchhaltung,confusable,100,298,114,2,False,fehlgriff_confusable,False,offerte_02_accounting_intl_anon,confusable_offerte_07_gruendung_domizil_anon_0160|confusable_offerte_05_stiftung_audit_anon_0186|confusable_offerte_05_stiftung_audit_anon_0158,0.0,0.0,3,1,0.6586,0.6585,3,confusable_offerte_07_gruendung_domizil_anon_0160_chunk_1|confusable_offerte_05_stiftung_audit_anon_0186_chunk_2|confusable_offerte_05_stiftung_audit_anon_0158_chunk_2,0,0,15.09,0.0,15.09,ollama,True,CHF 1'700 - 2'100,,
2026-09-09T18:19:46,LOHN_02,lohn,confusable,100,298,114,2,False,fehlgriff_confusable,False,offerte_02_accounting_intl_anon,confusable_offerte_11_swiss_finish_anon_0024|confusable_offerte_03_accounting_branch_anon_0156|confusable_offerte_03_accounting_branch_anon_0002,0.0,0.0,3,1,0.6178,0.6159,3,confusable_offerte_11_swiss_finish_anon_0024_chunk_0|confusable_offerte_03_accounting_branch_anon_0156_chunk_0|confusable_offerte_03_accounting_branch_anon_0002_chunk_0,0,0,15.33,0.0,15.33,ollama,True,CHF 1'000,,
2026-09-09T18:19:46,SETUP_03,setup,confusable,100,298,114,2,False,falsche_stelle,False,offerte_02_accounting_intl_anon,offerte_02_accounting_intl_anon|confusable_offerte_07_gruendung_domizil_anon_0034|confusable_offerte_07_gruendung_domizil_anon_0076,0.0,0.0,3,1,0.6348,0.6331,2,offerte_02_accounting_intl_anon_chunk_0|confusable_offerte_07_gruendung_domizil_anon_0034_chunk_1|confusable_offerte_07_gruendung_domizil_anon_0076_chunk_1,0,0,15.28,0.0,15.28,ollama,True,CHF 1'300,,
2026-09-09T18:19:46,MWST_02,mwst,confusable,100,298,114,2,False,falsche_stelle,False,offerte_02_accounting_intl_anon,offerte_02_accounting_intl_anon|confusable_offerte_07_gruendung_domizil_anon_0076|offerte_07_gruendung_domizil_anon,0.0,0.0,3,1,0.6487,0.646,1,offerte_02_accounting_intl_anon_chunk_0|confusable_offerte_07_gruendung_domizil_anon_0076_chunk_1|offerte_07_gruendung_domizil_anon_chunk_1,0,0,15.27,0.0,15.27,ollama,True,CHF 850,,
2026-09-09T18:19:46,VERS_01,versicherung,confusable,100,298,114,2,False,falsche_stelle,False,offerte_02_accounting_intl_anon,offerte_11_swiss_finish_anon|offerte_02_accounting_intl_anon|offerte_03_accounting_branch_anon,0.0,0.0,3,1,0.6259,0.6231,0,offerte_11_swiss_finish_anon_chunk_0|offerte_02_accounting_intl_anon_chunk_0|offerte_03_accounting_branch_anon_chunk_0,0,0,15.29,0.0,15.29,ollama,True,CHF 850 - 1'700,,
2026-09-09T18:19:46,BUCH_03,buchhaltung,confusable,100,298,114,2,False,falsche_stelle,False,offerte_03_accounting_branch_anon,offerte_03_accounting_branch_anon|confusable_offerte_13_holding_spaltung_anon_0152|confusable_offerte_13_holding_spaltung_anon_0124,0.0,0.0,3,1,0.6963,0.685,2,offerte_03_accounting_branch_anon_chunk_0|confusable_offerte_13_holding_spaltung_anon_0152_chunk_2|confusable_offerte_13_holding_spaltung_anon_0124_chunk_2,0,0,15.34,0.0,15.34,ollama,True,CHF 3'400 - 3'800,,
2026-09-09T18:19:46,SETUP_04,setup,confusable,100,298,114,2,False,falsche_stelle,False,offerte_03_accounting_branch_anon,offerte_03_accounting_branch_anon|confusable_offerte_03_accounting_branch_anon_0086|confusable_offerte_03_accounting_branch_anon_0044,0.0,0.0,3,1,0.6634,0.6436,2,offerte_03_accounting_branch_anon_chunk_0|confusable_offerte_03_accounting_branch_anon_0086_chunk_0|confusable_offerte_03_accounting_branch_anon_0044_chunk_0,0,0,15.65,0.0,15.65,ollama,True,CHF 1'300,,
2026-09-09T18:19:46,STEU_02,steuern,confusable,100,298,114,2,False,falsche_stelle,False,offerte_03_accounting_branch_anon,offerte_03_accounting_branch_anon|confusable_offerte_13_holding_spaltung_anon_0152|confusable_offerte_13_holding_spaltung_anon_0124,0.0,0.0,3,1,0.6383,0.6357,2,offerte_03_accounting_branch_anon_chunk_0|confusable_offerte_13_holding_spaltung_anon_0152_chunk_2|confusable_offerte_13_holding_spaltung_anon_0124_chunk_2,0,0,15.84,0.0,15.84,ollama,True,CHF 850,,
2026-09-09T18:19:46,REV_01,revision,confusable,100,298,114,2,True,richtig,False,offerte_04_revision_anon,offerte_04_revision_anon|confusable_offerte_04_revision_anon_0045|confusable_offerte_04_revision_anon_0129,0.3333,1.0,3,1,0.8388,0.827,2,offerte_04_revision_anon_chunk_0|confusable_offerte_04_revision_anon_0045_chunk_0|confusable_offerte_04_revision_anon_0129_chunk_0,0,0,15.77,0.0,15.77,ollama,True,CHF 3'250,,
2026-09-09T18:19:46,REV_02,revision,confusable,100,298,114,2,False,fehlgriff_confusable,False,offerte_04_revision_anon,confusable_offerte_14_buchhaltung_klein_anon_0041|confusable_offerte_08_gruendung_vr_anon_0035|confusable_offerte_12_lohn_reinigung_anon_0151,0.0,0.0,3,1,0.6552,0.6454,3,confusable_offerte_14_buchhaltung_klein_anon_0041_chunk_0|confusable_offerte_08_gruendung_vr_anon_0035_chunk_0|confusable_offerte_12_lohn_reinigung_anon_0151_chunk_0,0,0,15.78,0.0,15.78,ollama,True,CHF 1'300,,
2026-09-09T18:19:46,AUD_01,revision,confusable,100,298,114,2,True,richtig,False,offerte_05_stiftung_audit_anon,offerte_05_stiftung_audit_anon|confusable_offerte_05_stiftung_audit_anon_0102,0.3333,1.0,3,1,0.6236,0.6126,1,offerte_05_stiftung_audit_anon_chunk_0|offerte_05_stiftung_audit_anon_chunk_2|confusable_offerte_05_stiftung_audit_anon_0102_chunk_2,0,0,15.74,0.0,15.74,ollama,True,CHF 1'550 - 2'100,,
2026-09-09T18:19:46,AUD_02,revision,confusable,100,298,114,2,False,fehlgriff_confusable,False,offerte_05_stiftung_audit_anon,confusable_offerte_05_stiftung_audit_anon_0186|confusable_offerte_05_stiftung_audit_anon_0158|confusable_offerte_05_stiftung_audit_anon_0102,0.0,0.0,3,1,0.6698,0.6696,3,confusable_offerte_05_stiftung_audit_anon_0186_chunk_2|confusable_offerte_05_stiftung_audit_anon_0158_chunk_2|confusable_offerte_05_stiftung_audit_anon_0102_chunk_2,0,0,15.81,0.0,15.81,ollama,True,CHF 3'800 - 4'700,,
2026-09-09T18:19:46,LOHN_03,lohn,confusable,100,298,114,2,False,falsche_stelle,False,offerte_05_stiftung_audit_anon,confusable_offerte_05_stiftung_audit_anon_0046|offerte_05_stiftung_audit_anon|confusable_offerte_02_accounting_intl_anon_0155,0.0,0.0,3,1,0.6281,0.6251,2,confusable_offerte_05_stiftung_audit_anon_0046_chunk_0|offerte_05_stiftung_audit_anon_chunk_0|confusable_offerte_02_accounting_intl_anon_0155_chunk_2,0,0,16.07,0.0,16.07,ollama,True,CHF 760,,
2026-09-09T18:19:46,GRUE_01,gruendung,confusable,100,298,114,2,False,fehlgriff_confusable,False,offerte_06_gruendung_klein_anon,confusable_offerte_08_gruendung_vr_anon_0175|confusable_offerte_06_gruendung_klein_anon_0103|confusable_offerte_08_gruendung_vr_anon_0133,0.0,0.0,3,1,0.7051,0.6896,3,confusable_offerte_08_gruendung_vr_anon_0175_chunk_0|confusable_offerte_06_gruendung_klein_anon_0103_chunk_0|confusable_offerte_08_gruendung_vr_anon_0133_chunk_0,0,0,16.35,0.0,16.35,ollama,True,CHF 1'700,,
2026-09-09T18:19:46,BUCH_04,buchhaltung,confusable,100,298,114,2,False,fehlgriff_confusable,False,offerte_06_gruendung_klein_anon,confusable_offerte_01_lohn_gross_anon_0182|confusable_offerte_01_lohn_gross_anon_0126|confusable_offerte_01_lohn_gross_anon_0028,0.0,0.0,3,1,0.6929,0.6911,3,confusable_offerte_01_lohn_gross_anon_0182_chunk_1|confusable_offerte_01_lohn_gross_anon_0126_chunk_1|confusable_offerte_01_lohn_gross_anon_0028_chunk_1,0,0,16.46,0.0,16.46,ollama,True,CHF 1'700 - 2'550,,
2026-09-09T18:19:46,VERS_02,versicherung,confusable,100,298,114,2,False,fehlgriff_confusable,False,offerte_06_gruendung_klein_anon,confusable_offerte_14_buchhaltung_klein_anon_0013|confusable_offerte_06_gruendung_klein_anon_0145|confusable_offerte_01_lohn_gross_anon_0126,0.0,0.0,3,1,0.6938,0.6876,3,confusable_offerte_14_buchhaltung_klein_anon_0013_chunk_0|confusable_offerte_06_gruendung_klein_anon_0145_chunk_0|confusable_offerte_01_lohn_gross_anon_0126_chunk_0,0,0,16.37,0.0,16.37,ollama,True,CHF 210,,
2026-09-09T18:19:46,GRUE_02,gruendung,confusable,100,298,114,2,True,richtig,False,offerte_07_gruendung_domizil_anon,offerte_07_gruendung_domizil_anon|confusable_offerte_07_gruendung_domizil_anon_0076|confusable_offerte_07_gruendung_domizil_anon_0020,0.3333,1.0,3,1,0.6324,0.632,2,offerte_07_gruendung_domizil_anon_chunk_1|confusable_offerte_07_gruendung_domizil_anon_0076_chunk_1|confusable_offerte_07_gruendung_domizil_anon_0020_chunk_1,0,0,16.34,0.0,16.34,ollama,True,CHF 2'100,,
2026-09-09T18:19:46,VR_01,verwaltungsrat,confusable,100,298,114,2,False,fehlgriff_confusable,False,offerte_07_gruendung_domizil_anon,confusable_offerte_11_swiss_finish_anon_0164|offerte_11_swiss_finish_anon|confusable_offerte_11_swiss_finish_anon_0136,0.0,0.0,3,1,0.6274,0.6273,2,confusable_offerte_11_swiss_finish_anon_0164_chunk_1|offerte_11_swiss_finish_anon_chunk_1|confusable_offerte_11_swiss_finish_anon_0136_chunk_1,0,0,16.29,0.0,16.29,ollama,True,CHF 4'250,,
2026-09-09T18:19:46,DOM_01,domizil,confusable,100,298,114,2,False,fehlgriff_confusable,False,offerte_07_gruendung_domizil_anon,confusable_offerte_09_domizil_beratung_anon_0134|confusable_offerte_09_domizil_beratung_anon_0092|offerte_09_domizil_beratung_anon,0.0,0.0,3,1,0.6626,0.6587,2,confusable_offerte_09_domizil_beratung_anon_0134_chunk_0|confusable_offerte_09_domizil_beratung_anon_0092_chunk_0|offerte_09_domizil_beratung_anon_chunk_0,0,0,16.31,0.0,16.31,ollama,True,CHF 1'700,,
2026-09-09T18:19:46,VR_02,verwaltungsrat,confusable,100,298,114,2,False,fehlgriff_confusable,False,offerte_08_gruendung_vr_anon,confusable_offerte_08_gruendung_vr_anon_0175|confusable_offerte_01_lohn_gross_anon_0056|confusable_offerte_08_gruendung_vr_anon_0035,0.0,0.0,3,1,0.6885,0.6793,3,confusable_offerte_08_gruendung_vr_anon_0175_chunk_0|confusable_offerte_01_lohn_gross_anon_0056_chunk_0|confusable_offerte_08_gruendung_vr_anon_0035_chunk_0,0,0,16.34,0.0,16.34,ollama,True,CHF 5'500,,
2026-09-09T18:19:46,DOM_02,domizil,confusable,100,298,114,2,True,richtig,False,offerte_08_gruendung_vr_anon,offerte_08_gruendung_vr_anon|confusable_offerte_08_gruendung_vr_anon_0035|confusable_offerte_08_gruendung_vr_anon_0189,0.3333,1.0,3,1,0.7624,0.7552,2,offerte_08_gruendung_vr_anon_chunk_0|confusable_offerte_08_gruendung_vr_anon_0035_chunk_0|confusable_offerte_08_gruendung_vr_anon_0189_chunk_0,0,0,16.43,0.0,16.43,ollama,True,CHF 2'100,,
2026-09-09T18:19:47,DOM_03,domizil,confusable,100,298,114,2,False,falsche_stelle,False,offerte_09_domizil_beratung_anon,confusable_offerte_09_domizil_beratung_anon_0176|offerte_09_domizil_beratung_anon|confusable_offerte_09_domizil_beratung_anon_0092,0.0,0.0,3,1,0.6659,0.6616,2,confusable_offerte_09_domizil_beratung_anon_0176_chunk_0|offerte_09_domizil_beratung_anon_chunk_0|confusable_offerte_09_domizil_beratung_anon_0092_chunk_0,0,0,16.35,0.0,16.35,ollama,True,CHF 1'300,,
2026-09-09T18:19:47,DOM_04,domizil,confusable,100,298,114,2,False,falsche_stelle,False,offerte_09_domizil_beratung_anon,confusable_offerte_09_domizil_beratung_anon_0176|offerte_09_domizil_beratung_anon|confusable_offerte_09_domizil_beratung_anon_0092,0.0,0.0,3,1,0.6461,0.6413,2,confusable_offerte_09_domizil_beratung_anon_0176_chunk_0|offerte_09_domizil_beratung_anon_chunk_0|confusable_offerte_09_domizil_beratung_anon_0092_chunk_0,0,0,16.4,0.0,16.4,ollama,True,CHF 3'400,,
2026-09-09T18:19:47,VR_03,verwaltungsrat,confusable,100,298,114,2,False,fehlgriff_confusable,False,offerte_09_domizil_beratung_anon,confusable_offerte_09_domizil_beratung_anon_0134|confusable_offerte_09_domizil_beratung_anon_0022|confusable_offerte_07_gruendung_domizil_anon_0020,0.0,0.0,3,1,0.6527,0.6513,3,confusable_offerte_09_domizil_beratung_anon_0134_chunk_0|confusable_offerte_09_domizil_beratung_anon_0022_chunk_0|confusable_offerte_07_gruendung_domizil_anon_0020_chunk_0,0,0,16.31,0.0,16.31,ollama,True,CHF 4'250,,
2026-09-09T18:19:47,BUCH_05,buchhaltung,confusable,100,298,114,2,False,fehlgriff_confusable,False,offerte_09_domizil_beratung_anon,confusable_offerte_05_stiftung_audit_anon_0186|confusable_offerte_05_stiftung_audit_anon_0158|confusable_offerte_05_stiftung_audit_anon_0102,0.0,0.0,3,1,0.6535,0.6534,3,confusable_offerte_05_stiftung_audit_anon_0186_chunk_2|confusable_offerte_05_stiftung_audit_anon_0158_chunk_2|confusable_offerte_05_stiftung_audit_anon_0102_chunk_2,0,0,16.38,0.0,16.38,ollama,True,CHF 3'400 - 3'800,,
2026-09-09T18:19:47,BUCH_06,buchhaltung,confusable,100,298,114,2,False,fehlgriff_confusable,False,offerte_10_accounting_medtech_anon,confusable_offerte_07_gruendung_domizil_anon_0160|offerte_07_gruendung_domizil_anon|confusable_offerte_07_gruendung_domizil_anon_0020,0.0,0.0,3,1,0.6768,0.6767,2,confusable_offerte_07_gruendung_domizil_anon_0160_chunk_1|offerte_07_gruendung_domizil_anon_chunk_1|confusable_offerte_07_gruendung_domizil_anon_0020_chunk_1,0,0,16.3,0.0,16.3,ollama,True,CHF 3'400 - 3'800,,
2026-09-09T18:19:47,LOHN_04,lohn,confusable,100,298,114,2,False,fehlgriff_confusable,False,offerte_10_accounting_medtech_anon,confusable_offerte_11_swiss_finish_anon_0024|confusable_offerte_03_accounting_branch_anon_0156|confusable_offerte_03_accounting_branch_anon_0100,0.0,0.0,3,1,0.6279,0.6254,3,confusable_offerte_11_swiss_finish_anon_0024_chunk_0|confusable_offerte_03_accounting_branch_anon_0156_chunk_0|confusable_offerte_03_accounting_branch_anon_0100_chunk_0,0,0,16.28,0.0,16.28,ollama,True,CHF 1'000,,
2026-09-09T18:19:47,BUCH_07,buchhaltung,confusable,100,298,114,2,False,fehlgriff_confusable,False,offerte_11_swiss_finish_anon,confusable_offerte_11_swiss_finish_anon_0108|confusable_offerte_11_swiss_finish_anon_0164|confusable_offerte_11_swiss_finish_anon_0136,0.0,0.0,3,1,0.7366,0.7354,3,confusable_offerte_11_swiss_finish_anon_0108_chunk_1|confusable_offerte_11_swiss_finish_anon_0164_chunk_1|confusable_offerte_11_swiss_finish_anon_0136_chunk_1,0,0,16.38,0.0,16.38,ollama,True,CHF 210,,
2026-09-09T18:19:47,MWST_03,mwst,confusable,100,298,114,2,False,falsche_stelle,False,offerte_11_swiss_finish_anon,offerte_11_swiss_finish_anon|confusable_offerte_11_swiss_finish_anon_0136|confusable_offerte_11_swiss_finish_anon_0024,0.0,0.0,3,1,0.6868,0.6716,2,offerte_11_swiss_finish_anon_chunk_0|confusable_offerte_11_swiss_finish_anon_0136_chunk_0|confusable_offerte_11_swiss_finish_anon_0024_chunk_0,0,0,16.35,0.0,16.35,ollama,True,CHF 2'550,,
2026-09-09T18:19:47,SETUP_05,setup,confusable,100,298,114,2,False,falsche_stelle,False,offerte_11_swiss_finish_anon,offerte_11_swiss_finish_anon|confusable_offerte_11_swiss_finish_anon_0024|confusable_offerte_11_swiss_finish_anon_0192,0.0,0.0,3,1,0.6062,0.5919,2,offerte_11_swiss_finish_anon_chunk_0|confusable_offerte_11_swiss_finish_anon_0024_chunk_0|confusable_offerte_11_swiss_finish_anon_0192_chunk_0,0,0,16.31,0.0,16.31,ollama,True,CHF 340,,
2026-09-09T18:19:47,BUCH_08,buchhaltung,confusable,100,298,114,2,False,fehlgriff_confusable,False,offerte_12_lohn_reinigung_anon,confusable_offerte_01_lohn_gross_anon_0056|confusable_offerte_01_lohn_gross_anon_0126|confusable_offerte_01_lohn_gross_anon_0028,0.0,0.0,3,1,0.7422,0.74,3,confusable_offerte_01_lohn_gross_anon_0056_chunk_0|confusable_offerte_01_lohn_gross_anon_0126_chunk_0|confusable_offerte_01_lohn_gross_anon_0028_chunk_0,0,0,16.36,0.0,16.36,ollama,True,CHF 2'550 - 3'000,,
2026-09-09T18:19:47,LOHN_05,lohn,confusable,100,298,114,2,False,falsche_stelle,False,offerte_12_lohn_reinigung_anon,confusable_offerte_01_lohn_gross_anon_0056|offerte_01_lohn_gross_anon|offerte_12_lohn_reinigung_anon,0.0,0.0,3,1,0.7685,0.7639,1,confusable_offerte_01_lohn_gross_anon_0056_chunk_0|offerte_01_lohn_gross_anon_chunk_0|offerte_12_lohn_reinigung_anon_chunk_0,0,0,16.46,0.0,16.46,ollama,True,CHF 600 - 1'000,,
2026-09-09T18:19:47,SETUP_06,setup,confusable,100,298,114,2,False,fehlgriff_confusable,False,offerte_12_lohn_reinigung_anon,offerte_01_lohn_gross_anon|confusable_offerte_01_lohn_gross_anon_0056|confusable_offerte_01_lohn_gross_anon_0084,0.0,0.0,3,1,0.7273,0.7219,2,offerte_01_lohn_gross_anon_chunk_0|confusable_offerte_01_lohn_gross_anon_0056_chunk_0|confusable_offerte_01_lohn_gross_anon_0084_chunk_0,0,0,16.29,0.0,16.29,ollama,True,CHF 420 - 640,,
2026-09-09T18:19:47,BUCH_09,buchhaltung,confusable,100,298,114,2,False,fehlgriff_confusable,False,offerte_13_holding_spaltung_anon,confusable_offerte_05_stiftung_audit_anon_0186|confusable_offerte_05_stiftung_audit_anon_0158|confusable_offerte_05_stiftung_audit_anon_0102,0.0,0.0,3,1,0.6608,0.6607,3,confusable_offerte_05_stiftung_audit_anon_0186_chunk_2|confusable_offerte_05_stiftung_audit_anon_0158_chunk_2|confusable_offerte_05_stiftung_audit_anon_0102_chunk_2,0,0,16.3,0.0,16.3,ollama,True,CHF 2'550 - 3'000,,
2026-09-09T18:19:47,SONST_01,sonstiges,confusable,100,298,114,2,True,richtig,False,offerte_13_holding_spaltung_anon,offerte_13_holding_spaltung_anon|confusable_offerte_13_holding_spaltung_anon_0012|confusable_offerte_13_holding_spaltung_anon_0026,0.3333,1.0,3,1,0.6525,0.6505,2,offerte_13_holding_spaltung_anon_chunk_2|confusable_offerte_13_holding_spaltung_anon_0012_chunk_2|confusable_offerte_13_holding_spaltung_anon_0026_chunk_2,0,0,16.36,0.0,16.36,ollama,True,CHF 1'700,,
2026-09-09T18:19:47,BUCH_10,buchhaltung,confusable,100,298,114,2,False,fehlgriff_confusable,False,offerte_14_buchhaltung_klein_anon,confusable_offerte_01_lohn_gross_anon_0126|confusable_offerte_01_lohn_gross_anon_0028|confusable_offerte_01_lohn_gross_anon_0084,0.0,0.0,3,1,0.6874,0.687,3,confusable_offerte_01_lohn_gross_anon_0126_chunk_1|confusable_offerte_01_lohn_gross_anon_0028_chunk_1|confusable_offerte_01_lohn_gross_anon_0084_chunk_1,0,0,16.36,0.0,16.36,ollama,True,CHF 850 - 1'300,,
2026-09-09T18:19:47,STEU_03,steuern,confusable,100,298,114,2,False,fehlgriff_confusable,False,offerte_14_buchhaltung_klein_anon,confusable_offerte_01_lohn_gross_anon_0126|confusable_offerte_01_lohn_gross_anon_0028|confusable_offerte_01_lohn_gross_anon_0168,0.0,0.0,3,1,0.7839,0.778,3,confusable_offerte_01_lohn_gross_anon_0126_chunk_0|confusable_offerte_01_lohn_gross_anon_0028_chunk_0|confusable_offerte_01_lohn_gross_anon_0168_chunk_0,0,0,16.34,0.0,16.34,ollama,True,CHF 640,,
2026-09-09T18:19:47,UNB_01,unbeantwortbar,confusable,100,298,114,2,False,material_fuer_halluzination,True,,confusable_offerte_14_buchhaltung_klein_anon_0055|confusable_offerte_12_lohn_reinigung_anon_0025|confusable_offerte_08_gruendung_vr_anon_0175,0.0,0.0,3,0,0.6827,0.6807,3,confusable_offerte_14_buchhaltung_klein_anon_0055_chunk_0|confusable_offerte_12_lohn_reinigung_anon_0025_chunk_0|confusable_offerte_08_gruendung_vr_anon_0175_chunk_0,0,0,16.36,0.0,16.36,ollama,True,nicht in den Unterlagen,,
2026-09-09T18:19:47,UNB_02,unbeantwortbar,confusable,100,298,114,2,False,material_fuer_halluzination,True,,confusable_offerte_01_lohn_gross_anon_0084|confusable_offerte_01_lohn_gross_anon_0056|confusable_offerte_01_lohn_gross_anon_0140,0.0,0.0,3,0,0.6168,0.6114,3,confusable_offerte_01_lohn_gross_anon_0084_chunk_0|confusable_offerte_01_lohn_gross_anon_0056_chunk_0|confusable_offerte_01_lohn_gross_anon_0140_chunk_0,0,0,16.31,0.0,16.31,ollama,True,nicht in den Unterlagen,,
2026-09-09T18:19:47,UNB_03,unbeantwortbar,confusable,100,298,114,2,False,material_fuer_halluzination,True,,offerte_08_gruendung_vr_anon|confusable_offerte_08_gruendung_vr_anon_0035|confusable_offerte_08_gruendung_vr_anon_0133,0.0,0.0,3,0,0.6503,0.6476,2,offerte_08_gruendung_vr_anon_chunk_0|confusable_offerte_08_gruendung_vr_anon_0035_chunk_0|confusable_offerte_08_gruendung_vr_anon_0133_chunk_0,0,0,16.35,0.0,16.35,ollama,True,nicht in den Unterlagen,,
2026-09-09T18:19:47,UNB_04,unbeantwortbar,confusable,100,298,114,2,False,material_fuer_halluzination,True,,confusable_offerte_14_buchhaltung_klein_anon_0097|confusable_offerte_14_buchhaltung_klein_anon_0013|offerte_14_buchhaltung_klein_anon,0.0,0.0,3,0,0.6701,0.6698,2,confusable_offerte_14_buchhaltung_klein_anon_0097_chunk_1|confusable_offerte_14_buchhaltung_klein_anon_0013_chunk_1|offerte_14_buchhaltung_klein_anon_chunk_1,0,0,16.34,0.0,16.34,ollama,True,nicht in den Unterlagen,,
2026-09-09T18:19:47,UNB_05,unbeantwortbar,confusable,100,298,114,2,False,material_fuer_halluzination,True,,confusable_offerte_14_buchhaltung_klein_anon_0055|confusable_offerte_12_lohn_reinigung_anon_0165|confusable_offerte_01_lohn_gross_anon_0056,0.0,0.0,3,0,0.671,0.6658,3,confusable_offerte_14_buchhaltung_klein_anon_0055_chunk_0|confusable_offerte_12_lohn_reinigung_anon_0165_chunk_0|confusable_offerte_01_lohn_gross_anon_0056_chunk_0,0,0,16.33,0.0,16.33,ollama,True,nicht in den Unterlagen,,
2026-09-09T18:19:50,LOHN_01,lohn,confusable,100,302,114,3,False,falsche_stelle,False,offerte_01_lohn_gross_anon,offerte_01_lohn_gross_anon|confusable_offerte_01_lohn_gross_anon_0056|confusable_offerte_12_lohn_reinigung_anon_0067,0.0,0.0,3,1,0.7905,0.7868,2,offerte_01_lohn_gross_anon_chunk_0|confusable_offerte_01_lohn_gross_anon_0056_chunk_0|confusable_offerte_12_lohn_reinigung_anon_0067_chunk_0,0,0,15.41,0.0,15.41,ollama,True,CHF 680,,
2026-09-09T18:19:50,BUCH_01,buchhaltung,confusable,100,302,114,3,False,fehlgriff_confusable,False,offerte_01_lohn_gross_anon,confusable_offerte_01_lohn_gross_anon_0028|confusable_offerte_08_gruendung_vr_anon_0175|confusable_offerte_01_lohn_gross_anon_0140,0.0,0.0,3,1,0.6622,0.6599,3,confusable_offerte_01_lohn_gross_anon_0028_chunk_1|confusable_offerte_08_gruendung_vr_anon_0175_chunk_0|confusable_offerte_01_lohn_gross_anon_0140_chunk_1,0,0,15.37,0.0,15.37,ollama,True,CHF 12'750 - 15'300,,
2026-09-09T18:19:50,MWST_01,mwst,confusable,100,302,114,3,False,falsche_stelle,False,offerte_01_lohn_gross_anon,confusable_offerte_01_lohn_gross_anon_0028|offerte_01_lohn_gross_anon|confusable_offerte_01_lohn_gross_anon_0056,0.0,0.0,3,1,0.7932,0.7878,2,confusable_offerte_01_lohn_gross_anon_0028_chunk_0|offerte_01_lohn_gross_anon_chunk_0|confusable_offerte_01_lohn_gross_anon_0056_chunk_0,0,0,15.26,0.0,15.26,ollama,True,CHF 1'300,,
2026-09-09T18:19:50,STEU_01,steuern,confusable,100,302,114,3,False,falsche_stelle,False,offerte_01_lohn_gross_anon,confusable_offerte_01_lohn_gross_anon_0028|offerte_01_lohn_gross_anon|confusable_offerte_01_lohn_gross_anon_0056,0.0,0.0,3,1,0.7809,0.7741,2,confusable_offerte_01_lohn_gross_anon_0028_chunk_0|offerte_01_lohn_gross_anon_chunk_0|confusable_offerte_01_lohn_gross_anon_0056_chunk_0,0,0,15.24,0.0,15.24,ollama,True,CHF 850,,
2026-09-09T18:19:50,SETUP_01,setup,confusable,100,302,114,3,False,falsche_stelle,False,offerte_01_lohn_gross_anon,offerte_01_lohn_gross_anon|confusable_offerte_01_lohn_gross_anon_0056|confusable_offerte_01_lohn_gross_anon_0084,0.0,0.0,3,1,0.7224,0.7133,2,offerte_01_lohn_gross_anon_chunk_0|confusable_offerte_01_lohn_gross_anon_0056_chunk_0|confusable_offerte_01_lohn_gross_anon_0084_chunk_0,0,0,15.43,0.0,15.43,ollama,True,CHF 420,,
2026-09-09T18:19:50,SETUP_02,setup,confusable,100,302,114,3,False,falsche_stelle,False,offerte_01_lohn_gross_anon,offerte_01_lohn_gross_anon|confusable_offerte_01_lohn_gross_anon_0056|confusable_offerte_01_lohn_gross_anon_0084,0.0,0.0,3,1,0.7594,0.7482,2,offerte_01_lohn_gross_anon_chunk_0|confusable_offerte_01_lohn_gross_anon_0056_chunk_0|confusable_offerte_01_lohn_gross_anon_0084_chunk_0,0,0,15.55,0.0,15.55,ollama,True,CHF 640,,
2026-09-09T18:19:50,RATE_01,stundensatz,confusable,100,302,114,3,True,richtig,False,offerte_01_lohn_gross_anon,confusable_offerte_01_lohn_gross_anon_0028|offerte_01_lohn_gross_anon|confusable_offerte_04_revision_anon_0171,0.3333,1.0,3,1,0.7836,0.7773,2,confusable_offerte_01_lohn_gross_anon_0028_chunk_0|offerte_01_lohn_gross_anon_chunk_0|confusable_offerte_04_revision_anon_0171_chunk_0,0,0,15.48,0.0,15.48,ollama,True,CHF 140,,
2026-09-09T18:19:50,BUCH_02,buchhaltung,confusable,100,302,114,3,False,fehlgriff_confusable,False,offerte_02_accounting_intl_anon,confusable_offerte_05_stiftung_audit_anon_0186|confusable_offerte_05_stiftung_audit_anon_0172|confusable_offerte_05_stiftung_audit_anon_0130,0.0,0.0,3,1,0.6585,0.6585,3,confusable_offerte_05_stiftung_audit_anon_0186_chunk_2|confusable_offerte_05_stiftung_audit_anon_0172_chunk_2|confusable_offerte_05_stiftung_audit_anon_0130_chunk_2,0,0,15.55,0.0,15.55,ollama,True,CHF 1'700 - 2'100,,
2026-09-09T18:19:50,LOHN_02,lohn,confusable,100,302,114,3,False,fehlgriff_confusable,False,offerte_02_accounting_intl_anon,confusable_offerte_03_accounting_branch_anon_0198|confusable_offerte_11_swiss_finish_anon_0024|confusable_offerte_03_accounting_branch_anon_0156,0.0,0.0,3,1,0.6224,0.6192,3,confusable_offerte_03_accounting_branch_anon_0198_chunk_0|confusable_offerte_11_swiss_finish_anon_0024_chunk_0|confusable_offerte_03_accounting_branch_anon_0156_chunk_0,0,0,15.53,0.0,15.53,ollama,True,CHF 1'000,,
2026-09-09T18:19:50,SETUP_03,setup,confusable,100,302,114,3,False,falsche_stelle,False,offerte_02_accounting_intl_anon,offerte_02_accounting_intl_anon|confusable_offerte_07_gruendung_domizil_anon_0090|confusable_offerte_07_gruendung_domizil_anon_0188,0.0,0.0,3,1,0.6348,0.6336,2,offerte_02_accounting_intl_anon_chunk_0|confusable_offerte_07_gruendung_domizil_anon_0090_chunk_1|confusable_offerte_07_gruendung_domizil_anon_0188_chunk_1,0,0,15.67,0.0,15.67,ollama,True,CHF 1'300,,
2026-09-09T18:19:50,MWST_02,mwst,confusable,100,302,114,3,False,falsche_stelle,False,offerte_02_accounting_intl_anon,offerte_02_accounting_intl_anon|confusable_offerte_07_gruendung_domizil_anon_0188|confusable_offerte_07_gruendung_domizil_anon_0090,0.0,0.0,3,1,0.6487,0.6463,2,offerte_02_accounting_intl_anon_chunk_0|confusable_offerte_07_gruendung_domizil_anon_0188_chunk_1|confusable_offerte_07_gruendung_domizil_anon_0090_chunk_1,0,0,16.0,0.0,16.0,ollama,True,CHF 850,,
2026-09-09T18:19:50,VERS_01,versicherung,confusable,100,302,114,3,False,falsche_stelle,False,offerte_02_accounting_intl_anon,offerte_11_swiss_finish_anon|confusable_offerte_11_swiss_finish_anon_0010|offerte_02_accounting_intl_anon,0.0,0.0,3,1,0.6259,0.6243,1,offerte_11_swiss_finish_anon_chunk_0|confusable_offerte_11_swiss_finish_anon_0010_chunk_0|offerte_02_accounting_intl_anon_chunk_0,0,0,15.91,0.0,15.91,ollama,True,CHF 850 - 1'700,,
2026-09-09T18:19:51,BUCH_03,buchhaltung,confusable,100,302,114,3,False,falsche_stelle,False,offerte_03_accounting_branch_anon,offerte_03_accounting_branch_anon|confusable_offerte_13_holding_spaltung_anon_0152|confusable_offerte_13_holding_spaltung_anon_0124,0.0,0.0,3,1,0.6963,0.685,2,offerte_03_accounting_branch_anon_chunk_0|confusable_offerte_13_holding_spaltung_anon_0152_chunk_2|confusable_offerte_13_holding_spaltung_anon_0124_chunk_2,0,0,15.99,0.0,15.99,ollama,True,CHF 3'400 - 3'800,,
2026-09-09T18:19:51,SETUP_04,setup,confusable,100,302,114,3,False,falsche_stelle,False,offerte_03_accounting_branch_anon,offerte_03_accounting_branch_anon|confusable_offerte_03_accounting_branch_anon_0170|confusable_offerte_03_accounting_branch_anon_0086,0.0,0.0,3,1,0.6634,0.6468,2,offerte_03_accounting_branch_anon_chunk_0|confusable_offerte_03_accounting_branch_anon_0170_chunk_0|confusable_offerte_03_accounting_branch_anon_0086_chunk_0,0,0,16.02,0.0,16.02,ollama,True,CHF 1'300,,
2026-09-09T18:19:51,STEU_02,steuern,confusable,100,302,114,3,False,falsche_stelle,False,offerte_03_accounting_branch_anon,offerte_03_accounting_branch_anon|confusable_offerte_13_holding_spaltung_anon_0152|confusable_offerte_13_holding_spaltung_anon_0124,0.0,0.0,3,1,0.6383,0.6357,2,offerte_03_accounting_branch_anon_chunk_0|confusable_offerte_13_holding_spaltung_anon_0152_chunk_2|confusable_offerte_13_holding_spaltung_anon_0124_chunk_2,0,0,16.02,0.0,16.02,ollama,True,CHF 850,,
2026-09-09T18:19:51,REV_01,revision,confusable,100,302,114,3,True,richtig,False,offerte_04_revision_anon,offerte_04_revision_anon|confusable_offerte_04_revision_anon_0129|confusable_offerte_04_revision_anon_0171,0.3333,1.0,3,1,0.8388,0.8223,2,offerte_04_revision_anon_chunk_0|confusable_offerte_04_revision_anon_0129_chunk_0|confusable_offerte_04_revision_anon_0171_chunk_0,0,0,16.01,0.0,16.01,ollama,True,CHF 3'250,,
2026-09-09T18:19:51,REV_02,revision,confusable,100,302,114,3,False,fehlgriff_confusable,False,offerte_04_revision_anon,confusable_offerte_14_buchhaltung_klein_anon_0041|confusable_offerte_14_buchhaltung_klein_anon_0069|confusable_offerte_14_buchhaltung_klein_anon_0139,0.0,0.0,3,1,0.6552,0.6504,3,confusable_offerte_14_buchhaltung_klein_anon_0041_chunk_0|confusable_offerte_14_buchhaltung_klein_anon_0069_chunk_0|confusable_offerte_14_buchhaltung_klein_anon_0139_chunk_0,0,0,16.3,0.0,16.3,ollama,True,CHF 1'300,,
2026-09-09T18:19:51,AUD_01,revision,confusable,100,302,114,3,True,richtig,False,offerte_05_stiftung_audit_anon,offerte_05_stiftung_audit_anon|confusable_offerte_05_stiftung_audit_anon_0144,0.3333,1.0,3,1,0.6236,0.6136,1,offerte_05_stiftung_audit_anon_chunk_0|confusable_offerte_05_stiftung_audit_anon_0144_chunk_0|offerte_05_stiftung_audit_anon_chunk_2,0,0,16.65,0.0,16.65,ollama,True,CHF 1'550 - 2'100,,
2026-09-09T18:19:51,AUD_02,revision,confusable,100,302,114,3,False,fehlgriff_confusable,False,offerte_05_stiftung_audit_anon,confusable_offerte_05_stiftung_audit_anon_0172|confusable_offerte_05_stiftung_audit_anon_0004|confusable_offerte_05_stiftung_audit_anon_0130,0.0,0.0,3,1,0.6699,0.6698,3,confusable_offerte_05_stiftung_audit_anon_0172_chunk_2|confusable_offerte_05_stiftung_audit_anon_0004_chunk_2|confusable_offerte_05_stiftung_audit_anon_0130_chunk_2,0,0,16.62,0.0,16.62,ollama,True,CHF 3'800 - 4'700,,
2026-09-09T18:19:51,LOHN_03,lohn,confusable,100,302,114,3,False,falsche_stelle,False,offerte_05_stiftung_audit_anon,confusable_offerte_05_stiftung_audit_anon_0074|confusable_offerte_05_stiftung_audit_anon_0004|offerte_05_stiftung_audit_anon,0.0,0.0,3,1,0.6297,0.6271,2,confusable_offerte_05_stiftung_audit_anon_0074_chunk_0|confusable_offerte_05_stiftung_audit_anon_0004_chunk_0|offerte_05_stiftung_audit_anon_chunk_0,0,0,16.67,0.0,16.67,ollama,True,CHF 760,,
2026-09-09T18:19:51,GRUE_01,gruendung,confusable,100,302,114,3,False,fehlgriff_confusable,False,offerte_06_gruendung_klein_anon,confusable_offerte_08_gruendung_vr_anon_0175|confusable_offerte_08_gruendung_vr_anon_0161|confusable_offerte_08_gruendung_vr_anon_0119,0.0,0.0,3,1,0.7051,0.6946,3,confusable_offerte_08_gruendung_vr_anon_0175_chunk_0|confusable_offerte_08_gruendung_vr_anon_0161_chunk_0|confusable_offerte_08_gruendung_vr_anon_0119_chunk_0,0,0,16.64,0.0,16.64,ollama,True,CHF 1'700,,
2026-09-09T18:19:51,BUCH_04,buchhaltung,confusable,100,302,114,3,False,fehlgriff_confusable,False,offerte_06_gruendung_klein_anon,confusable_offerte_01_lohn_gross_anon_0028|confusable_offerte_01_lohn_gross_anon_0056|offerte_01_lohn_gross_anon,0.0,0.0,3,1,0.6892,0.687,2,confusable_offerte_01_lohn_gross_anon_0028_chunk_1|confusable_offerte_01_lohn_gross_anon_0056_chunk_1|offerte_01_lohn_gross_anon_chunk_1,0,0,16.61,0.0,16.61,ollama,True,CHF 1'700 - 2'550,,
2026-09-09T18:19:51,VERS_02,versicherung,confusable,100,302,114,3,False,fehlgriff_confusable,False,offerte_06_gruendung_klein_anon,confusable_offerte_12_lohn_reinigung_anon_0095|confusable_offerte_14_buchhaltung_klein_anon_0013|confusable_offerte_12_lohn_reinigung_anon_0067,0.0,0.0,3,1,0.713,0.6949,3,confusable_offerte_12_lohn_reinigung_anon_0095_chunk_0|confusable_offerte_14_buchhaltung_klein_anon_0013_chunk_0|confusable_offerte_12_lohn_reinigung_anon_0067_chunk_0,0,0,16.59,0.0,16.59,ollama,True,CHF 210,,
2026-09-09T18:19:51,GRUE_02,gruendung,confusable,100,302,114,3,True,richtig,False,offerte_07_gruendung_domizil_anon,confusable_offerte_07_gruendung_domizil_anon_0188|confusable_offerte_07_gruendung_domizil_anon_0090|offerte_07_gruendung_domizil_anon,0.3333,1.0,3,1,0.6328,0.6325,2,confusable_offerte_07_gruendung_domizil_anon_0188_chunk_1|confusable_offerte_07_gruendung_domizil_anon_0090_chunk_1|offerte_07_gruendung_domizil_anon_chunk_1,0,0,16.63,0.0,16.63,ollama,True,CHF 2'100,,
2026-09-09T18:19:51,VR_01,verwaltungsrat,confusable,100,302,114,3,False,fehlgriff_confusable,False,offerte_07_gruendung_domizil_anon,confusable_offerte_11_swiss_finish_anon_0164|confusable_offerte_11_swiss_finish_anon_0150|offerte_11_swiss_finish_anon,0.0,0.0,3,1,0.6274,0.6273,2,confusable_offerte_11_swiss_finish_anon_0164_chunk_1|confusable_offerte_11_swiss_finish_anon_0150_chunk_1|offerte_11_swiss_finish_anon_chunk_1,0,0,16.52,0.0,16.52,ollama,True,CHF 4'250,,
2026-09-09T18:19:51,DOM_01,domizil,confusable,100,302,114,3,False,fehlgriff_confusable,False,offerte_07_gruendung_domizil_anon,confusable_offerte_09_domizil_beratung_anon_0134|confusable_offerte_09_domizil_beratung_anon_0092|offerte_09_domizil_beratung_anon,0.0,0.0,3,1,0.6626,0.6587,2,confusable_offerte_09_domizil_beratung_anon_0134_chunk_0|confusable_offerte_09_domizil_beratung_anon_0092_chunk_0|offerte_09_domizil_beratung_anon_chunk_0,0,0,16.62,0.0,16.62,ollama,True,CHF 1'700,,
2026-09-09T18:19:51,VR_02,verwaltungsrat,confusable,100,302,114,3,False,fehlgriff_confusable,False,offerte_08_gruendung_vr_anon,confusable_offerte_08_gruendung_vr_anon_0175|confusable_offerte_08_gruendung_vr_anon_0119|confusable_offerte_01_lohn_gross_anon_0056,0.0,0.0,3,1,0.6885,0.6828,3,confusable_offerte_08_gruendung_vr_anon_0175_chunk_0|confusable_offerte_08_gruendung_vr_anon_0119_chunk_0|confusable_offerte_01_lohn_gross_anon_0056_chunk_0,0,0,16.55,0.0,16.55,ollama,True,CHF 5'500,,
2026-09-09T18:19:51,DOM_02,domizil,confusable,100,302,114,3,True,richtig,False,offerte_08_gruendung_vr_anon,offerte_08_gruendung_vr_anon|confusable_offerte_08_gruendung_vr_anon_0119|confusable_offerte_08_gruendung_vr_anon_0175,0.3333,1.0,3,1,0.7624,0.7546,2,offerte_08_gruendung_vr_anon_chunk_0|confusable_offerte_08_gruendung_vr_anon_0119_chunk_0|confusable_offerte_08_gruendung_vr_anon_0175_chunk_0,0,0,16.56,0.0,16.56,ollama,True,CHF 2'100,,
2026-09-09T18:19:51,DOM_03,domizil,confusable,100,302,114,3,False,falsche_stelle,False,offerte_09_domizil_beratung_anon,offerte_09_domizil_beratung_anon|confusable_offerte_09_domizil_beratung_anon_0092|confusable_offerte_09_domizil_beratung_anon_0008,0.0,0.0,3,1,0.6605,0.6583,2,offerte_09_domizil_beratung_anon_chunk_0|confusable_offerte_09_domizil_beratung_anon_0092_chunk_0|confusable_offerte_09_domizil_beratung_anon_0008_chunk_0,0,0,16.56,0.0,16.56,ollama,True,CHF 1'300,,
2026-09-09T18:19:51,DOM_04,domizil,confusable,100,302,114,3,False,falsche_stelle,False,offerte_09_domizil_beratung_anon,offerte_09_domizil_beratung_anon|confusable_offerte_09_domizil_beratung_anon_0092|confusable_offerte_09_domizil_beratung_anon_0008,0.0,0.0,3,1,0.6398,0.6383,2,offerte_09_domizil_beratung_anon_chunk_0|confusable_offerte_09_domizil_beratung_anon_0092_chunk_0|confusable_offerte_09_domizil_beratung_anon_0008_chunk_0,0,0,16.54,0.0,16.54,ollama,True,CHF 3'400,,
2026-09-09T18:19:51,VR_03,verwaltungsrat,confusable,100,302,114,3,False,fehlgriff_confusable,False,offerte_09_domizil_beratung_anon,confusable_offerte_09_domizil_beratung_anon_0064|confusable_offerte_09_domizil_beratung_anon_0134|confusable_offerte_09_domizil_beratung_anon_0022,0.0,0.0,3,1,0.6545,0.6531,3,confusable_offerte_09_domizil_beratung_anon_0064_chunk_0|confusable_offerte_09_domizil_beratung_anon_0134_chunk_0|confusable_offerte_09_domizil_beratung_anon_0022_chunk_0,0,0,16.52,0.0,16.52,ollama,True,CHF 4'250,,
2026-09-09T18:19:51,BUCH_05,buchhaltung,confusable,100,302,114,3,False,fehlgriff_confusable,False,offerte_09_domizil_beratung_anon,confusable_offerte_05_stiftung_audit_anon_0186|confusable_offerte_05_stiftung_audit_anon_0172|confusable_offerte_05_stiftung_audit_anon_0102,0.0,0.0,3,1,0.6535,0.6534,3,confusable_offerte_05_stiftung_audit_anon_0186_chunk_2|confusable_offerte_05_stiftung_audit_anon_0172_chunk_2|confusable_offerte_05_stiftung_audit_anon_0102_chunk_2,0,0,16.6,0.0,16.6,ollama,True,CHF 3'400 - 3'800,,
2026-09-09T18:19:51,BUCH_06,buchhaltung,confusable,100,302,114,3,False,fehlgriff_confusable,False,offerte_10_accounting_medtech_anon,confusable_offerte_07_gruendung_domizil_anon_0188|confusable_offerte_07_gruendung_domizil_anon_0174|confusable_offerte_07_gruendung_domizil_anon_0118,0.0,0.0,3,1,0.6776,0.6772,3,confusable_offerte_07_gruendung_domizil_anon_0188_chunk_1|confusable_offerte_07_gruendung_domizil_anon_0174_chunk_1|confusable_offerte_07_gruendung_domizil_anon_0118_chunk_1,0,0,16.65,0.0,16.65,ollama,True,CHF 3'400 - 3'800,,
2026-09-09T18:19:51,LOHN_04,lohn,confusable,100,302,114,3,False,fehlgriff_confusable,False,offerte_10_accounting_medtech_anon,confusable_offerte_03_accounting_branch_anon_0198|confusable_offerte_11_swiss_finish_anon_0024|confusable_offerte_03_accounting_branch_anon_0156,0.0,0.0,3,1,0.6308,0.6282,3,confusable_offerte_03_accounting_branch_anon_0198_chunk_0|confusable_offerte_11_swiss_finish_anon_0024_chunk_0|confusable_offerte_03_accounting_branch_anon_0156_chunk_0,0,0,16.64,0.0,16.64,ollama,True,CHF 1'000,,
2026-09-09T18:19:51,BUCH_07,buchhaltung,confusable,100,302,114,3,False,fehlgriff_confusable,False,offerte_11_swiss_finish_anon,confusable_offerte_11_swiss_finish_anon_0108|confusable_offerte_11_swiss_finish_anon_0080|confusable_offerte_11_swiss_finish_anon_0010,0.0,0.0,3,1,0.7366,0.7357,3,confusable_offerte_11_swiss_finish_anon_0108_chunk_1|confusable_offerte_11_swiss_finish_anon_0080_chunk_1|confusable_offerte_11_swiss_finish_anon_0010_chunk_1,0,0,16.61,0.0,16.61,ollama,True,CHF 210,,
2026-09-09T18:19:51,MWST_03,mwst,confusable,100,302,114,3,False,falsche_stelle,False,offerte_11_swiss_finish_anon,offerte_11_swiss_finish_anon|confusable_offerte_11_swiss_finish_anon_0010|confusable_offerte_11_swiss_finish_anon_0136,0.0,0.0,3,1,0.6868,0.6763,2,offerte_11_swiss_finish_anon_chunk_0|confusable_offerte_11_swiss_finish_anon_0010_chunk_0|confusable_offerte_11_swiss_finish_anon_0136_chunk_0,0,0,16.63,0.0,16.63,ollama,True,CHF 2'550,,
2026-09-09T18:19:51,SETUP_05,setup,confusable,100,302,114,3,False,falsche_stelle,False,offerte_11_swiss_finish_anon,offerte_11_swiss_finish_anon|confusable_offerte_11_swiss_finish_anon_0024|confusable_offerte_11_swiss_finish_anon_0010,0.0,0.0,3,1,0.6062,0.5915,2,offerte_11_swiss_finish_anon_chunk_0|confusable_offerte_11_swiss_finish_anon_0024_chunk_0|confusable_offerte_11_swiss_finish_anon_0010_chunk_0,0,0,16.58,0.0,16.58,ollama,True,CHF 340,,
2026-09-09T18:19:51,BUCH_08,buchhaltung,confusable,100,302,114,3,False,fehlgriff_confusable,False,offerte_12_lohn_reinigung_anon,confusable_offerte_01_lohn_gross_anon_0056|confusable_offerte_01_lohn_gross_anon_0028|offerte_01_lohn_gross_anon,0.0,0.0,3,1,0.7422,0.7378,2,confusable_offerte_01_lohn_gross_anon_0056_chunk_0|confusable_offerte_01_lohn_gross_anon_0028_chunk_0|offerte_01_lohn_gross_anon_chunk_0,0,0,16.58,0.0,16.58,ollama,True,CHF 2'550 - 3'000,,
2026-09-09T18:19:51,LOHN_05,lohn,confusable,100,302,114,3,False,fehlgriff_confusable,False,offerte_12_lohn_reinigung_anon,confusable_offerte_12_lohn_reinigung_anon_0067|confusable_offerte_01_lohn_gross_anon_0056|offerte_01_lohn_gross_anon,0.0,0.0,3,1,0.7723,0.7692,2,confusable_offerte_12_lohn_reinigung_anon_0067_chunk_0|confusable_offerte_01_lohn_gross_anon_0056_chunk_0|offerte_01_lohn_gross_anon_chunk_0,0,0,16.67,0.0,16.67,ollama,True,CHF 600 - 1'000,,
2026-09-09T18:19:51,SETUP_06,setup,confusable,100,302,114,3,False,fehlgriff_confusable,False,offerte_12_lohn_reinigung_anon,offerte_01_lohn_gross_anon|confusable_offerte_01_lohn_gross_anon_0056|confusable_offerte_01_lohn_gross_anon_0084,0.0,0.0,3,1,0.7273,0.7219,2,offerte_01_lohn_gross_anon_chunk_0|confusable_offerte_01_lohn_gross_anon_0056_chunk_0|confusable_offerte_01_lohn_gross_anon_0084_chunk_0,0,0,16.56,0.0,16.56,ollama,True,CHF 420 - 640,,
2026-09-09T18:19:51,BUCH_09,buchhaltung,confusable,100,302,114,3,False,fehlgriff_confusable,False,offerte_13_holding_spaltung_anon,confusable_offerte_05_stiftung_audit_anon_0172|confusable_offerte_05_stiftung_audit_anon_0130|confusable_offerte_05_stiftung_audit_anon_0186,0.0,0.0,3,1,0.661,0.6609,3,confusable_offerte_05_stiftung_audit_anon_0172_chunk_2|confusable_offerte_05_stiftung_audit_anon_0130_chunk_2|confusable_offerte_05_stiftung_audit_anon_0186_chunk_2,0,0,16.53,0.0,16.53,ollama,True,CHF 2'550 - 3'000,,
2026-09-09T18:19:51,SONST_01,sonstiges,confusable,100,302,114,3,True,richtig,False,offerte_13_holding_spaltung_anon,offerte_13_holding_spaltung_anon|confusable_offerte_13_holding_spaltung_anon_0012|confusable_offerte_13_holding_spaltung_anon_0026,0.3333,1.0,3,1,0.6525,0.6505,2,offerte_13_holding_spaltung_anon_chunk_2|confusable_offerte_13_holding_spaltung_anon_0012_chunk_2|confusable_offerte_13_holding_spaltung_anon_0026_chunk_2,0,0,16.57,0.0,16.57,ollama,True,CHF 1'700,,
2026-09-09T18:19:51,BUCH_10,buchhaltung,confusable,100,302,114,3,False,fehlgriff_confusable,False,offerte_14_buchhaltung_klein_anon,confusable_offerte_01_lohn_gross_anon_0028|confusable_offerte_01_lohn_gross_anon_0084|confusable_offerte_01_lohn_gross_anon_0140,0.0,0.0,3,1,0.6869,0.6867,3,confusable_offerte_01_lohn_gross_anon_0028_chunk_1|confusable_offerte_01_lohn_gross_anon_0084_chunk_1|confusable_offerte_01_lohn_gross_anon_0140_chunk_1,0,0,16.57,0.0,16.57,ollama,True,CHF 850 - 1'300,,
2026-09-09T18:19:51,STEU_03,steuern,confusable,100,302,114,3,False,fehlgriff_confusable,False,offerte_14_buchhaltung_klein_anon,confusable_offerte_01_lohn_gross_anon_0028|confusable_offerte_14_buchhaltung_klein_anon_0013|offerte_01_lohn_gross_anon,0.0,0.0,3,1,0.7783,0.7656,2,confusable_offerte_01_lohn_gross_anon_0028_chunk_0|confusable_offerte_14_buchhaltung_klein_anon_0013_chunk_0|offerte_01_lohn_gross_anon_chunk_0,0,0,16.56,0.0,16.56,ollama,True,CHF 640,,
2026-09-09T18:19:51,UNB_01,unbeantwortbar,confusable,100,302,114,3,False,material_fuer_halluzination,True,,confusable_offerte_12_lohn_reinigung_anon_0067|confusable_offerte_14_buchhaltung_klein_anon_0055|confusable_offerte_12_lohn_reinigung_anon_0137,0.0,0.0,3,0,0.6833,0.6822,3,confusable_offerte_12_lohn_reinigung_anon_0067_chunk_0|confusable_offerte_14_buchhaltung_klein_anon_0055_chunk_0|confusable_offerte_12_lohn_reinigung_anon_0137_chunk_0,0,0,16.65,0.0,16.65,ollama,True,nicht in den Unterlagen,,
2026-09-09T18:19:51,UNB_02,unbeantwortbar,confusable,100,302,114,3,False,material_fuer_halluzination,True,,confusable_offerte_01_lohn_gross_anon_0084|confusable_offerte_01_lohn_gross_anon_0056|confusable_offerte_08_gruendung_vr_anon_0119,0.0,0.0,3,0,0.6168,0.6128,3,confusable_offerte_01_lohn_gross_anon_0084_chunk_0|confusable_offerte_01_lohn_gross_anon_0056_chunk_0|confusable_offerte_08_gruendung_vr_anon_0119_chunk_0,0,0,16.58,0.0,16.58,ollama,True,nicht in den Unterlagen,,
2026-09-09T18:19:51,UNB_03,unbeantwortbar,confusable,100,302,114,3,False,material_fuer_halluzination,True,,confusable_offerte_08_gruendung_vr_anon_0119|offerte_08_gruendung_vr_anon|confusable_offerte_08_gruendung_vr_anon_0133,0.0,0.0,3,0,0.6559,0.6502,2,confusable_offerte_08_gruendung_vr_anon_0119_chunk_0|offerte_08_gruendung_vr_anon_chunk_0|confusable_offerte_08_gruendung_vr_anon_0133_chunk_0,0,0,16.5,0.0,16.5,ollama,True,nicht in den Unterlagen,,
2026-09-09T18:19:51,UNB_04,unbeantwortbar,confusable,100,302,114,3,False,material_fuer_halluzination,True,,confusable_offerte_08_gruendung_vr_anon_0119|confusable_offerte_14_buchhaltung_klein_anon_0013|offerte_14_buchhaltung_klein_anon,0.0,0.0,3,0,0.6823,0.6739,2,confusable_offerte_08_gruendung_vr_anon_0119_chunk_0|confusable_offerte_14_buchhaltung_klein_anon_0013_chunk_1|offerte_14_buchhaltung_klein_anon_chunk_1,0,0,16.51,0.0,16.51,ollama,True,nicht in den Unterlagen,,
2026-09-09T18:19:51,UNB_05,unbeantwortbar,confusable,100,302,114,3,False,material_fuer_halluzination,True,,confusable_offerte_12_lohn_reinigung_anon_0053|confusable_offerte_14_buchhaltung_klein_anon_0055|confusable_offerte_12_lohn_reinigung_anon_0067,0.0,0.0,3,0,0.6722,0.6706,3,confusable_offerte_12_lohn_reinigung_anon_0053_chunk_0|confusable_offerte_14_buchhaltung_klein_anon_0055_chunk_0|confusable_offerte_12_lohn_reinigung_anon_0067_chunk_0,0,0,16.48,0.0,16.48,ollama,True,nicht in den Unterlagen,,
2026-09-09T18:19:57,LOHN_01,lohn,confusable,200,549,214,1,False,falsche_stelle,False,offerte_01_lohn_gross_anon,offerte_01_lohn_gross_anon|confusable_offerte_01_lohn_gross_anon_0056|confusable_offerte_01_lohn_gross_anon_0126,0.0,0.0,3,1,0.7905,0.7888,2,offerte_01_lohn_gross_anon_chunk_0|confusable_offerte_01_lohn_gross_anon_0056_chunk_0|confusable_offerte_01_lohn_gross_anon_0126_chunk_0,0,0,27.33,0.0,27.33,ollama,True,CHF 680,,
2026-09-09T18:19:57,BUCH_01,buchhaltung,confusable,200,549,214,1,False,fehlgriff_confusable,False,offerte_01_lohn_gross_anon,confusable_offerte_01_lohn_gross_anon_0028|confusable_offerte_08_gruendung_vr_anon_0175|confusable_offerte_01_lohn_gross_anon_0000,0.0,0.0,3,1,0.6622,0.6608,3,confusable_offerte_01_lohn_gross_anon_0028_chunk_1|confusable_offerte_08_gruendung_vr_anon_0175_chunk_0|confusable_offerte_01_lohn_gross_anon_0000_chunk_1,0,0,27.24,0.0,27.24,ollama,True,CHF 12'750 - 15'300,,
2026-09-09T18:19:57,MWST_01,mwst,confusable,200,549,214,1,False,fehlgriff_confusable,False,offerte_01_lohn_gross_anon,confusable_offerte_01_lohn_gross_anon_0126|confusable_offerte_01_lohn_gross_anon_0070|confusable_offerte_01_lohn_gross_anon_0028,0.0,0.0,3,1,0.7993,0.7952,3,confusable_offerte_01_lohn_gross_anon_0126_chunk_0|confusable_offerte_01_lohn_gross_anon_0070_chunk_0|confusable_offerte_01_lohn_gross_anon_0028_chunk_0,0,0,27.24,0.0,27.24,ollama,True,CHF 1'300,,
2026-09-09T18:19:57,STEU_01,steuern,confusable,200,549,214,1,False,fehlgriff_confusable,False,offerte_01_lohn_gross_anon,confusable_offerte_01_lohn_gross_anon_0126|confusable_offerte_01_lohn_gross_anon_0070|confusable_offerte_01_lohn_gross_anon_0028,0.0,0.0,3,1,0.7878,0.7837,3,confusable_offerte_01_lohn_gross_anon_0126_chunk_0|confusable_offerte_01_lohn_gross_anon_0070_chunk_0|confusable_offerte_01_lohn_gross_anon_0028_chunk_0,0,0,27.15,0.0,27.15,ollama,True,CHF 850,,
2026-09-09T18:19:57,SETUP_01,setup,confusable,200,549,214,1,False,falsche_stelle,False,offerte_01_lohn_gross_anon,offerte_01_lohn_gross_anon|confusable_offerte_01_lohn_gross_anon_0056|confusable_offerte_01_lohn_gross_anon_0084,0.0,0.0,3,1,0.7224,0.7133,2,offerte_01_lohn_gross_anon_chunk_0|confusable_offerte_01_lohn_gross_anon_0056_chunk_0|confusable_offerte_01_lohn_gross_anon_0084_chunk_0,0,0,27.14,0.0,27.14,ollama,True,CHF 420,,
2026-09-09T18:19:57,SETUP_02,setup,confusable,200,549,214,1,False,falsche_stelle,False,offerte_01_lohn_gross_anon,offerte_01_lohn_gross_anon|confusable_offerte_01_lohn_gross_anon_0056|confusable_offerte_01_lohn_gross_anon_0084,0.0,0.0,3,1,0.7594,0.7482,2,offerte_01_lohn_gross_anon_chunk_0|confusable_offerte_01_lohn_gross_anon_0056_chunk_0|confusable_offerte_01_lohn_gross_anon_0084_chunk_0,0,0,27.23,0.0,27.23,ollama,True,CHF 640,,
2026-09-09T18:19:57,RATE_01,stundensatz,confusable,200,549,214,1,False,fehlgriff_confusable,False,offerte_01_lohn_gross_anon,confusable_offerte_01_lohn_gross_anon_0126|confusable_offerte_01_lohn_gross_anon_0028|confusable_offerte_01_lohn_gross_anon_0070,0.0,0.0,3,1,0.7872,0.7833,3,confusable_offerte_01_lohn_gross_anon_0126_chunk_0|confusable_offerte_01_lohn_gross_anon_0028_chunk_0|confusable_offerte_01_lohn_gross_anon_0070_chunk_0,0,0,27.18,0.0,27.18,ollama,True,CHF 140,,
2026-09-09T18:19:57,BUCH_02,buchhaltung,confusable,200,549,214,1,False,fehlgriff_confusable,False,offerte_02_accounting_intl_anon,confusable_offerte_05_stiftung_audit_anon_0088|confusable_offerte_07_gruendung_domizil_anon_0160|confusable_offerte_05_stiftung_audit_anon_0186,0.0,0.0,3,1,0.6593,0.6588,3,confusable_offerte_05_stiftung_audit_anon_0088_chunk_2|confusable_offerte_07_gruendung_domizil_anon_0160_chunk_1|confusable_offerte_05_stiftung_audit_anon_0186_chunk_2,0,0,27.33,0.0,27.33,ollama,True,CHF 1'700 - 2'100,,
2026-09-09T18:19:57,LOHN_02,lohn,confusable,200,549,214,1,False,fehlgriff_confusable,False,offerte_02_accounting_intl_anon,confusable_offerte_03_accounting_branch_anon_0198|confusable_offerte_11_swiss_finish_anon_0024|confusable_offerte_03_accounting_branch_anon_0156,0.0,0.0,3,1,0.6224,0.6192,3,confusable_offerte_03_accounting_branch_anon_0198_chunk_0|confusable_offerte_11_swiss_finish_anon_0024_chunk_0|confusable_offerte_03_accounting_branch_anon_0156_chunk_0,0,0,27.6,0.0,27.6,ollama,True,CHF 1'000,,
2026-09-09T18:19:57,SETUP_03,setup,confusable,200,549,214,1,False,falsche_stelle,False,offerte_02_accounting_intl_anon,offerte_02_accounting_intl_anon|confusable_offerte_07_gruendung_domizil_anon_0090|confusable_offerte_07_gruendung_domizil_anon_0188,0.0,0.0,3,1,0.6348,0.6336,2,offerte_02_accounting_intl_anon_chunk_0|confusable_offerte_07_gruendung_domizil_anon_0090_chunk_1|confusable_offerte_07_gruendung_domizil_anon_0188_chunk_1,0,0,27.52,0.0,27.52,ollama,True,CHF 1'300,,
2026-09-09T18:19:57,MWST_02,mwst,confusable,200,549,214,1,False,falsche_stelle,False,offerte_02_accounting_intl_anon,offerte_02_accounting_intl_anon|confusable_offerte_07_gruendung_domizil_anon_0188|confusable_offerte_07_gruendung_domizil_anon_0090,0.0,0.0,3,1,0.6487,0.6463,2,offerte_02_accounting_intl_anon_chunk_0|confusable_offerte_07_gruendung_domizil_anon_0188_chunk_1|confusable_offerte_07_gruendung_domizil_anon_0090_chunk_1,0,0,27.52,0.0,27.52,ollama,True,CHF 850,,
2026-09-09T18:19:57,VERS_01,versicherung,confusable,200,549,214,1,False,falsche_stelle,False,offerte_02_accounting_intl_anon,offerte_11_swiss_finish_anon|confusable_offerte_11_swiss_finish_anon_0010|offerte_02_accounting_intl_anon,0.0,0.0,3,1,0.6259,0.6243,1,offerte_11_swiss_finish_anon_chunk_0|confusable_offerte_11_swiss_finish_anon_0010_chunk_0|offerte_02_accounting_intl_anon_chunk_0,0,0,27.65,0.0,27.65,ollama,True,CHF 850 - 1'700,,
2026-09-09T18:19:57,BUCH_03,buchhaltung,confusable,200,549,214,1,False,falsche_stelle,False,offerte_03_accounting_branch_anon,offerte_03_accounting_branch_anon|confusable_offerte_13_holding_spaltung_anon_0152|confusable_offerte_13_holding_spaltung_anon_0124,0.0,0.0,3,1,0.6963,0.685,2,offerte_03_accounting_branch_anon_chunk_0|confusable_offerte_13_holding_spaltung_anon_0152_chunk_2|confusable_offerte_13_holding_spaltung_anon_0124_chunk_2,0,0,27.72,0.0,27.72,ollama,True,CHF 3'400 - 3'800,,
2026-09-09T18:19:57,SETUP_04,setup,confusable,200,549,214,1,False,falsche_stelle,False,offerte_03_accounting_branch_anon,offerte_03_accounting_branch_anon|confusable_offerte_03_accounting_branch_anon_0170|confusable_offerte_03_accounting_branch_anon_0114,0.0,0.0,3,1,0.6634,0.6473,2,offerte_03_accounting_branch_anon_chunk_0|confusable_offerte_03_accounting_branch_anon_0170_chunk_0|confusable_offerte_03_accounting_branch_anon_0114_chunk_0,0,0,27.76,0.0,27.76,ollama,True,CHF 1'300,,
2026-09-09T18:19:57,STEU_02,steuern,confusable,200,549,214,1,False,falsche_stelle,False,offerte_03_accounting_branch_anon,offerte_03_accounting_branch_anon|confusable_offerte_13_holding_spaltung_anon_0152|confusable_offerte_13_holding_spaltung_anon_0124,0.0,0.0,3,1,0.6383,0.6357,2,offerte_03_accounting_branch_anon_chunk_0|confusable_offerte_13_holding_spaltung_anon_0152_chunk_2|confusable_offerte_13_holding_spaltung_anon_0124_chunk_2,0,0,28.01,0.0,28.01,ollama,True,CHF 850,,
2026-09-09T18:19:57,REV_01,revision,confusable,200,549,214,1,True,richtig,False,offerte_04_revision_anon,offerte_04_revision_anon|confusable_offerte_04_revision_anon_0045|confusable_offerte_04_revision_anon_0031,0.3333,1.0,3,1,0.8388,0.8313,2,offerte_04_revision_anon_chunk_0|confusable_offerte_04_revision_anon_0045_chunk_0|confusable_offerte_04_revision_anon_0031_chunk_0,0,0,28.32,0.0,28.32,ollama,True,CHF 3'250,,
2026-09-09T18:19:57,REV_02,revision,confusable,200,549,214,1,False,fehlgriff_confusable,False,offerte_04_revision_anon,confusable_offerte_14_buchhaltung_klein_anon_0041|confusable_offerte_14_buchhaltung_klein_anon_0069|confusable_offerte_08_gruendung_vr_anon_0021,0.0,0.0,3,1,0.6552,0.652,3,confusable_offerte_14_buchhaltung_klein_anon_0041_chunk_0|confusable_offerte_14_buchhaltung_klein_anon_0069_chunk_0|confusable_offerte_08_gruendung_vr_anon_0021_chunk_0,0,0,28.25,0.0,28.25,ollama,True,CHF 1'300,,
2026-09-09T18:19:57,AUD_01,revision,confusable,200,549,214,1,True,richtig,False,offerte_05_stiftung_audit_anon,offerte_05_stiftung_audit_anon|confusable_offerte_05_stiftung_audit_anon_0144,0.3333,1.0,3,1,0.6236,0.6136,1,offerte_05_stiftung_audit_anon_chunk_0|confusable_offerte_05_stiftung_audit_anon_0144_chunk_0|offerte_05_stiftung_audit_anon_chunk_2,0,0,28.4,0.0,28.4,ollama,True,CHF 1'550 - 2'100,,
2026-09-09T18:19:57,AUD_02,revision,confusable,200,549,214,1,False,fehlgriff_confusable,False,offerte_05_stiftung_audit_anon,confusable_offerte_05_stiftung_audit_anon_0088|confusable_offerte_05_stiftung_audit_anon_0018|confusable_offerte_05_stiftung_audit_anon_0172,0.0,0.0,3,1,0.6709,0.6702,3,confusable_offerte_05_stiftung_audit_anon_0088_chunk_2|confusable_offerte_05_stiftung_audit_anon_0018_chunk_2|confusable_offerte_05_stiftung_audit_anon_0172_chunk_2,0,0,28.93,0.0,28.93,ollama,True,CHF 3'800 - 4'700,,
2026-09-09T18:19:57,LOHN_03,lohn,confusable,200,549,214,1,False,fehlgriff_confusable,False,offerte_05_stiftung_audit_anon,confusable_offerte_05_stiftung_audit_anon_0074|confusable_offerte_05_stiftung_audit_anon_0046|confusable_offerte_05_stiftung_audit_anon_0004,0.0,0.0,3,1,0.6297,0.6283,3,confusable_offerte_05_stiftung_audit_anon_0074_chunk_0|confusable_offerte_05_stiftung_audit_anon_0046_chunk_0|confusable_offerte_05_stiftung_audit_anon_0004_chunk_0,0,0,28.95,0.0,28.95,ollama,True,CHF 760,,
2026-09-09T18:19:57,GRUE_01,gruendung,confusable,200,549,214,1,False,fehlgriff_confusable,False,offerte_06_gruendung_klein_anon,confusable_offerte_08_gruendung_vr_anon_0175|confusable_offerte_06_gruendung_klein_anon_0019|confusable_offerte_08_gruendung_vr_anon_0161,0.0,0.0,3,1,0.7051,0.6965,3,confusable_offerte_08_gruendung_vr_anon_0175_chunk_0|confusable_offerte_06_gruendung_klein_anon_0019_chunk_0|confusable_offerte_08_gruendung_vr_anon_0161_chunk_0,0,0,28.96,0.0,28.96,ollama,True,CHF 1'700,,
2026-09-09T18:19:57,BUCH_04,buchhaltung,confusable,200,549,214,1,False,fehlgriff_confusable,False,offerte_06_gruendung_klein_anon,confusable_offerte_01_lohn_gross_anon_0182|confusable_offerte_01_lohn_gross_anon_0014|confusable_offerte_01_lohn_gross_anon_0112,0.0,0.0,3,1,0.6929,0.6921,3,confusable_offerte_01_lohn_gross_anon_0182_chunk_1|confusable_offerte_01_lohn_gross_anon_0014_chunk_1|confusable_offerte_01_lohn_gross_anon_0112_chunk_1,0,0,28.91,0.0,28.91,ollama,True,CHF 1'700 - 2'550,,
2026-09-09T18:19:57,VERS_02,versicherung,confusable,200,549,214,1,False,fehlgriff_confusable,False,offerte_06_gruendung_klein_anon,confusable_offerte_12_lohn_reinigung_anon_0123|confusable_offerte_12_lohn_reinigung_anon_0095|confusable_offerte_12_lohn_reinigung_anon_0011,0.0,0.0,3,1,0.7189,0.7126,3,confusable_offerte_12_lohn_reinigung_anon_0123_chunk_0|confusable_offerte_12_lohn_reinigung_anon_0095_chunk_0|confusable_offerte_12_lohn_reinigung_anon_0011_chunk_0,0,0,28.9,0.0,28.9,ollama,True,CHF 210,,
2026-09-09T18:19:57,GRUE_02,gruendung,confusable,200,549,214,1,False,fehlgriff_confusable,False,offerte_07_gruendung_domizil_anon,confusable_offerte_07_gruendung_domizil_anon_0188|confusable_offerte_07_gruendung_domizil_anon_0132|confusable_offerte_07_gruendung_domizil_anon_0090,0.0,0.0,3,1,0.6328,0.6327,3,confusable_offerte_07_gruendung_domizil_anon_0188_chunk_1|confusable_offerte_07_gruendung_domizil_anon_0132_chunk_1|confusable_offerte_07_gruendung_domizil_anon_0090_chunk_1,0,0,29.73,0.0,29.73,ollama,True,CHF 2'100,,
2026-09-09T18:19:57,VR_01,verwaltungsrat,confusable,200,549,214,1,False,fehlgriff_confusable,False,offerte_07_gruendung_domizil_anon,confusable_offerte_11_swiss_finish_anon_0178|confusable_offerte_11_swiss_finish_anon_0164|confusable_offerte_11_swiss_finish_anon_0150,0.0,0.0,3,1,0.6293,0.628,3,confusable_offerte_11_swiss_finish_anon_0178_chunk_1|confusable_offerte_11_swiss_finish_anon_0164_chunk_1|confusable_offerte_11_swiss_finish_anon_0150_chunk_1,0,0,30.01,0.0,30.01,ollama,True,CHF 4'250,,
2026-09-09T18:19:57,DOM_01,domizil,confusable,200,549,214,1,False,fehlgriff_confusable,False,offerte_07_gruendung_domizil_anon,confusable_offerte_09_domizil_beratung_anon_0134|confusable_offerte_09_domizil_beratung_anon_0092|confusable_offerte_09_domizil_beratung_anon_0078,0.0,0.0,3,1,0.6626,0.6594,3,confusable_offerte_09_domizil_beratung_anon_0134_chunk_0|confusable_offerte_09_domizil_beratung_anon_0092_chunk_0|confusable_offerte_09_domizil_beratung_anon_0078_chunk_0,0,0,30.16,0.0,30.16,ollama,True,CHF 1'700,,
2026-09-09T18:19:57,VR_02,verwaltungsrat,confusable,200,549,214,1,False,fehlgriff_confusable,False,offerte_08_gruendung_vr_anon,confusable_offerte_08_gruendung_vr_anon_0175|confusable_offerte_08_gruendung_vr_anon_0119|confusable_offerte_08_gruendung_vr_anon_0091,0.0,0.0,3,1,0.6885,0.6837,3,confusable_offerte_08_gruendung_vr_anon_0175_chunk_0|confusable_offerte_08_gruendung_vr_anon_0119_chunk_0|confusable_offerte_08_gruendung_vr_anon_0091_chunk_0,0,0,30.07,0.0,30.07,ollama,True,CHF 5'500,,
2026-09-09T18:19:57,DOM_02,domizil,confusable,200,549,214,1,True,richtig,False,offerte_08_gruendung_vr_anon,offerte_08_gruendung_vr_anon|confusable_offerte_08_gruendung_vr_anon_0119|confusable_offerte_08_gruendung_vr_anon_0035,0.3333,1.0,3,1,0.7624,0.7589,2,offerte_08_gruendung_vr_anon_chunk_0|confusable_offerte_08_gruendung_vr_anon_0119_chunk_0|confusable_offerte_08_gruendung_vr_anon_0035_chunk_0,0,0,30.12,0.0,30.12,ollama,True,CHF 2'100,,
2026-09-09T18:19:57,DOM_03,domizil,confusable,200,549,214,1,False,falsche_stelle,False,offerte_09_domizil_beratung_anon,confusable_offerte_09_domizil_beratung_anon_0176|confusable_offerte_09_domizil_beratung_anon_0078|offerte_09_domizil_beratung_anon,0.0,0.0,3,1,0.6659,0.6624,2,confusable_offerte_09_domizil_beratung_anon_0176_chunk_0|confusable_offerte_09_domizil_beratung_anon_0078_chunk_0|offerte_09_domizil_beratung_anon_chunk_0,0,0,30.03,0.0,30.03,ollama,True,CHF 1'300,,
2026-09-09T18:19:57,DOM_04,domizil,confusable,200,549,214,1,False,falsche_stelle,False,offerte_09_domizil_beratung_anon,confusable_offerte_09_domizil_beratung_anon_0176|confusable_offerte_09_domizil_beratung_anon_0078|offerte_09_domizil_beratung_anon,0.0,0.0,3,1,0.6461,0.6428,2,confusable_offerte_09_domizil_beratung_anon_0176_chunk_0|confusable_offerte_09_domizil_beratung_anon_0078_chunk_0|offerte_09_domizil_beratung_anon_chunk_0,0,0,30.07,0.0,30.07,ollama,True,CHF 3'400,,
2026-09-09T18:19:57,VR_03,verwaltungsrat,confusable,200,549,214,1,False,fehlgriff_confusable,False,offerte_09_domizil_beratung_anon,confusable_offerte_09_domizil_beratung_anon_0064|confusable_offerte_09_domizil_beratung_anon_0162|confusable_offerte_09_domizil_beratung_anon_0134,0.0,0.0,3,1,0.6545,0.6534,3,confusable_offerte_09_domizil_beratung_anon_0064_chunk_0|confusable_offerte_09_domizil_beratung_anon_0162_chunk_0|confusable_offerte_09_domizil_beratung_anon_0134_chunk_0,0,0,30.01,0.0,30.01,ollama,True,CHF 4'250,,
2026-09-09T18:19:58,BUCH_05,buchhaltung,confusable,200,549,214,1,False,fehlgriff_confusable,False,offerte_09_domizil_beratung_anon,confusable_offerte_05_stiftung_audit_anon_0088|confusable_offerte_05_stiftung_audit_anon_0186|confusable_offerte_05_stiftung_audit_anon_0172,0.0,0.0,3,1,0.6539,0.6536,3,confusable_offerte_05_stiftung_audit_anon_0088_chunk_2|confusable_offerte_05_stiftung_audit_anon_0186_chunk_2|confusable_offerte_05_stiftung_audit_anon_0172_chunk_2,0,0,30.08,0.0,30.08,ollama,True,CHF 3'400 - 3'800,,
2026-09-09T18:19:58,BUCH_06,buchhaltung,confusable,200,549,214,1,False,fehlgriff_confusable,False,offerte_10_accounting_medtech_anon,confusable_offerte_07_gruendung_domizil_anon_0188|confusable_offerte_07_gruendung_domizil_anon_0048|confusable_offerte_07_gruendung_domizil_anon_0174,0.0,0.0,3,1,0.6776,0.6773,3,confusable_offerte_07_gruendung_domizil_anon_0188_chunk_1|confusable_offerte_07_gruendung_domizil_anon_0048_chunk_1|confusable_offerte_07_gruendung_domizil_anon_0174_chunk_1,0,0,30.05,0.0,30.05,ollama,True,CHF 3'400 - 3'800,,
2026-09-09T18:19:58,LOHN_04,lohn,confusable,200,549,214,1,False,fehlgriff_confusable,False,offerte_10_accounting_medtech_anon,confusable_offerte_03_accounting_branch_anon_0198|confusable_offerte_11_swiss_finish_anon_0024|confusable_offerte_03_accounting_branch_anon_0156,0.0,0.0,3,1,0.6308,0.6282,3,confusable_offerte_03_accounting_branch_anon_0198_chunk_0|confusable_offerte_11_swiss_finish_anon_0024_chunk_0|confusable_offerte_03_accounting_branch_anon_0156_chunk_0,0,0,30.09,0.0,30.09,ollama,True,CHF 1'000,,
2026-09-09T18:19:58,BUCH_07,buchhaltung,confusable,200,549,214,1,False,fehlgriff_confusable,False,offerte_11_swiss_finish_anon,confusable_offerte_11_swiss_finish_anon_0108|confusable_offerte_11_swiss_finish_anon_0178|confusable_offerte_11_swiss_finish_anon_0080,0.0,0.0,3,1,0.7366,0.7359,3,confusable_offerte_11_swiss_finish_anon_0108_chunk_1|confusable_offerte_11_swiss_finish_anon_0178_chunk_1|confusable_offerte_11_swiss_finish_anon_0080_chunk_1,0,0,30.04,0.0,30.04,ollama,True,CHF 210,,
2026-09-09T18:19:58,MWST_03,mwst,confusable,200,549,214,1,False,falsche_stelle,False,offerte_11_swiss_finish_anon,offerte_11_swiss_finish_anon|confusable_offerte_11_swiss_finish_anon_0010|confusable_offerte_11_swiss_finish_anon_0136,0.0,0.0,3,1,0.6868,0.6763,2,offerte_11_swiss_finish_anon_chunk_0|confusable_offerte_11_swiss_finish_anon_0010_chunk_0|confusable_offerte_11_swiss_finish_anon_0136_chunk_0,0,0,30.05,0.0,30.05,ollama,True,CHF 2'550,,
2026-09-09T18:19:58,SETUP_05,setup,confusable,200,549,214,1,False,falsche_stelle,False,offerte_11_swiss_finish_anon,offerte_11_swiss_finish_anon|confusable_offerte_11_swiss_finish_anon_0024|confusable_offerte_11_swiss_finish_anon_0192,0.0,0.0,3,1,0.6062,0.5919,2,offerte_11_swiss_finish_anon_chunk_0|confusable_offerte_11_swiss_finish_anon_0024_chunk_0|confusable_offerte_11_swiss_finish_anon_0192_chunk_0,0,0,30.03,0.0,30.03,ollama,True,CHF 340,,
2026-09-09T18:19:58,BUCH_08,buchhaltung,confusable,200,549,214,1,False,fehlgriff_confusable,False,offerte_12_lohn_reinigung_anon,confusable_offerte_01_lohn_gross_anon_0056|confusable_offerte_01_lohn_gross_anon_0126|confusable_offerte_01_lohn_gross_anon_0070,0.0,0.0,3,1,0.7422,0.7403,3,confusable_offerte_01_lohn_gross_anon_0056_chunk_0|confusable_offerte_01_lohn_gross_anon_0126_chunk_0|confusable_offerte_01_lohn_gross_anon_0070_chunk_0,0,0,30.01,0.0,30.01,ollama,True,CHF 2'550 - 3'000,,
2026-09-09T18:19:58,LOHN_05,lohn,confusable,200,549,214,1,False,fehlgriff_confusable,False,offerte_12_lohn_reinigung_anon,confusable_offerte_12_lohn_reinigung_anon_0067|confusable_offerte_01_lohn_gross_anon_0056|offerte_01_lohn_gross_anon,0.0,0.0,3,1,0.7723,0.7692,2,confusable_offerte_12_lohn_reinigung_anon_0067_chunk_0|confusable_offerte_01_lohn_gross_anon_0056_chunk_0|offerte_01_lohn_gross_anon_chunk_0,0,0,30.11,0.0,30.11,ollama,True,CHF 600 - 1'000,,
2026-09-09T18:19:58,SETUP_06,setup,confusable,200,549,214,1,False,fehlgriff_confusable,False,offerte_12_lohn_reinigung_anon,offerte_01_lohn_gross_anon|confusable_offerte_01_lohn_gross_anon_0056|confusable_offerte_01_lohn_gross_anon_0084,0.0,0.0,3,1,0.7273,0.7219,2,offerte_01_lohn_gross_anon_chunk_0|confusable_offerte_01_lohn_gross_anon_0056_chunk_0|confusable_offerte_01_lohn_gross_anon_0084_chunk_0,0,0,29.98,0.0,29.98,ollama,True,CHF 420 - 640,,
2026-09-09T18:19:58,BUCH_09,buchhaltung,confusable,200,549,214,1,False,fehlgriff_confusable,False,offerte_13_holding_spaltung_anon,confusable_offerte_05_stiftung_audit_anon_0088|confusable_offerte_05_stiftung_audit_anon_0172|confusable_offerte_05_stiftung_audit_anon_0018,0.0,0.0,3,1,0.6614,0.6611,3,confusable_offerte_05_stiftung_audit_anon_0088_chunk_2|confusable_offerte_05_stiftung_audit_anon_0172_chunk_2|confusable_offerte_05_stiftung_audit_anon_0018_chunk_2,0,0,30.05,0.0,30.05,ollama,True,CHF 2'550 - 3'000,,
2026-09-09T18:19:58,SONST_01,sonstiges,confusable,200,549,214,1,True,richtig,False,offerte_13_holding_spaltung_anon,offerte_13_holding_spaltung_anon|confusable_offerte_13_holding_spaltung_anon_0012|confusable_offerte_13_holding_spaltung_anon_0026,0.3333,1.0,3,1,0.6525,0.6505,2,offerte_13_holding_spaltung_anon_chunk_2|confusable_offerte_13_holding_spaltung_anon_0012_chunk_2|confusable_offerte_13_holding_spaltung_anon_0026_chunk_2,0,0,30.16,0.0,30.16,ollama,True,CHF 1'700,,
2026-09-09T18:19:58,BUCH_10,buchhaltung,confusable,200,549,214,1,False,fehlgriff_confusable,False,offerte_14_buchhaltung_klein_anon,confusable_offerte_01_lohn_gross_anon_0126|confusable_offerte_01_lohn_gross_anon_0028|confusable_offerte_01_lohn_gross_anon_0084,0.0,0.0,3,1,0.6874,0.687,3,confusable_offerte_01_lohn_gross_anon_0126_chunk_1|confusable_offerte_01_lohn_gross_anon_0028_chunk_1|confusable_offerte_01_lohn_gross_anon_0084_chunk_1,0,0,30.21,0.0,30.21,ollama,True,CHF 850 - 1'300,,
2026-09-09T18:19:58,STEU_03,steuern,confusable,200,549,214,1,False,fehlgriff_confusable,False,offerte_14_buchhaltung_klein_anon,confusable_offerte_01_lohn_gross_anon_0126|confusable_offerte_01_lohn_gross_anon_0028|confusable_offerte_01_lohn_gross_anon_0070,0.0,0.0,3,1,0.7839,0.7801,3,confusable_offerte_01_lohn_gross_anon_0126_chunk_0|confusable_offerte_01_lohn_gross_anon_0028_chunk_0|confusable_offerte_01_lohn_gross_anon_0070_chunk_0,0,0,30.38,0.0,30.38,ollama,True,CHF 640,,
2026-09-09T18:19:58,UNB_01,unbeantwortbar,confusable,200,549,214,1,False,material_fuer_halluzination,True,,confusable_offerte_12_lohn_reinigung_anon_0067|confusable_offerte_14_buchhaltung_klein_anon_0055|confusable_offerte_05_stiftung_audit_anon_0018,0.0,0.0,3,0,0.6833,0.6829,3,confusable_offerte_12_lohn_reinigung_anon_0067_chunk_0|confusable_offerte_14_buchhaltung_klein_anon_0055_chunk_0|confusable_offerte_05_stiftung_audit_anon_0018_chunk_0,0,0,31.36,0.0,31.36,ollama,True,nicht in den Unterlagen,,
2026-09-09T18:19:58,UNB_02,unbeantwortbar,confusable,200,549,214,1,False,material_fuer_halluzination,True,,confusable_offerte_01_lohn_gross_anon_0084|confusable_offerte_01_lohn_gross_anon_0056|confusable_offerte_08_gruendung_vr_anon_0119,0.0,0.0,3,0,0.6168,0.6128,3,confusable_offerte_01_lohn_gross_anon_0084_chunk_0|confusable_offerte_01_lohn_gross_anon_0056_chunk_0|confusable_offerte_08_gruendung_vr_anon_0119_chunk_0,0,0,31.6,0.0,31.6,ollama,True,nicht in den Unterlagen,,
2026-09-09T18:19:58,UNB_03,unbeantwortbar,confusable,200,549,214,1,False,material_fuer_halluzination,True,,confusable_offerte_08_gruendung_vr_anon_0119|offerte_08_gruendung_vr_anon|confusable_offerte_08_gruendung_vr_anon_0091,0.0,0.0,3,0,0.6559,0.6521,2,confusable_offerte_08_gruendung_vr_anon_0119_chunk_0|offerte_08_gruendung_vr_anon_chunk_0|confusable_offerte_08_gruendung_vr_anon_0091_chunk_0,0,0,31.62,0.0,31.62,ollama,True,nicht in den Unterlagen,,
2026-09-09T18:19:58,UNB_04,unbeantwortbar,confusable,200,549,214,1,False,material_fuer_halluzination,True,,confusable_offerte_08_gruendung_vr_anon_0119|confusable_offerte_06_gruendung_klein_anon_0033|confusable_offerte_14_buchhaltung_klein_anon_0097,0.0,0.0,3,0,0.6823,0.6743,3,confusable_offerte_08_gruendung_vr_anon_0119_chunk_0|confusable_offerte_06_gruendung_klein_anon_0033_chunk_0|confusable_offerte_14_buchhaltung_klein_anon_0097_chunk_1,0,0,31.57,0.0,31.57,ollama,True,nicht in den Unterlagen,,
2026-09-09T18:19:58,UNB_05,unbeantwortbar,confusable,200,549,214,1,False,material_fuer_halluzination,True,,confusable_offerte_12_lohn_reinigung_anon_0053|confusable_offerte_14_buchhaltung_klein_anon_0055|confusable_offerte_12_lohn_reinigung_anon_0067,0.0,0.0,3,0,0.6722,0.6706,3,confusable_offerte_12_lohn_reinigung_anon_0053_chunk_0|confusable_offerte_14_buchhaltung_klein_anon_0055_chunk_0|confusable_offerte_12_lohn_reinigung_anon_0067_chunk_0,0,0,31.64,0.0,31.64,ollama,True,nicht in den Unterlagen,,
2026-09-09T18:19:58,LOHN_01,lohn,confusable,200,549,214,2,False,falsche_stelle,False,offerte_01_lohn_gross_anon,offerte_01_lohn_gross_anon|confusable_offerte_01_lohn_gross_anon_0056|confusable_offerte_01_lohn_gross_anon_0126,0.0,0.0,3,1,0.7905,0.7888,2,offerte_01_lohn_gross_anon_chunk_0|confusable_offerte_01_lohn_gross_anon_0056_chunk_0|confusable_offerte_01_lohn_gross_anon_0126_chunk_0,0,0,31.74,0.0,31.74,ollama,True,CHF 680,,
2026-09-09T18:19:58,BUCH_01,buchhaltung,confusable,200,549,214,2,False,fehlgriff_confusable,False,offerte_01_lohn_gross_anon,confusable_offerte_01_lohn_gross_anon_0028|confusable_offerte_08_gruendung_vr_anon_0175|confusable_offerte_01_lohn_gross_anon_0000,0.0,0.0,3,1,0.6622,0.6608,3,confusable_offerte_01_lohn_gross_anon_0028_chunk_1|confusable_offerte_08_gruendung_vr_anon_0175_chunk_0|confusable_offerte_01_lohn_gross_anon_0000_chunk_1,0,0,31.55,0.0,31.55,ollama,True,CHF 12'750 - 15'300,,
2026-09-09T18:19:58,MWST_01,mwst,confusable,200,549,214,2,False,fehlgriff_confusable,False,offerte_01_lohn_gross_anon,confusable_offerte_01_lohn_gross_anon_0126|confusable_offerte_01_lohn_gross_anon_0070|confusable_offerte_01_lohn_gross_anon_0028,0.0,0.0,3,1,0.7993,0.7952,3,confusable_offerte_01_lohn_gross_anon_0126_chunk_0|confusable_offerte_01_lohn_gross_anon_0070_chunk_0|confusable_offerte_01_lohn_gross_anon_0028_chunk_0,0,0,31.58,0.0,31.58,ollama,True,CHF 1'300,,
2026-09-09T18:19:58,STEU_01,steuern,confusable,200,549,214,2,False,fehlgriff_confusable,False,offerte_01_lohn_gross_anon,confusable_offerte_01_lohn_gross_anon_0126|confusable_offerte_01_lohn_gross_anon_0070|confusable_offerte_01_lohn_gross_anon_0028,0.0,0.0,3,1,0.7878,0.7837,3,confusable_offerte_01_lohn_gross_anon_0126_chunk_0|confusable_offerte_01_lohn_gross_anon_0070_chunk_0|confusable_offerte_01_lohn_gross_anon_0028_chunk_0,0,0,32.57,0.0,32.57,ollama,True,CHF 850,,
2026-09-09T18:19:58,SETUP_01,setup,confusable,200,549,214,2,False,falsche_stelle,False,offerte_01_lohn_gross_anon,offerte_01_lohn_gross_anon|confusable_offerte_01_lohn_gross_anon_0056|confusable_offerte_01_lohn_gross_anon_0084,0.0,0.0,3,1,0.7224,0.7133,2,offerte_01_lohn_gross_anon_chunk_0|confusable_offerte_01_lohn_gross_anon_0056_chunk_0|confusable_offerte_01_lohn_gross_anon_0084_chunk_0,0,0,33.17,0.0,33.17,ollama,True,CHF 420,,
2026-09-09T18:19:58,SETUP_02,setup,confusable,200,549,214,2,False,falsche_stelle,False,offerte_01_lohn_gross_anon,offerte_01_lohn_gross_anon|confusable_offerte_01_lohn_gross_anon_0056|confusable_offerte_01_lohn_gross_anon_0084,0.0,0.0,3,1,0.7594,0.7482,2,offerte_01_lohn_gross_anon_chunk_0|confusable_offerte_01_lohn_gross_anon_0056_chunk_0|confusable_offerte_01_lohn_gross_anon_0084_chunk_0,0,0,33.18,0.0,33.18,ollama,True,CHF 640,,
2026-09-09T18:19:58,RATE_01,stundensatz,confusable,200,549,214,2,False,fehlgriff_confusable,False,offerte_01_lohn_gross_anon,confusable_offerte_01_lohn_gross_anon_0126|confusable_offerte_01_lohn_gross_anon_0028|confusable_offerte_01_lohn_gross_anon_0070,0.0,0.0,3,1,0.7872,0.7833,3,confusable_offerte_01_lohn_gross_anon_0126_chunk_0|confusable_offerte_01_lohn_gross_anon_0028_chunk_0|confusable_offerte_01_lohn_gross_anon_0070_chunk_0,0,0,33.09,0.0,33.09,ollama,True,CHF 140,,
2026-09-09T18:19:58,BUCH_02,buchhaltung,confusable,200,549,214,2,False,fehlgriff_confusable,False,offerte_02_accounting_intl_anon,confusable_offerte_05_stiftung_audit_anon_0088|confusable_offerte_07_gruendung_domizil_anon_0160|confusable_offerte_05_stiftung_audit_anon_0186,0.0,0.0,3,1,0.6593,0.6588,3,confusable_offerte_05_stiftung_audit_anon_0088_chunk_2|confusable_offerte_07_gruendung_domizil_anon_0160_chunk_1|confusable_offerte_05_stiftung_audit_anon_0186_chunk_2,0,0,33.12,0.0,33.12,ollama,True,CHF 1'700 - 2'100,,
2026-09-09T18:19:58,LOHN_02,lohn,confusable,200,549,214,2,False,fehlgriff_confusable,False,offerte_02_accounting_intl_anon,confusable_offerte_03_accounting_branch_anon_0198|confusable_offerte_11_swiss_finish_anon_0024|confusable_offerte_03_accounting_branch_anon_0156,0.0,0.0,3,1,0.6224,0.6192,3,confusable_offerte_03_accounting_branch_anon_0198_chunk_0|confusable_offerte_11_swiss_finish_anon_0024_chunk_0|confusable_offerte_03_accounting_branch_anon_0156_chunk_0,0,0,33.12,0.0,33.12,ollama,True,CHF 1'000,,
2026-09-09T18:19:58,SETUP_03,setup,confusable,200,549,214,2,False,falsche_stelle,False,offerte_02_accounting_intl_anon,offerte_02_accounting_intl_anon|confusable_offerte_07_gruendung_domizil_anon_0090|confusable_offerte_07_gruendung_domizil_anon_0188,0.0,0.0,3,1,0.6348,0.6336,2,offerte_02_accounting_intl_anon_chunk_0|confusable_offerte_07_gruendung_domizil_anon_0090_chunk_1|confusable_offerte_07_gruendung_domizil_anon_0188_chunk_1,0,0,33.15,0.0,33.15,ollama,True,CHF 1'300,,
2026-09-09T18:19:58,MWST_02,mwst,confusable,200,549,214,2,False,falsche_stelle,False,offerte_02_accounting_intl_anon,offerte_02_accounting_intl_anon|confusable_offerte_07_gruendung_domizil_anon_0188|confusable_offerte_07_gruendung_domizil_anon_0090,0.0,0.0,3,1,0.6487,0.6463,2,offerte_02_accounting_intl_anon_chunk_0|confusable_offerte_07_gruendung_domizil_anon_0188_chunk_1|confusable_offerte_07_gruendung_domizil_anon_0090_chunk_1,0,0,33.22,0.0,33.22,ollama,True,CHF 850,,
2026-09-09T18:19:58,VERS_01,versicherung,confusable,200,549,214,2,False,falsche_stelle,False,offerte_02_accounting_intl_anon,offerte_11_swiss_finish_anon|confusable_offerte_11_swiss_finish_anon_0010|offerte_02_accounting_intl_anon,0.0,0.0,3,1,0.6259,0.6243,1,offerte_11_swiss_finish_anon_chunk_0|confusable_offerte_11_swiss_finish_anon_0010_chunk_0|offerte_02_accounting_intl_anon_chunk_0,0,0,33.17,0.0,33.17,ollama,True,CHF 850 - 1'700,,
2026-09-09T18:19:58,BUCH_03,buchhaltung,confusable,200,549,214,2,False,falsche_stelle,False,offerte_03_accounting_branch_anon,offerte_03_accounting_branch_anon|confusable_offerte_13_holding_spaltung_anon_0152|confusable_offerte_13_holding_spaltung_anon_0124,0.0,0.0,3,1,0.6963,0.685,2,offerte_03_accounting_branch_anon_chunk_0|confusable_offerte_13_holding_spaltung_anon_0152_chunk_2|confusable_offerte_13_holding_spaltung_anon_0124_chunk_2,0,0,33.2,0.0,33.2,ollama,True,CHF 3'400 - 3'800,,
2026-09-09T18:19:59,SETUP_04,setup,confusable,200,549,214,2,False,falsche_stelle,False,offerte_03_accounting_branch_anon,offerte_03_accounting_branch_anon|confusable_offerte_03_accounting_branch_anon_0170|confusable_offerte_03_accounting_branch_anon_0114,0.0,0.0,3,1,0.6634,0.6473,2,offerte_03_accounting_branch_anon_chunk_0|confusable_offerte_03_accounting_branch_anon_0170_chunk_0|confusable_offerte_03_accounting_branch_anon_0114_chunk_0,0,0,33.17,0.0,33.17,ollama,True,CHF 1'300,,
2026-09-09T18:19:59,STEU_02,steuern,confusable,200,549,214,2,False,falsche_stelle,False,offerte_03_accounting_branch_anon,offerte_03_accounting_branch_anon|confusable_offerte_13_holding_spaltung_anon_0152|confusable_offerte_13_holding_spaltung_anon_0124,0.0,0.0,3,1,0.6383,0.6357,2,offerte_03_accounting_branch_anon_chunk_0|confusable_offerte_13_holding_spaltung_anon_0152_chunk_2|confusable_offerte_13_holding_spaltung_anon_0124_chunk_2,0,0,33.19,0.0,33.19,ollama,True,CHF 850,,
2026-09-09T18:19:59,REV_01,revision,confusable,200,549,214,2,True,richtig,False,offerte_04_revision_anon,offerte_04_revision_anon|confusable_offerte_04_revision_anon_0045|confusable_offerte_04_revision_anon_0031,0.3333,1.0,3,1,0.8388,0.8313,2,offerte_04_revision_anon_chunk_0|confusable_offerte_04_revision_anon_0045_chunk_0|confusable_offerte_04_revision_anon_0031_chunk_0,0,0,33.22,0.0,33.22,ollama,True,CHF 3'250,,
2026-09-09T18:19:59,REV_02,revision,confusable,200,549,214,2,False,fehlgriff_confusable,False,offerte_04_revision_anon,confusable_offerte_14_buchhaltung_klein_anon_0041|confusable_offerte_14_buchhaltung_klein_anon_0069|confusable_offerte_08_gruendung_vr_anon_0021,0.0,0.0,3,1,0.6552,0.652,3,confusable_offerte_14_buchhaltung_klein_anon_0041_chunk_0|confusable_offerte_14_buchhaltung_klein_anon_0069_chunk_0|confusable_offerte_08_gruendung_vr_anon_0021_chunk_0,0,0,33.16,0.0,33.16,ollama,True,CHF 1'300,,
2026-09-09T18:19:59,AUD_01,revision,confusable,200,549,214,2,True,richtig,False,offerte_05_stiftung_audit_anon,offerte_05_stiftung_audit_anon|confusable_offerte_05_stiftung_audit_anon_0144,0.3333,1.0,3,1,0.6236,0.6136,1,offerte_05_stiftung_audit_anon_chunk_0|confusable_offerte_05_stiftung_audit_anon_0144_chunk_0|offerte_05_stiftung_audit_anon_chunk_2,0,0,33.22,0.0,33.22,ollama,True,CHF 1'550 - 2'100,,
2026-09-09T18:19:59,AUD_02,revision,confusable,200,549,214,2,False,fehlgriff_confusable,False,offerte_05_stiftung_audit_anon,confusable_offerte_05_stiftung_audit_anon_0088|confusable_offerte_05_stiftung_audit_anon_0018|confusable_offerte_05_stiftung_audit_anon_0172,0.0,0.0,3,1,0.6709,0.6702,3,confusable_offerte_05_stiftung_audit_anon_0088_chunk_2|confusable_offerte_05_stiftung_audit_anon_0018_chunk_2|confusable_offerte_05_stiftung_audit_anon_0172_chunk_2,0,0,33.17,0.0,33.17,ollama,True,CHF 3'800 - 4'700,,
2026-09-09T18:19:59,LOHN_03,lohn,confusable,200,549,214,2,False,fehlgriff_confusable,False,offerte_05_stiftung_audit_anon,confusable_offerte_05_stiftung_audit_anon_0074|confusable_offerte_05_stiftung_audit_anon_0046|confusable_offerte_05_stiftung_audit_anon_0004,0.0,0.0,3,1,0.6297,0.6283,3,confusable_offerte_05_stiftung_audit_anon_0074_chunk_0|confusable_offerte_05_stiftung_audit_anon_0046_chunk_0|confusable_offerte_05_stiftung_audit_anon_0004_chunk_0,0,0,33.17,0.0,33.17,ollama,True,CHF 760,,
2026-09-09T18:19:59,GRUE_01,gruendung,confusable,200,549,214,2,False,fehlgriff_confusable,False,offerte_06_gruendung_klein_anon,confusable_offerte_08_gruendung_vr_anon_0175|confusable_offerte_06_gruendung_klein_anon_0019|confusable_offerte_08_gruendung_vr_anon_0161,0.0,0.0,3,1,0.7051,0.6965,3,confusable_offerte_08_gruendung_vr_anon_0175_chunk_0|confusable_offerte_06_gruendung_klein_anon_0019_chunk_0|confusable_offerte_08_gruendung_vr_anon_0161_chunk_0,0,0,33.22,0.0,33.22,ollama,True,CHF 1'700,,
2026-09-09T18:19:59,BUCH_04,buchhaltung,confusable,200,549,214,2,False,fehlgriff_confusable,False,offerte_06_gruendung_klein_anon,confusable_offerte_01_lohn_gross_anon_0182|confusable_offerte_01_lohn_gross_anon_0014|confusable_offerte_01_lohn_gross_anon_0112,0.0,0.0,3,1,0.6929,0.6921,3,confusable_offerte_01_lohn_gross_anon_0182_chunk_1|confusable_offerte_01_lohn_gross_anon_0014_chunk_1|confusable_offerte_01_lohn_gross_anon_0112_chunk_1,0,0,34.78,0.0,34.78,ollama,True,CHF 1'700 - 2'550,,
2026-09-09T18:19:59,VERS_02,versicherung,confusable,200,549,214,2,False,fehlgriff_confusable,False,offerte_06_gruendung_klein_anon,confusable_offerte_12_lohn_reinigung_anon_0123|confusable_offerte_12_lohn_reinigung_anon_0095|confusable_offerte_12_lohn_reinigung_anon_0011,0.0,0.0,3,1,0.7189,0.7126,3,confusable_offerte_12_lohn_reinigung_anon_0123_chunk_0|confusable_offerte_12_lohn_reinigung_anon_0095_chunk_0|confusable_offerte_12_lohn_reinigung_anon_0011_chunk_0,0,0,34.43,0.0,34.43,ollama,True,CHF 210,,
2026-09-09T18:19:59,GRUE_02,gruendung,confusable,200,549,214,2,False,fehlgriff_confusable,False,offerte_07_gruendung_domizil_anon,confusable_offerte_07_gruendung_domizil_anon_0188|confusable_offerte_07_gruendung_domizil_anon_0132|confusable_offerte_07_gruendung_domizil_anon_0090,0.0,0.0,3,1,0.6328,0.6327,3,confusable_offerte_07_gruendung_domizil_anon_0188_chunk_1|confusable_offerte_07_gruendung_domizil_anon_0132_chunk_1|confusable_offerte_07_gruendung_domizil_anon_0090_chunk_1,0,0,34.54,0.0,34.54,ollama,True,CHF 2'100,,
2026-09-09T18:19:59,VR_01,verwaltungsrat,confusable,200,549,214,2,False,fehlgriff_confusable,False,offerte_07_gruendung_domizil_anon,confusable_offerte_11_swiss_finish_anon_0178|confusable_offerte_11_swiss_finish_anon_0164|confusable_offerte_11_swiss_finish_anon_0150,0.0,0.0,3,1,0.6293,0.628,3,confusable_offerte_11_swiss_finish_anon_0178_chunk_1|confusable_offerte_11_swiss_finish_anon_0164_chunk_1|confusable_offerte_11_swiss_finish_anon_0150_chunk_1,0,0,34.52,0.0,34.52,ollama,True,CHF 4'250,,
2026-09-09T18:19:59,DOM_01,domizil,confusable,200,549,214,2,False,fehlgriff_confusable,False,offerte_07_gruendung_domizil_anon,confusable_offerte_09_domizil_beratung_anon_0134|confusable_offerte_09_domizil_beratung_anon_0092|confusable_offerte_09_domizil_beratung_anon_0078,0.0,0.0,3,1,0.6626,0.6594,3,confusable_offerte_09_domizil_beratung_anon_0134_chunk_0|confusable_offerte_09_domizil_beratung_anon_0092_chunk_0|confusable_offerte_09_domizil_beratung_anon_0078_chunk_0,0,0,34.98,0.0,34.98,ollama,True,CHF 1'700,,
2026-09-09T18:19:59,VR_02,verwaltungsrat,confusable,200,549,214,2,False,fehlgriff_confusable,False,offerte_08_gruendung_vr_anon,confusable_offerte_08_gruendung_vr_anon_0175|confusable_offerte_08_gruendung_vr_anon_0119|confusable_offerte_08_gruendung_vr_anon_0091,0.0,0.0,3,1,0.6885,0.6837,3,confusable_offerte_08_gruendung_vr_anon_0175_chunk_0|confusable_offerte_08_gruendung_vr_anon_0119_chunk_0|confusable_offerte_08_gruendung_vr_anon_0091_chunk_0,0,0,34.8,0.0,34.8,ollama,True,CHF 5'500,,
2026-09-09T18:19:59,DOM_02,domizil,confusable,200,549,214,2,True,richtig,False,offerte_08_gruendung_vr_anon,offerte_08_gruendung_vr_anon|confusable_offerte_08_gruendung_vr_anon_0119|confusable_offerte_08_gruendung_vr_anon_0035,0.3333,1.0,3,1,0.7624,0.7589,2,offerte_08_gruendung_vr_anon_chunk_0|confusable_offerte_08_gruendung_vr_anon_0119_chunk_0|confusable_offerte_08_gruendung_vr_anon_0035_chunk_0,0,0,34.91,0.0,34.91,ollama,True,CHF 2'100,,
2026-09-09T18:19:59,DOM_03,domizil,confusable,200,549,214,2,False,falsche_stelle,False,offerte_09_domizil_beratung_anon,confusable_offerte_09_domizil_beratung_anon_0176|confusable_offerte_09_domizil_beratung_anon_0078|offerte_09_domizil_beratung_anon,0.0,0.0,3,1,0.6659,0.6624,2,confusable_offerte_09_domizil_beratung_anon_0176_chunk_0|confusable_offerte_09_domizil_beratung_anon_0078_chunk_0|offerte_09_domizil_beratung_anon_chunk_0,0,0,34.72,0.0,34.72,ollama,True,CHF 1'300,,
2026-09-09T18:19:59,DOM_04,domizil,confusable,200,549,214,2,False,falsche_stelle,False,offerte_09_domizil_beratung_anon,confusable_offerte_09_domizil_beratung_anon_0176|confusable_offerte_09_domizil_beratung_anon_0078|offerte_09_domizil_beratung_anon,0.0,0.0,3,1,0.6461,0.6428,2,confusable_offerte_09_domizil_beratung_anon_0176_chunk_0|confusable_offerte_09_domizil_beratung_anon_0078_chunk_0|offerte_09_domizil_beratung_anon_chunk_0,0,0,35.5,0.0,35.5,ollama,True,CHF 3'400,,
2026-09-09T18:19:59,VR_03,verwaltungsrat,confusable,200,549,214,2,False,fehlgriff_confusable,False,offerte_09_domizil_beratung_anon,confusable_offerte_09_domizil_beratung_anon_0064|confusable_offerte_09_domizil_beratung_anon_0162|confusable_offerte_09_domizil_beratung_anon_0134,0.0,0.0,3,1,0.6545,0.6534,3,confusable_offerte_09_domizil_beratung_anon_0064_chunk_0|confusable_offerte_09_domizil_beratung_anon_0162_chunk_0|confusable_offerte_09_domizil_beratung_anon_0134_chunk_0,0,0,34.54,0.0,34.54,ollama,True,CHF 4'250,,
2026-09-09T18:19:59,BUCH_05,buchhaltung,confusable,200,549,214,2,False,fehlgriff_confusable,False,offerte_09_domizil_beratung_anon,confusable_offerte_05_stiftung_audit_anon_0088|confusable_offerte_05_stiftung_audit_anon_0186|confusable_offerte_05_stiftung_audit_anon_0172,0.0,0.0,3,1,0.6539,0.6536,3,confusable_offerte_05_stiftung_audit_anon_0088_chunk_2|confusable_offerte_05_stiftung_audit_anon_0186_chunk_2|confusable_offerte_05_stiftung_audit_anon_0172_chunk_2,0,0,34.44,0.0,34.44,ollama,True,CHF 3'400 - 3'800,,
2026-09-09T18:19:59,BUCH_06,buchhaltung,confusable,200,549,214,2,False,fehlgriff_confusable,False,offerte_10_accounting_medtech_anon,confusable_offerte_07_gruendung_domizil_anon_0188|confusable_offerte_07_gruendung_domizil_anon_0048|confusable_offerte_07_gruendung_domizil_anon_0174,0.0,0.0,3,1,0.6776,0.6773,3,confusable_offerte_07_gruendung_domizil_anon_0188_chunk_1|confusable_offerte_07_gruendung_domizil_anon_0048_chunk_1|confusable_offerte_07_gruendung_domizil_anon_0174_chunk_1,0,0,34.6,0.0,34.6,ollama,True,CHF 3'400 - 3'800,,
2026-09-09T18:19:59,LOHN_04,lohn,confusable,200,549,214,2,False,fehlgriff_confusable,False,offerte_10_accounting_medtech_anon,confusable_offerte_03_accounting_branch_anon_0198|confusable_offerte_11_swiss_finish_anon_0024|confusable_offerte_03_accounting_branch_anon_0156,0.0,0.0,3,1,0.6308,0.6282,3,confusable_offerte_03_accounting_branch_anon_0198_chunk_0|confusable_offerte_11_swiss_finish_anon_0024_chunk_0|confusable_offerte_03_accounting_branch_anon_0156_chunk_0,0,0,34.5,0.0,34.5,ollama,True,CHF 1'000,,
2026-09-09T18:19:59,BUCH_07,buchhaltung,confusable,200,549,214,2,False,fehlgriff_confusable,False,offerte_11_swiss_finish_anon,confusable_offerte_11_swiss_finish_anon_0108|confusable_offerte_11_swiss_finish_anon_0178|confusable_offerte_11_swiss_finish_anon_0080,0.0,0.0,3,1,0.7366,0.7359,3,confusable_offerte_11_swiss_finish_anon_0108_chunk_1|confusable_offerte_11_swiss_finish_anon_0178_chunk_1|confusable_offerte_11_swiss_finish_anon_0080_chunk_1,0,0,34.59,0.0,34.59,ollama,True,CHF 210,,
2026-09-09T18:19:59,MWST_03,mwst,confusable,200,549,214,2,False,falsche_stelle,False,offerte_11_swiss_finish_anon,offerte_11_swiss_finish_anon|confusable_offerte_11_swiss_finish_anon_0010|confusable_offerte_11_swiss_finish_anon_0136,0.0,0.0,3,1,0.6868,0.6763,2,offerte_11_swiss_finish_anon_chunk_0|confusable_offerte_11_swiss_finish_anon_0010_chunk_0|confusable_offerte_11_swiss_finish_anon_0136_chunk_0,0,0,34.56,0.0,34.56,ollama,True,CHF 2'550,,
2026-09-09T18:19:59,SETUP_05,setup,confusable,200,549,214,2,False,falsche_stelle,False,offerte_11_swiss_finish_anon,offerte_11_swiss_finish_anon|confusable_offerte_11_swiss_finish_anon_0024|confusable_offerte_11_swiss_finish_anon_0192,0.0,0.0,3,1,0.6062,0.5919,2,offerte_11_swiss_finish_anon_chunk_0|confusable_offerte_11_swiss_finish_anon_0024_chunk_0|confusable_offerte_11_swiss_finish_anon_0192_chunk_0,0,0,34.61,0.0,34.61,ollama,True,CHF 340,,
2026-09-09T18:19:59,BUCH_08,buchhaltung,confusable,200,549,214,2,False,fehlgriff_confusable,False,offerte_12_lohn_reinigung_anon,confusable_offerte_01_lohn_gross_anon_0056|confusable_offerte_01_lohn_gross_anon_0126|confusable_offerte_01_lohn_gross_anon_0070,0.0,0.0,3,1,0.7422,0.7403,3,confusable_offerte_01_lohn_gross_anon_0056_chunk_0|confusable_offerte_01_lohn_gross_anon_0126_chunk_0|confusable_offerte_01_lohn_gross_anon_0070_chunk_0,0,0,34.56,0.0,34.56,ollama,True,CHF 2'550 - 3'000,,
2026-09-09T18:19:59,LOHN_05,lohn,confusable,200,549,214,2,False,fehlgriff_confusable,False,offerte_12_lohn_reinigung_anon,confusable_offerte_12_lohn_reinigung_anon_0067|confusable_offerte_01_lohn_gross_anon_0056|offerte_01_lohn_gross_anon,0.0,0.0,3,1,0.7723,0.7692,2,confusable_offerte_12_lohn_reinigung_anon_0067_chunk_0|confusable_offerte_01_lohn_gross_anon_0056_chunk_0|offerte_01_lohn_gross_anon_chunk_0,0,0,33.77,0.0,33.77,ollama,True,CHF 600 - 1'000,,
2026-09-09T18:19:59,SETUP_06,setup,confusable,200,549,214,2,False,fehlgriff_confusable,False,offerte_12_lohn_reinigung_anon,offerte_01_lohn_gross_anon|confusable_offerte_01_lohn_gross_anon_0056|confusable_offerte_01_lohn_gross_anon_0084,0.0,0.0,3,1,0.7273,0.7219,2,offerte_01_lohn_gross_anon_chunk_0|confusable_offerte_01_lohn_gross_anon_0056_chunk_0|confusable_offerte_01_lohn_gross_anon_0084_chunk_0,0,0,34.49,0.0,34.49,ollama,True,CHF 420 - 640,,
2026-09-09T18:19:59,BUCH_09,buchhaltung,confusable,200,549,214,2,False,fehlgriff_confusable,False,offerte_13_holding_spaltung_anon,confusable_offerte_05_stiftung_audit_anon_0088|confusable_offerte_05_stiftung_audit_anon_0172|confusable_offerte_05_stiftung_audit_anon_0018,0.0,0.0,3,1,0.6614,0.6611,3,confusable_offerte_05_stiftung_audit_anon_0088_chunk_2|confusable_offerte_05_stiftung_audit_anon_0172_chunk_2|confusable_offerte_05_stiftung_audit_anon_0018_chunk_2,0,0,34.17,0.0,34.17,ollama,True,CHF 2'550 - 3'000,,
2026-09-09T18:19:59,SONST_01,sonstiges,confusable,200,549,214,2,True,richtig,False,offerte_13_holding_spaltung_anon,offerte_13_holding_spaltung_anon|confusable_offerte_13_holding_spaltung_anon_0012|confusable_offerte_13_holding_spaltung_anon_0026,0.3333,1.0,3,1,0.6525,0.6505,2,offerte_13_holding_spaltung_anon_chunk_2|confusable_offerte_13_holding_spaltung_anon_0012_chunk_2|confusable_offerte_13_holding_spaltung_anon_0026_chunk_2,0,0,34.72,0.0,34.72,ollama,True,CHF 1'700,,
2026-09-09T18:20:00,BUCH_10,buchhaltung,confusable,200,549,214,2,False,fehlgriff_confusable,False,offerte_14_buchhaltung_klein_anon,confusable_offerte_01_lohn_gross_anon_0126|confusable_offerte_01_lohn_gross_anon_0028|confusable_offerte_01_lohn_gross_anon_0084,0.0,0.0,3,1,0.6874,0.687,3,confusable_offerte_01_lohn_gross_anon_0126_chunk_1|confusable_offerte_01_lohn_gross_anon_0028_chunk_1|confusable_offerte_01_lohn_gross_anon_0084_chunk_1,0,0,34.81,0.0,34.81,ollama,True,CHF 850 - 1'300,,
2026-09-09T18:20:00,STEU_03,steuern,confusable,200,549,214,2,False,fehlgriff_confusable,False,offerte_14_buchhaltung_klein_anon,confusable_offerte_01_lohn_gross_anon_0126|confusable_offerte_01_lohn_gross_anon_0028|confusable_offerte_01_lohn_gross_anon_0070,0.0,0.0,3,1,0.7839,0.7801,3,confusable_offerte_01_lohn_gross_anon_0126_chunk_0|confusable_offerte_01_lohn_gross_anon_0028_chunk_0|confusable_offerte_01_lohn_gross_anon_0070_chunk_0,0,0,34.1,0.0,34.1,ollama,True,CHF 640,,
2026-09-09T18:20:00,UNB_01,unbeantwortbar,confusable,200,549,214,2,False,material_fuer_halluzination,True,,confusable_offerte_12_lohn_reinigung_anon_0067|confusable_offerte_14_buchhaltung_klein_anon_0055|confusable_offerte_05_stiftung_audit_anon_0018,0.0,0.0,3,0,0.6833,0.6829,3,confusable_offerte_12_lohn_reinigung_anon_0067_chunk_0|confusable_offerte_14_buchhaltung_klein_anon_0055_chunk_0|confusable_offerte_05_stiftung_audit_anon_0018_chunk_0,0,0,34.39,0.0,34.39,ollama,True,nicht in den Unterlagen,,
2026-09-09T18:20:00,UNB_02,unbeantwortbar,confusable,200,549,214,2,False,material_fuer_halluzination,True,,confusable_offerte_01_lohn_gross_anon_0084|confusable_offerte_01_lohn_gross_anon_0056|confusable_offerte_08_gruendung_vr_anon_0119,0.0,0.0,3,0,0.6168,0.6128,3,confusable_offerte_01_lohn_gross_anon_0084_chunk_0|confusable_offerte_01_lohn_gross_anon_0056_chunk_0|confusable_offerte_08_gruendung_vr_anon_0119_chunk_0,0,0,34.14,0.0,34.14,ollama,True,nicht in den Unterlagen,,
2026-09-09T18:20:00,UNB_03,unbeantwortbar,confusable,200,549,214,2,False,material_fuer_halluzination,True,,confusable_offerte_08_gruendung_vr_anon_0119|offerte_08_gruendung_vr_anon|confusable_offerte_08_gruendung_vr_anon_0091,0.0,0.0,3,0,0.6559,0.6521,2,confusable_offerte_08_gruendung_vr_anon_0119_chunk_0|offerte_08_gruendung_vr_anon_chunk_0|confusable_offerte_08_gruendung_vr_anon_0091_chunk_0,0,0,35.22,0.0,35.22,ollama,True,nicht in den Unterlagen,,
2026-09-09T18:20:00,UNB_04,unbeantwortbar,confusable,200,549,214,2,False,material_fuer_halluzination,True,,confusable_offerte_08_gruendung_vr_anon_0119|confusable_offerte_06_gruendung_klein_anon_0033|confusable_offerte_14_buchhaltung_klein_anon_0097,0.0,0.0,3,0,0.6823,0.6743,3,confusable_offerte_08_gruendung_vr_anon_0119_chunk_0|confusable_offerte_06_gruendung_klein_anon_0033_chunk_0|confusable_offerte_14_buchhaltung_klein_anon_0097_chunk_1,0,0,34.63,0.0,34.63,ollama,True,nicht in den Unterlagen,,
2026-09-09T18:20:00,UNB_05,unbeantwortbar,confusable,200,549,214,2,False,material_fuer_halluzination,True,,confusable_offerte_12_lohn_reinigung_anon_0053|confusable_offerte_14_buchhaltung_klein_anon_0055|confusable_offerte_12_lohn_reinigung_anon_0067,0.0,0.0,3,0,0.6722,0.6706,3,confusable_offerte_12_lohn_reinigung_anon_0053_chunk_0|confusable_offerte_14_buchhaltung_klein_anon_0055_chunk_0|confusable_offerte_12_lohn_reinigung_anon_0067_chunk_0,0,0,34.29,0.0,34.29,ollama,True,nicht in den Unterlagen,,
2026-09-09T18:20:00,LOHN_01,lohn,confusable,200,549,214,3,False,falsche_stelle,False,offerte_01_lohn_gross_anon,offerte_01_lohn_gross_anon|confusable_offerte_01_lohn_gross_anon_0056|confusable_offerte_01_lohn_gross_anon_0126,0.0,0.0,3,1,0.7905,0.7888,2,offerte_01_lohn_gross_anon_chunk_0|confusable_offerte_01_lohn_gross_anon_0056_chunk_0|confusable_offerte_01_lohn_gross_anon_0126_chunk_0,0,0,33.23,0.0,33.23,ollama,True,CHF 680,,
2026-09-09T18:20:00,BUCH_01,buchhaltung,confusable,200,549,214,3,False,fehlgriff_confusable,False,offerte_01_lohn_gross_anon,confusable_offerte_01_lohn_gross_anon_0028|confusable_offerte_08_gruendung_vr_anon_0175|confusable_offerte_01_lohn_gross_anon_0000,0.0,0.0,3,1,0.6622,0.6608,3,confusable_offerte_01_lohn_gross_anon_0028_chunk_1|confusable_offerte_08_gruendung_vr_anon_0175_chunk_0|confusable_offerte_01_lohn_gross_anon_0000_chunk_1,0,0,33.31,0.0,33.31,ollama,True,CHF 12'750 - 15'300,,
2026-09-09T18:20:00,MWST_01,mwst,confusable,200,549,214,3,False,fehlgriff_confusable,False,offerte_01_lohn_gross_anon,confusable_offerte_01_lohn_gross_anon_0126|confusable_offerte_01_lohn_gross_anon_0070|confusable_offerte_01_lohn_gross_anon_0028,0.0,0.0,3,1,0.7993,0.7952,3,confusable_offerte_01_lohn_gross_anon_0126_chunk_0|confusable_offerte_01_lohn_gross_anon_0070_chunk_0|confusable_offerte_01_lohn_gross_anon_0028_chunk_0,0,0,33.18,0.0,33.18,ollama,True,CHF 1'300,,
2026-09-09T18:20:00,STEU_01,steuern,confusable,200,549,214,3,False,fehlgriff_confusable,False,offerte_01_lohn_gross_anon,confusable_offerte_01_lohn_gross_anon_0126|confusable_offerte_01_lohn_gross_anon_0070|confusable_offerte_01_lohn_gross_anon_0028,0.0,0.0,3,1,0.7878,0.7837,3,confusable_offerte_01_lohn_gross_anon_0126_chunk_0|confusable_offerte_01_lohn_gross_anon_0070_chunk_0|confusable_offerte_01_lohn_gross_anon_0028_chunk_0,0,0,33.96,0.0,33.96,ollama,True,CHF 850,,
2026-09-09T18:20:00,SETUP_01,setup,confusable,200,549,214,3,False,falsche_stelle,False,offerte_01_lohn_gross_anon,offerte_01_lohn_gross_anon|confusable_offerte_01_lohn_gross_anon_0056|confusable_offerte_01_lohn_gross_anon_0084,0.0,0.0,3,1,0.7224,0.7133,2,offerte_01_lohn_gross_anon_chunk_0|confusable_offerte_01_lohn_gross_anon_0056_chunk_0|confusable_offerte_01_lohn_gross_anon_0084_chunk_0,0,0,33.1,0.0,33.1,ollama,True,CHF 420,,
2026-09-09T18:20:00,SETUP_02,setup,confusable,200,549,214,3,False,falsche_stelle,False,offerte_01_lohn_gross_anon,offerte_01_lohn_gross_anon|confusable_offerte_01_lohn_gross_anon_0056|confusable_offerte_01_lohn_gross_anon_0084,0.0,0.0,3,1,0.7594,0.7482,2,offerte_01_lohn_gross_anon_chunk_0|confusable_offerte_01_lohn_gross_anon_0056_chunk_0|confusable_offerte_01_lohn_gross_anon_0084_chunk_0,0,0,33.79,0.0,33.79,ollama,True,CHF 640,,
2026-09-09T18:20:00,RATE_01,stundensatz,confusable,200,549,214,3,False,fehlgriff_confusable,False,offerte_01_lohn_gross_anon,confusable_offerte_01_lohn_gross_anon_0126|confusable_offerte_01_lohn_gross_anon_0028|confusable_offerte_01_lohn_gross_anon_0070,0.0,0.0,3,1,0.7872,0.7833,3,confusable_offerte_01_lohn_gross_anon_0126_chunk_0|confusable_offerte_01_lohn_gross_anon_0028_chunk_0|confusable_offerte_01_lohn_gross_anon_0070_chunk_0,0,0,33.33,0.0,33.33,ollama,True,CHF 140,,
2026-09-09T18:20:00,BUCH_02,buchhaltung,confusable,200,549,214,3,False,fehlgriff_confusable,False,offerte_02_accounting_intl_anon,confusable_offerte_05_stiftung_audit_anon_0088|confusable_offerte_07_gruendung_domizil_anon_0160|confusable_offerte_05_stiftung_audit_anon_0186,0.0,0.0,3,1,0.6593,0.6588,3,confusable_offerte_05_stiftung_audit_anon_0088_chunk_2|confusable_offerte_07_gruendung_domizil_anon_0160_chunk_1|confusable_offerte_05_stiftung_audit_anon_0186_chunk_2,0,0,33.74,0.0,33.74,ollama,True,CHF 1'700 - 2'100,,
2026-09-09T18:20:00,LOHN_02,lohn,confusable,200,549,214,3,False,fehlgriff_confusable,False,offerte_02_accounting_intl_anon,confusable_offerte_03_accounting_branch_anon_0198|confusable_offerte_11_swiss_finish_anon_0024|confusable_offerte_03_accounting_branch_anon_0156,0.0,0.0,3,1,0.6224,0.6192,3,confusable_offerte_03_accounting_branch_anon_0198_chunk_0|confusable_offerte_11_swiss_finish_anon_0024_chunk_0|confusable_offerte_03_accounting_branch_anon_0156_chunk_0,0,0,34.57,0.0,34.57,ollama,True,CHF 1'000,,
2026-09-09T18:20:00,SETUP_03,setup,confusable,200,549,214,3,False,falsche_stelle,False,offerte_02_accounting_intl_anon,offerte_02_accounting_intl_anon|confusable_offerte_07_gruendung_domizil_anon_0090|confusable_offerte_07_gruendung_domizil_anon_0188,0.0,0.0,3,1,0.6348,0.6336,2,offerte_02_accounting_intl_anon_chunk_0|confusable_offerte_07_gruendung_domizil_anon_0090_chunk_1|confusable_offerte_07_gruendung_domizil_anon_0188_chunk_1,0,0,33.01,0.0,33.01,ollama,True,CHF 1'300,,
2026-09-09T18:20:00,MWST_02,mwst,confusable,200,549,214,3,False,falsche_stelle,False,offerte_02_accounting_intl_anon,offerte_02_accounting_intl_anon|confusable_offerte_07_gruendung_domizil_anon_0188|confusable_offerte_07_gruendung_domizil_anon_0090,0.0,0.0,3,1,0.6487,0.6463,2,offerte_02_accounting_intl_anon_chunk_0|confusable_offerte_07_gruendung_domizil_anon_0188_chunk_1|confusable_offerte_07_gruendung_domizil_anon_0090_chunk_1,0,0,33.32,0.0,33.32,ollama,True,CHF 850,,
2026-09-09T18:20:00,VERS_01,versicherung,confusable,200,549,214,3,False,falsche_stelle,False,offerte_02_accounting_intl_anon,offerte_11_swiss_finish_anon|confusable_offerte_11_swiss_finish_anon_0010|offerte_02_accounting_intl_anon,0.0,0.0,3,1,0.6259,0.6243,1,offerte_11_swiss_finish_anon_chunk_0|confusable_offerte_11_swiss_finish_anon_0010_chunk_0|offerte_02_accounting_intl_anon_chunk_0,0,0,33.45,0.0,33.45,ollama,True,CHF 850 - 1'700,,
2026-09-09T18:20:00,BUCH_03,buchhaltung,confusable,200,549,214,3,False,falsche_stelle,False,offerte_03_accounting_branch_anon,offerte_03_accounting_branch_anon|confusable_offerte_13_holding_spaltung_anon_0152|confusable_offerte_13_holding_spaltung_anon_0124,0.0,0.0,3,1,0.6963,0.685,2,offerte_03_accounting_branch_anon_chunk_0|confusable_offerte_13_holding_spaltung_anon_0152_chunk_2|confusable_offerte_13_holding_spaltung_anon_0124_chunk_2,0,0,33.01,0.0,33.01,ollama,True,CHF 3'400 - 3'800,,
2026-09-09T18:20:00,SETUP_04,setup,confusable,200,549,214,3,False,falsche_stelle,False,offerte_03_accounting_branch_anon,offerte_03_accounting_branch_anon|confusable_offerte_03_accounting_branch_anon_0170|confusable_offerte_03_accounting_branch_anon_0114,0.0,0.0,3,1,0.6634,0.6473,2,offerte_03_accounting_branch_anon_chunk_0|confusable_offerte_03_accounting_branch_anon_0170_chunk_0|confusable_offerte_03_accounting_branch_anon_0114_chunk_0,0,0,32.94,0.0,32.94,ollama,True,CHF 1'300,,
2026-09-09T18:20:00,STEU_02,steuern,confusable,200,549,214,3,False,falsche_stelle,False,offerte_03_accounting_branch_anon,offerte_03_accounting_branch_anon|confusable_offerte_13_holding_spaltung_anon_0152|confusable_offerte_13_holding_spaltung_anon_0124,0.0,0.0,3,1,0.6383,0.6357,2,offerte_03_accounting_branch_anon_chunk_0|confusable_offerte_13_holding_spaltung_anon_0152_chunk_2|confusable_offerte_13_holding_spaltung_anon_0124_chunk_2,0,0,33.0,0.0,33.0,ollama,True,CHF 850,,
2026-09-09T18:20:00,REV_01,revision,confusable,200,549,214,3,True,richtig,False,offerte_04_revision_anon,offerte_04_revision_anon|confusable_offerte_04_revision_anon_0045|confusable_offerte_04_revision_anon_0031,0.3333,1.0,3,1,0.8388,0.8313,2,offerte_04_revision_anon_chunk_0|confusable_offerte_04_revision_anon_0045_chunk_0|confusable_offerte_04_revision_anon_0031_chunk_0,0,0,32.97,0.0,32.97,ollama,True,CHF 3'250,,
2026-09-09T18:20:00,REV_02,revision,confusable,200,549,214,3,False,fehlgriff_confusable,False,offerte_04_revision_anon,confusable_offerte_14_buchhaltung_klein_anon_0041|confusable_offerte_14_buchhaltung_klein_anon_0069|confusable_offerte_08_gruendung_vr_anon_0021,0.0,0.0,3,1,0.6552,0.652,3,confusable_offerte_14_buchhaltung_klein_anon_0041_chunk_0|confusable_offerte_14_buchhaltung_klein_anon_0069_chunk_0|confusable_offerte_08_gruendung_vr_anon_0021_chunk_0,0,0,33.07,0.0,33.07,ollama,True,CHF 1'300,,
2026-09-09T18:20:00,AUD_01,revision,confusable,200,549,214,3,True,richtig,False,offerte_05_stiftung_audit_anon,offerte_05_stiftung_audit_anon|confusable_offerte_05_stiftung_audit_anon_0144,0.3333,1.0,3,1,0.6236,0.6136,1,offerte_05_stiftung_audit_anon_chunk_0|confusable_offerte_05_stiftung_audit_anon_0144_chunk_0|offerte_05_stiftung_audit_anon_chunk_2,0,0,33.19,0.0,33.19,ollama,True,CHF 1'550 - 2'100,,
2026-09-09T18:20:00,AUD_02,revision,confusable,200,549,214,3,False,fehlgriff_confusable,False,offerte_05_stiftung_audit_anon,confusable_offerte_05_stiftung_audit_anon_0088|confusable_offerte_05_stiftung_audit_anon_0018|confusable_offerte_05_stiftung_audit_anon_0172,0.0,0.0,3,1,0.6709,0.6702,3,confusable_offerte_05_stiftung_audit_anon_0088_chunk_2|confusable_offerte_05_stiftung_audit_anon_0018_chunk_2|confusable_offerte_05_stiftung_audit_anon_0172_chunk_2,0,0,33.08,0.0,33.08,ollama,True,CHF 3'800 - 4'700,,
2026-09-09T18:20:00,LOHN_03,lohn,confusable,200,549,214,3,False,fehlgriff_confusable,False,offerte_05_stiftung_audit_anon,confusable_offerte_05_stiftung_audit_anon_0074|confusable_offerte_05_stiftung_audit_anon_0046|confusable_offerte_05_stiftung_audit_anon_0004,0.0,0.0,3,1,0.6297,0.6283,3,confusable_offerte_05_stiftung_audit_anon_0074_chunk_0|confusable_offerte_05_stiftung_audit_anon_0046_chunk_0|confusable_offerte_05_stiftung_audit_anon_0004_chunk_0,0,0,33.07,0.0,33.07,ollama,True,CHF 760,,
2026-09-09T18:20:00,GRUE_01,gruendung,confusable,200,549,214,3,False,fehlgriff_confusable,False,offerte_06_gruendung_klein_anon,confusable_offerte_08_gruendung_vr_anon_0175|confusable_offerte_06_gruendung_klein_anon_0019|confusable_offerte_08_gruendung_vr_anon_0161,0.0,0.0,3,1,0.7051,0.6965,3,confusable_offerte_08_gruendung_vr_anon_0175_chunk_0|confusable_offerte_06_gruendung_klein_anon_0019_chunk_0|confusable_offerte_08_gruendung_vr_anon_0161_chunk_0,0,0,32.91,0.0,32.91,ollama,True,CHF 1'700,,
2026-09-09T18:20:01,BUCH_04,buchhaltung,confusable,200,549,214,3,False,fehlgriff_confusable,False,offerte_06_gruendung_klein_anon,confusable_offerte_01_lohn_gross_anon_0182|confusable_offerte_01_lohn_gross_anon_0014|confusable_offerte_01_lohn_gross_anon_0112,0.0,0.0,3,1,0.6929,0.6921,3,confusable_offerte_01_lohn_gross_anon_0182_chunk_1|confusable_offerte_01_lohn_gross_anon_0014_chunk_1|confusable_offerte_01_lohn_gross_anon_0112_chunk_1,0,0,32.92,0.0,32.92,ollama,True,CHF 1'700 - 2'550,,
2026-09-09T18:20:01,VERS_02,versicherung,confusable,200,549,214,3,False,fehlgriff_confusable,False,offerte_06_gruendung_klein_anon,confusable_offerte_12_lohn_reinigung_anon_0123|confusable_offerte_12_lohn_reinigung_anon_0095|confusable_offerte_12_lohn_reinigung_anon_0011,0.0,0.0,3,1,0.7189,0.7126,3,confusable_offerte_12_lohn_reinigung_anon_0123_chunk_0|confusable_offerte_12_lohn_reinigung_anon_0095_chunk_0|confusable_offerte_12_lohn_reinigung_anon_0011_chunk_0,0,0,33.0,0.0,33.0,ollama,True,CHF 210,,
2026-09-09T18:20:01,GRUE_02,gruendung,confusable,200,549,214,3,False,fehlgriff_confusable,False,offerte_07_gruendung_domizil_anon,confusable_offerte_07_gruendung_domizil_anon_0188|confusable_offerte_07_gruendung_domizil_anon_0132|confusable_offerte_07_gruendung_domizil_anon_0090,0.0,0.0,3,1,0.6328,0.6327,3,confusable_offerte_07_gruendung_domizil_anon_0188_chunk_1|confusable_offerte_07_gruendung_domizil_anon_0132_chunk_1|confusable_offerte_07_gruendung_domizil_anon_0090_chunk_1,0,0,32.99,0.0,32.99,ollama,True,CHF 2'100,,
2026-09-09T18:20:01,VR_01,verwaltungsrat,confusable,200,549,214,3,False,fehlgriff_confusable,False,offerte_07_gruendung_domizil_anon,confusable_offerte_11_swiss_finish_anon_0178|confusable_offerte_11_swiss_finish_anon_0164|confusable_offerte_11_swiss_finish_anon_0150,0.0,0.0,3,1,0.6293,0.628,3,confusable_offerte_11_swiss_finish_anon_0178_chunk_1|confusable_offerte_11_swiss_finish_anon_0164_chunk_1|confusable_offerte_11_swiss_finish_anon_0150_chunk_1,0,0,33.02,0.0,33.02,ollama,True,CHF 4'250,,
2026-09-09T18:20:01,DOM_01,domizil,confusable,200,549,214,3,False,fehlgriff_confusable,False,offerte_07_gruendung_domizil_anon,confusable_offerte_09_domizil_beratung_anon_0134|confusable_offerte_09_domizil_beratung_anon_0092|confusable_offerte_09_domizil_beratung_anon_0078,0.0,0.0,3,1,0.6626,0.6594,3,confusable_offerte_09_domizil_beratung_anon_0134_chunk_0|confusable_offerte_09_domizil_beratung_anon_0092_chunk_0|confusable_offerte_09_domizil_beratung_anon_0078_chunk_0,0,0,33.06,0.0,33.06,ollama,True,CHF 1'700,,
2026-09-09T18:20:01,VR_02,verwaltungsrat,confusable,200,549,214,3,False,fehlgriff_confusable,False,offerte_08_gruendung_vr_anon,confusable_offerte_08_gruendung_vr_anon_0175|confusable_offerte_08_gruendung_vr_anon_0119|confusable_offerte_08_gruendung_vr_anon_0091,0.0,0.0,3,1,0.6885,0.6837,3,confusable_offerte_08_gruendung_vr_anon_0175_chunk_0|confusable_offerte_08_gruendung_vr_anon_0119_chunk_0|confusable_offerte_08_gruendung_vr_anon_0091_chunk_0,0,0,33.04,0.0,33.04,ollama,True,CHF 5'500,,
2026-09-09T18:20:01,DOM_02,domizil,confusable,200,549,214,3,True,richtig,False,offerte_08_gruendung_vr_anon,offerte_08_gruendung_vr_anon|confusable_offerte_08_gruendung_vr_anon_0119|confusable_offerte_08_gruendung_vr_anon_0035,0.3333,1.0,3,1,0.7624,0.7589,2,offerte_08_gruendung_vr_anon_chunk_0|confusable_offerte_08_gruendung_vr_anon_0119_chunk_0|confusable_offerte_08_gruendung_vr_anon_0035_chunk_0,0,0,33.0,0.0,33.0,ollama,True,CHF 2'100,,
2026-09-09T18:20:01,DOM_03,domizil,confusable,200,549,214,3,False,falsche_stelle,False,offerte_09_domizil_beratung_anon,confusable_offerte_09_domizil_beratung_anon_0176|confusable_offerte_09_domizil_beratung_anon_0078|offerte_09_domizil_beratung_anon,0.0,0.0,3,1,0.6659,0.6624,2,confusable_offerte_09_domizil_beratung_anon_0176_chunk_0|confusable_offerte_09_domizil_beratung_anon_0078_chunk_0|offerte_09_domizil_beratung_anon_chunk_0,0,0,32.95,0.0,32.95,ollama,True,CHF 1'300,,
2026-09-09T18:20:01,DOM_04,domizil,confusable,200,549,214,3,False,falsche_stelle,False,offerte_09_domizil_beratung_anon,confusable_offerte_09_domizil_beratung_anon_0176|confusable_offerte_09_domizil_beratung_anon_0078|offerte_09_domizil_beratung_anon,0.0,0.0,3,1,0.6461,0.6428,2,confusable_offerte_09_domizil_beratung_anon_0176_chunk_0|confusable_offerte_09_domizil_beratung_anon_0078_chunk_0|offerte_09_domizil_beratung_anon_chunk_0,0,0,33.01,0.0,33.01,ollama,True,CHF 3'400,,
2026-09-09T18:20:01,VR_03,verwaltungsrat,confusable,200,549,214,3,False,fehlgriff_confusable,False,offerte_09_domizil_beratung_anon,confusable_offerte_09_domizil_beratung_anon_0064|confusable_offerte_09_domizil_beratung_anon_0162|confusable_offerte_09_domizil_beratung_anon_0134,0.0,0.0,3,1,0.6545,0.6534,3,confusable_offerte_09_domizil_beratung_anon_0064_chunk_0|confusable_offerte_09_domizil_beratung_anon_0162_chunk_0|confusable_offerte_09_domizil_beratung_anon_0134_chunk_0,0,0,33.14,0.0,33.14,ollama,True,CHF 4'250,,
2026-09-09T18:20:01,BUCH_05,buchhaltung,confusable,200,549,214,3,False,fehlgriff_confusable,False,offerte_09_domizil_beratung_anon,confusable_offerte_05_stiftung_audit_anon_0088|confusable_offerte_05_stiftung_audit_anon_0186|confusable_offerte_05_stiftung_audit_anon_0172,0.0,0.0,3,1,0.6539,0.6536,3,confusable_offerte_05_stiftung_audit_anon_0088_chunk_2|confusable_offerte_05_stiftung_audit_anon_0186_chunk_2|confusable_offerte_05_stiftung_audit_anon_0172_chunk_2,0,0,33.16,0.0,33.16,ollama,True,CHF 3'400 - 3'800,,
2026-09-09T18:20:01,BUCH_06,buchhaltung,confusable,200,549,214,3,False,fehlgriff_confusable,False,offerte_10_accounting_medtech_anon,confusable_offerte_07_gruendung_domizil_anon_0188|confusable_offerte_07_gruendung_domizil_anon_0048|confusable_offerte_07_gruendung_domizil_anon_0174,0.0,0.0,3,1,0.6776,0.6773,3,confusable_offerte_07_gruendung_domizil_anon_0188_chunk_1|confusable_offerte_07_gruendung_domizil_anon_0048_chunk_1|confusable_offerte_07_gruendung_domizil_anon_0174_chunk_1,0,0,33.2,0.0,33.2,ollama,True,CHF 3'400 - 3'800,,
2026-09-09T18:20:01,LOHN_04,lohn,confusable,200,549,214,3,False,fehlgriff_confusable,False,offerte_10_accounting_medtech_anon,confusable_offerte_03_accounting_branch_anon_0198|confusable_offerte_11_swiss_finish_anon_0024|confusable_offerte_03_accounting_branch_anon_0156,0.0,0.0,3,1,0.6308,0.6282,3,confusable_offerte_03_accounting_branch_anon_0198_chunk_0|confusable_offerte_11_swiss_finish_anon_0024_chunk_0|confusable_offerte_03_accounting_branch_anon_0156_chunk_0,0,0,33.27,0.0,33.27,ollama,True,CHF 1'000,,
2026-09-09T18:20:01,BUCH_07,buchhaltung,confusable,200,549,214,3,False,fehlgriff_confusable,False,offerte_11_swiss_finish_anon,confusable_offerte_11_swiss_finish_anon_0108|confusable_offerte_11_swiss_finish_anon_0178|confusable_offerte_11_swiss_finish_anon_0080,0.0,0.0,3,1,0.7366,0.7359,3,confusable_offerte_11_swiss_finish_anon_0108_chunk_1|confusable_offerte_11_swiss_finish_anon_0178_chunk_1|confusable_offerte_11_swiss_finish_anon_0080_chunk_1,0,0,33.12,0.0,33.12,ollama,True,CHF 210,,
2026-09-09T18:20:01,MWST_03,mwst,confusable,200,549,214,3,False,falsche_stelle,False,offerte_11_swiss_finish_anon,offerte_11_swiss_finish_anon|confusable_offerte_11_swiss_finish_anon_0010|confusable_offerte_11_swiss_finish_anon_0136,0.0,0.0,3,1,0.6868,0.6763,2,offerte_11_swiss_finish_anon_chunk_0|confusable_offerte_11_swiss_finish_anon_0010_chunk_0|confusable_offerte_11_swiss_finish_anon_0136_chunk_0,0,0,33.12,0.0,33.12,ollama,True,CHF 2'550,,
2026-09-09T18:20:01,SETUP_05,setup,confusable,200,549,214,3,False,falsche_stelle,False,offerte_11_swiss_finish_anon,offerte_11_swiss_finish_anon|confusable_offerte_11_swiss_finish_anon_0024|confusable_offerte_11_swiss_finish_anon_0192,0.0,0.0,3,1,0.6062,0.5919,2,offerte_11_swiss_finish_anon_chunk_0|confusable_offerte_11_swiss_finish_anon_0024_chunk_0|confusable_offerte_11_swiss_finish_anon_0192_chunk_0,0,0,33.24,0.0,33.24,ollama,True,CHF 340,,
2026-09-09T18:20:01,BUCH_08,buchhaltung,confusable,200,549,214,3,False,fehlgriff_confusable,False,offerte_12_lohn_reinigung_anon,confusable_offerte_01_lohn_gross_anon_0056|confusable_offerte_01_lohn_gross_anon_0126|confusable_offerte_01_lohn_gross_anon_0070,0.0,0.0,3,1,0.7422,0.7403,3,confusable_offerte_01_lohn_gross_anon_0056_chunk_0|confusable_offerte_01_lohn_gross_anon_0126_chunk_0|confusable_offerte_01_lohn_gross_anon_0070_chunk_0,0,0,33.28,0.0,33.28,ollama,True,CHF 2'550 - 3'000,,
2026-09-09T18:20:01,LOHN_05,lohn,confusable,200,549,214,3,False,fehlgriff_confusable,False,offerte_12_lohn_reinigung_anon,confusable_offerte_12_lohn_reinigung_anon_0067|confusable_offerte_01_lohn_gross_anon_0056|offerte_01_lohn_gross_anon,0.0,0.0,3,1,0.7723,0.7692,2,confusable_offerte_12_lohn_reinigung_anon_0067_chunk_0|confusable_offerte_01_lohn_gross_anon_0056_chunk_0|offerte_01_lohn_gross_anon_chunk_0,0,0,33.37,0.0,33.37,ollama,True,CHF 600 - 1'000,,
2026-09-09T18:20:01,SETUP_06,setup,confusable,200,549,214,3,False,fehlgriff_confusable,False,offerte_12_lohn_reinigung_anon,offerte_01_lohn_gross_anon|confusable_offerte_01_lohn_gross_anon_0056|confusable_offerte_01_lohn_gross_anon_0084,0.0,0.0,3,1,0.7273,0.7219,2,offerte_01_lohn_gross_anon_chunk_0|confusable_offerte_01_lohn_gross_anon_0056_chunk_0|confusable_offerte_01_lohn_gross_anon_0084_chunk_0,0,0,33.17,0.0,33.17,ollama,True,CHF 420 - 640,,
2026-09-09T18:20:01,BUCH_09,buchhaltung,confusable,200,549,214,3,False,fehlgriff_confusable,False,offerte_13_holding_spaltung_anon,confusable_offerte_05_stiftung_audit_anon_0088|confusable_offerte_05_stiftung_audit_anon_0172|confusable_offerte_05_stiftung_audit_anon_0018,0.0,0.0,3,1,0.6614,0.6611,3,confusable_offerte_05_stiftung_audit_anon_0088_chunk_2|confusable_offerte_05_stiftung_audit_anon_0172_chunk_2|confusable_offerte_05_stiftung_audit_anon_0018_chunk_2,0,0,33.12,0.0,33.12,ollama,True,CHF 2'550 - 3'000,,
2026-09-09T18:20:01,SONST_01,sonstiges,confusable,200,549,214,3,True,richtig,False,offerte_13_holding_spaltung_anon,offerte_13_holding_spaltung_anon|confusable_offerte_13_holding_spaltung_anon_0012|confusable_offerte_13_holding_spaltung_anon_0026,0.3333,1.0,3,1,0.6525,0.6505,2,offerte_13_holding_spaltung_anon_chunk_2|confusable_offerte_13_holding_spaltung_anon_0012_chunk_2|confusable_offerte_13_holding_spaltung_anon_0026_chunk_2,0,0,33.24,0.0,33.24,ollama,True,CHF 1'700,,
2026-09-09T18:20:01,BUCH_10,buchhaltung,confusable,200,549,214,3,False,fehlgriff_confusable,False,offerte_14_buchhaltung_klein_anon,confusable_offerte_01_lohn_gross_anon_0126|confusable_offerte_01_lohn_gross_anon_0028|confusable_offerte_01_lohn_gross_anon_0084,0.0,0.0,3,1,0.6874,0.687,3,confusable_offerte_01_lohn_gross_anon_0126_chunk_1|confusable_offerte_01_lohn_gross_anon_0028_chunk_1|confusable_offerte_01_lohn_gross_anon_0084_chunk_1,0,0,33.19,0.0,33.19,ollama,True,CHF 850 - 1'300,,
2026-09-09T18:20:01,STEU_03,steuern,confusable,200,549,214,3,False,fehlgriff_confusable,False,offerte_14_buchhaltung_klein_anon,confusable_offerte_01_lohn_gross_anon_0126|confusable_offerte_01_lohn_gross_anon_0028|confusable_offerte_01_lohn_gross_anon_0070,0.0,0.0,3,1,0.7839,0.7801,3,confusable_offerte_01_lohn_gross_anon_0126_chunk_0|confusable_offerte_01_lohn_gross_anon_0028_chunk_0|confusable_offerte_01_lohn_gross_anon_0070_chunk_0,0,0,33.19,0.0,33.19,ollama,True,CHF 640,,
2026-09-09T18:20:01,UNB_01,unbeantwortbar,confusable,200,549,214,3,False,material_fuer_halluzination,True,,confusable_offerte_12_lohn_reinigung_anon_0067|confusable_offerte_14_buchhaltung_klein_anon_0055|confusable_offerte_05_stiftung_audit_anon_0018,0.0,0.0,3,0,0.6833,0.6829,3,confusable_offerte_12_lohn_reinigung_anon_0067_chunk_0|confusable_offerte_14_buchhaltung_klein_anon_0055_chunk_0|confusable_offerte_05_stiftung_audit_anon_0018_chunk_0,0,0,33.23,0.0,33.23,ollama,True,nicht in den Unterlagen,,
2026-09-09T18:20:01,UNB_02,unbeantwortbar,confusable,200,549,214,3,False,material_fuer_halluzination,True,,confusable_offerte_01_lohn_gross_anon_0084|confusable_offerte_01_lohn_gross_anon_0056|confusable_offerte_08_gruendung_vr_anon_0119,0.0,0.0,3,0,0.6168,0.6128,3,confusable_offerte_01_lohn_gross_anon_0084_chunk_0|confusable_offerte_01_lohn_gross_anon_0056_chunk_0|confusable_offerte_08_gruendung_vr_anon_0119_chunk_0,0,0,33.13,0.0,33.13,ollama,True,nicht in den Unterlagen,,
2026-09-09T18:20:01,UNB_03,unbeantwortbar,confusable,200,549,214,3,False,material_fuer_halluzination,True,,confusable_offerte_08_gruendung_vr_anon_0119|offerte_08_gruendung_vr_anon|confusable_offerte_08_gruendung_vr_anon_0091,0.0,0.0,3,0,0.6559,0.6521,2,confusable_offerte_08_gruendung_vr_anon_0119_chunk_0|offerte_08_gruendung_vr_anon_chunk_0|confusable_offerte_08_gruendung_vr_anon_0091_chunk_0,0,0,33.14,0.0,33.14,ollama,True,nicht in den Unterlagen,,
2026-09-09T18:20:01,UNB_04,unbeantwortbar,confusable,200,549,214,3,False,material_fuer_halluzination,True,,confusable_offerte_08_gruendung_vr_anon_0119|confusable_offerte_06_gruendung_klein_anon_0033|confusable_offerte_14_buchhaltung_klein_anon_0097,0.0,0.0,3,0,0.6823,0.6743,3,confusable_offerte_08_gruendung_vr_anon_0119_chunk_0|confusable_offerte_06_gruendung_klein_anon_0033_chunk_0|confusable_offerte_14_buchhaltung_klein_anon_0097_chunk_1,0,0,33.11,0.0,33.11,ollama,True,nicht in den Unterlagen,,
2026-09-09T18:20:01,UNB_05,unbeantwortbar,confusable,200,549,214,3,False,material_fuer_halluzination,True,,confusable_offerte_12_lohn_reinigung_anon_0053|confusable_offerte_14_buchhaltung_klein_anon_0055|confusable_offerte_12_lohn_reinigung_anon_0067,0.0,0.0,3,0,0.6722,0.6706,3,confusable_offerte_12_lohn_reinigung_anon_0053_chunk_0|confusable_offerte_14_buchhaltung_klein_anon_0055_chunk_0|confusable_offerte_12_lohn_reinigung_anon_0067_chunk_0,0,0,33.14,0.0,33.14,ollama,True,nicht in den Unterlagen,,
